Device,Management IP,Interface,Interface Status,Admin Status,Operational Status,Decom/Scream Test Candidate,Score Rate,VLAN,Mode,Native VLAN,Allowed VLANs,Circuit Vendor,Circuit IDs,Circuit Type,Circuit Directly Attached,Matched Keywords,Description,MAC Count,MAC Addresses,MAC Vendor,Device Type,Notes
DDC1-ISP-DSW1,DDC1-ISP-DSW1,Eth1/1,connected,up,up,No,0,trunk,trunk,1,,Unknown,,,DDC1-ISP-FW1,ISP,DDC1-ISP-FW1 Eth23,0,,Unknown,Unknown,Vendor Unknown; Circuit ID Missing; No MAC Addresses Learned
DDC1-ISP-DSW1,DDC1-ISP-DSW1,Eth1/2,connected,up,up,No,0,trunk,trunk,1,,Unknown,,,DDC1-ISP-FW7,ISP,DDC1-ISP-FW7 Eth1/1,0,,Unknown,Unknown,Vendor Unknown; Circuit ID Missing; No MAC Addresses Learned
DDC1-ISP-DSW1,DDC1-ISP-DSW1,Eth1/4,ChannelDown,up,down,Yes,1,trunk,trunk,1,,Unknown,,,DDC1-PCIDMZ-DFW1,,DDC1-PCIDMZ-DFW1 Eth1/3,0,,Unknown,Unknown,Interface Down; Vendor Unknown; Circuit ID Missing; No MAC Addresses Learned
DDC1-ISP-DSW1,DDC1-ISP-DSW1,Eth1/5,connected,up,up,No,0,trunk,trunk,1,,Unknown,,,CMM_FW1,,CMM_FW1,0,,Unknown,Unknown,Vendor Unknown; Circuit ID Missing; No MAC Addresses Learned
DDC1-ISP-DSW1,DDC1-ISP-DSW1,Eth1/6,connected,up,up,No,0,trunk,trunk,1,,Unknown,,,CMM_FW1,,CMM_FW1,0,,Unknown,Unknown,Vendor Unknown; Circuit ID Missing; No MAC Addresses Learned
DDC1-ISP-DSW1,DDC1-ISP-DSW1,Eth1/7,connected,up,up,No,0,trunk,trunk,1,,Unknown,,,DDC1-B2B-FW5,B2B,DDC1-B2B-FW5 E1/19,0,,Unknown,Unknown,Vendor Unknown; Circuit ID Missing; No MAC Addresses Learned
DDC1-ISP-DSW1,DDC1-ISP-DSW1,Eth1/8,notconnec,up,down,Yes,1,30,access,1,,Unknown,,,DDC1-USONME-FW1,,DDC1-USONME-FW1 Ten2/0 mon,0,,Unknown,Unknown,Interface Down; Vendor Unknown; Circuit ID Missing; No MAC Addresses Learned
DDC1-ISP-DSW1,DDC1-ISP-DSW1,Eth1/9,notconnec,up,down,Yes,1,7,access,1,,Unknown,,,DDC1-PRXY-FW1,,DDC1-PRXY-FW1 Eth2/1,0,,Unknown,Unknown,Interface Down; Vendor Unknown; Circuit ID Missing; No MAC Addresses Learned
DDC1-ISP-DSW1,DDC1-ISP-DSW1,Eth1/10,notconnec,up,down,Yes,1,1,access,1,,Unknown,,,DDC1-MDFA1-IDS2,,DDC1-MDFA1-IDS2 ETH3,0,,Unknown,Unknown,Interface Down; Vendor Unknown; Circuit ID Missing; No MAC Addresses Learned
DDC1-ISP-DSW1,DDC1-ISP-DSW1,Eth1/11,connected,up,up,No,0,trunk,trunk,1,,Unknown,,,DDC-ISP-FW5,ISP,DDC-ISP-FW5 E1/5,4,,Palo Alto Networks,Network Device,Vendor Unknown; Circuit ID Missing
DDC1-ISP-DSW1,DDC1-ISP-DSW1,Eth1/12,connected,up,up,Yes,0,trunk,trunk,1,,Unknown,,,DDC1-SCS-FW1,,DDC1-SCS-FW1 Eth1/6,1,b40c.25e5.0045,Palo Alto Networks,Network Device,Vendor Unknown; Circuit ID Missing
DDC1-ISP-DSW1,DDC1-ISP-DSW1,Eth1/13,connected,up,up,No,0,trunk,trunk,1,,Unknown,,,DDC1-PCIDMZ-DFW1,,DDC1-PCIDMZ-DFW1 Eth1/6,3,,Palo Alto Networks,Network Device,Vendor Unknown; Circuit ID Missing
DDC1-ISP-DSW1,DDC1-ISP-DSW1,Eth1/14,connected,up,up,No,0,6,access,1,,Unknown,,,To,PA,To PA DDC1-SMO-FW1 trust e1/9,0,,Unknown,Unknown,Vendor Unknown; Circuit ID Missing; No MAC Addresses Learned
DDC1-ISP-DSW1,DDC1-ISP-DSW1,Eth1/15,connected,up,up,No,0,6,access,1,,Unknown,,,To,PA,To PA DDC1-SMO-FW1 trust e1/10,0,,Unknown,Unknown,Vendor Unknown; Circuit ID Missing; No MAC Addresses Learned
DDC1-ISP-DSW1,DDC1-ISP-DSW1,Eth1/16,connected,up,up,Yes,0,40,access,1,,Unknown,,,DDC1-ISP-FW5,"ISP,PRISMA",DDC1-ISP-FW5 Eth1/10-prisma-access,1,b40c.25ea.8049,Palo Alto Networks,Network Device,Vendor Unknown; Circuit ID Missing
DDC1-ISP-DSW1,DDC1-ISP-DSW1,Eth1/17,sfpabsent,up,down,Yes,1,routed,,,,Unknown,,,--,,--,0,,Unknown,Unknown,Interface Down; Vendor Unknown; Circuit ID Missing; No MAC Addresses Learned
DDC1-ISP-DSW1,DDC1-ISP-DSW1,Eth1/18,connected,up,up,No,0,30,access,1,,Unknown,,,DDC1-USONME-FW3,,DDC1-USONME-FW3 E1/7,0,,Unknown,Unknown,Vendor Unknown; Circuit ID Missing; No MAC Addresses Learned
DDC1-ISP-DSW1,DDC1-ISP-DSW1,Eth1/19,connected,up,up,No,0,1710,access,1,,Unknown,,,DDC1-USON-FW5,,DDC1-USON-FW5 E9 AE3,0,,Unknown,Unknown,Vendor Unknown; Circuit ID Missing; No MAC Addresses Learned
DDC1-ISP-DSW1,DDC1-ISP-DSW1,Eth1/20,connected,up,up,No,0,1710,access,1,,Unknown,,,DDC1-USON-FW5,,DDC1-USON-FW5 E10 AE3,0,,Unknown,Unknown,Vendor Unknown; Circuit ID Missing; No MAC Addresses Learned
DDC1-ISP-DSW1,DDC1-ISP-DSW1,Eth1/21,connected,up,up,No,0,1,fex-fabric,1,,Unknown,,,--,,--,0,,Unknown,Unknown,Vendor Unknown; Circuit ID Missing; No MAC Addresses Learned
DDC1-ISP-DSW1,DDC1-ISP-DSW1,Eth1/22,connected,up,up,No,0,1,fex-fabric,1,,Unknown,,,--,,--,0,,Unknown,Unknown,Vendor Unknown; Circuit ID Missing; No MAC Addresses Learned
DDC1-ISP-DSW1,DDC1-ISP-DSW1,Eth1/23,connected,up,up,No,0,routed,,,,Unknown,,,DDC1-MDFE1-COR1,,DDC1-MDFE1-COR1,0,,Unknown,Unknown,Vendor Unknown; Circuit ID Missing; No MAC Addresses Learned
DDC1-ISP-DSW1,DDC1-ISP-DSW1,Eth1/24,connected,up,up,No,0,trunk,trunk,1,,Unknown,,,DDC1-ISP-DSW2,ISP,DDC1-ISP-DSW2 Eth1/24,0,,Unknown,Unknown,Vendor Unknown; Circuit ID Missing; No MAC Addresses Learned
DDC1-ISP-DSW1,DDC1-ISP-DSW1,Eth2/1,connected,up,up,No,0,trunk,trunk,1,,Unknown,,,DDC1-ISP-FW1,ISP,DDC1-ISP-FW1 Eth24,0,,Unknown,Unknown,Vendor Unknown; Circuit ID Missing; No MAC Addresses Learned
DDC1-ISP-DSW1,DDC1-ISP-DSW1,Eth2/2,connected,up,up,No,0,trunk,trunk,1,,Unknown,,,DDC1-ISP-FW7,ISP,DDC1-ISP-FW7 Eth1/2,0,,Unknown,Unknown,Vendor Unknown; Circuit ID Missing; No MAC Addresses Learned
DDC1-ISP-DSW1,DDC1-ISP-DSW1,Eth2/4,ChannelDown,up,down,Yes,1,trunk,trunk,1,,Unknown,,,DDC1-PCIDMZ-DFW1,,DDC1-PCIDMZ-DFW1 Eth1/4,0,,Unknown,Unknown,Interface Down; Vendor Unknown; Circuit ID Missing; No MAC Addresses Learned
DDC1-ISP-DSW1,DDC1-ISP-DSW1,Eth2/6,notconnec,up,down,Yes,1,trunk,trunk,1,,Unknown,,,DDC-ISP-FW5,ISP,DDC-ISP-FW5 Eth2/2,0,,Unknown,Unknown,Interface Down; Vendor Unknown; Circuit ID Missing; No MAC Addresses Learned
DDC1-ISP-DSW1,DDC1-ISP-DSW1,Eth2/7,connected,up,up,No,0,trunk,trunk,1,,Unknown,,,DDC1-B2B-FW5,B2B,DDC1-B2B-FW5 E1/20,0,,Unknown,Unknown,Vendor Unknown; Circuit ID Missing; No MAC Addresses Learned
DDC1-ISP-DSW1,DDC1-ISP-DSW1,Eth2/8,notconnec,up,down,Yes,1,51,access,1,,Unknown,,,DDCPROXY07,,DDCPROXY07 LAN - mon,0,,Unknown,Unknown,Interface Down; Vendor Unknown; Circuit ID Missing; No MAC Addresses Learned
DDC1-ISP-DSW1,DDC1-ISP-DSW1,Eth2/10,notconnec,up,down,Yes,1,51,access,1,,Unknown,,,DDCPROXY,,DDCPROXY AV1 mon,0,,Unknown,Unknown,Interface Down; Vendor Unknown; Circuit ID Missing; No MAC Addresses Learned
DDC1-ISP-DSW1,DDC1-ISP-DSW1,Eth2/11,sfpabsent,up,down,Yes,1,routed,,,,Unknown,,,--,,--,0,,Unknown,Unknown,Interface Down; Vendor Unknown; Circuit ID Missing; No MAC Addresses Learned
DDC1-ISP-DSW1,DDC1-ISP-DSW1,Eth2/12,notconnec,up,down,Yes,1,51,access,1,,Unknown,,,DDCPROXYMGMT,,DDCPROXYMGMT mon,0,,Unknown,Unknown,Interface Down; Vendor Unknown; Circuit ID Missing; No MAC Addresses Learned
DDC1-ISP-DSW1,DDC1-ISP-DSW1,Eth2/13,notconnec,up,down,Yes,1,51,access,1,,Unknown,,,DDCPROXY12,,DDCPROXY12 mon,0,,Unknown,Unknown,Interface Down; Vendor Unknown; Circuit ID Missing; No MAC Addresses Learned
DDC1-ISP-DSW1,DDC1-ISP-DSW1,Eth2/14,notconnec,up,down,Yes,1,51,access,1,,Unknown,,,DDCPROXY01,,DDCPROXY01 LAN mon,0,,Unknown,Unknown,Interface Down; Vendor Unknown; Circuit ID Missing; No MAC Addresses Learned
DDC1-ISP-DSW1,DDC1-ISP-DSW1,Eth2/15,notconnec,up,down,Yes,1,1,access,1,,Unknown,,,DDC1-SPN-XSW4,,DDC1-SPN-XSW4 Port9,0,,Unknown,Unknown,Interface Down; Vendor Unknown; Circuit ID Missing; No MAC Addresses Learned
DDC1-ISP-DSW1,DDC1-ISP-DSW1,Eth2/16,connected,up,up,No,0,1,access,1,,Unknown,,,DDC1-BMF-LSW1-port19-BIGSWITCH,,DDC1-BMF-LSW1-port19-BIGSWITCH,0,,Unknown,Unknown,Vendor Unknown; Circuit ID Missing; No MAC Addresses Learned
DDC1-ISP-DSW1,DDC1-ISP-DSW1,Eth2/17,sfpabsent,up,down,Yes,1,routed,,,,Unknown,,,--,,--,0,,Unknown,Unknown,Interface Down; Vendor Unknown; Circuit ID Missing; No MAC Addresses Learned
DDC1-ISP-DSW1,DDC1-ISP-DSW1,Eth2/18,connected,up,up,No,0,30,access,1,,Unknown,,,DDC1-USONME-FW3,,DDC1-USONME-FW3 E1/11 Agg3,0,,Unknown,Unknown,Vendor Unknown; Circuit ID Missing; No MAC Addresses Learned
DDC1-ISP-DSW1,DDC1-ISP-DSW1,Eth2/19,sfpabsent,up,down,Yes,1,routed,,,,Unknown,,,--,,--,0,,Unknown,Unknown,Interface Down; Vendor Unknown; Circuit ID Missing; No MAC Addresses Learned
DDC1-ISP-DSW1,DDC1-ISP-DSW1,Eth2/20,connected,up,up,No,0,9,access,1,,Unknown,,,DC1-EXT1-FW1,,DC1-EXT1-FW1 E1/6(vSys-MHS-FW1),0,,Unknown,Unknown,Vendor Unknown; Circuit ID Missing; No MAC Addresses Learned
DDC1-ISP-DSW1,DDC1-ISP-DSW1,Eth2/21,connected,up,up,No,0,1,fex-fabric,1,,Unknown,,,--,,--,0,,Unknown,Unknown,Vendor Unknown; Circuit ID Missing; No MAC Addresses Learned
DDC1-ISP-DSW1,DDC1-ISP-DSW1,Eth2/22,connected,up,up,No,0,1,fex-fabric,1,,Unknown,,,--,,--,0,,Unknown,Unknown,Vendor Unknown; Circuit ID Missing; No MAC Addresses Learned
DDC1-ISP-DSW1,DDC1-ISP-DSW1,Eth2/23,connected,up,up,No,0,17,access,1,,Unknown,,,DDCEXTFW1,,DDCEXTFW1 Eth1/5,0,,Unknown,Unknown,Vendor Unknown; Circuit ID Missing; No MAC Addresses Learned
DDC1-ISP-DSW1,DDC1-ISP-DSW1,Eth2/24,connected,up,up,No,0,trunk,trunk,1,,Unknown,,,DDC1-ISP-DSW2,ISP,DDC1-ISP-DSW2 Eth2/24,0,,Unknown,Unknown,Vendor Unknown; Circuit ID Missing; No MAC Addresses Learned
DDC1-ISP-DSW1,DDC1-ISP-DSW1,Eth101/1/1,notconnec,up,down,Yes,1,15,access,1,,Unknown,,,DDCASPFW1,,DDCASPFW1 Eth1/2,0,,Unknown,Unknown,Interface Down; Vendor Unknown; Circuit ID Missing; No MAC Addresses Learned
DDC1-ISP-DSW1,DDC1-ISP-DSW1,Eth101/1/2,notconnec,up,down,Yes,1,11,access,1,,Unknown,,,DDC1-B2B-FW1,B2B,DDC1-B2B-FW1 Eth1,0,,Unknown,Unknown,Interface Down; Vendor Unknown; Circuit ID Missing; No MAC Addresses Learned
DDC1-ISP-DSW1,DDC1-ISP-DSW1,Eth101/1/6,connected,up,up,Yes,0,14,access,1,,Unknown,,,DDC1-B2B-FW3,B2B,DDC1-B2B-FW3 Eth1/2,2,"0010.dbba.8a08, 0010.dbff.e080",Juniper Networks,Network Device,Vendor Unknown; Circuit ID Missing
DDC1-ISP-DSW1,DDC1-ISP-DSW1,Eth101/1/7,notconnec,up,down,Yes,1,10,access,1,,Unknown,,,DDCVPNFW1,,DDCVPNFW1 Eth1 mon,0,,Unknown,Unknown,Interface Down; Vendor Unknown; Circuit ID Missing; No MAC Addresses Learned
DDC1-ISP-DSW1,DDC1-ISP-DSW1,Eth101/1/8,connected,up,up,No,0,routed,,,,Unknown,,,DDC1-VPN-GRT2,VPN,DDC1-VPN-GRT2 G0/0,0,,Unknown,Unknown,Vendor Unknown; Circuit ID Missing; No MAC Addresses Learned
DDC1-ISP-DSW1,DDC1-ISP-DSW1,Eth101/1/10,notconnec,up,down,Yes,1,routed,,,,Unknown,,,AxisPointHelath,,AxisPointHelath ASAFW Gig0/1,0,,Unknown,Unknown,Interface Down; Vendor Unknown; Circuit ID Missing; No MAC Addresses Learned
DDC1-ISP-DSW1,DDC1-ISP-DSW1,Eth101/1/11,notconnec,up,down,Yes,1,51,access,1,,Unknown,,,BU9000,,BU9000 DDCAP60039 ICAP,0,,Unknown,Unknown,Interface Down; Vendor Unknown; Circuit ID Missing; No MAC Addresses Learned
DDC1-ISP-DSW1,DDC1-ISP-DSW1,Eth101/1/13,notconnec,up,down,Yes,1,trunk,trunk,1,,Unknown,,,DDC1-ACCESSLAB-FW1,,DDC1-ACCESSLAB-FW1 Eth1/1,0,,Unknown,Unknown,Interface Down; Vendor Unknown; Circuit ID Missing; No MAC Addresses Learned
DDC1-ISP-DSW1,DDC1-ISP-DSW1,Eth101/1/14,notconnec,up,down,Yes,1,trunk,trunk,1,,Unknown,,,DDC1-ACCESSLAB-FW1,,DDC1-ACCESSLAB-FW1 Eth1/2,0,,Unknown,Unknown,Interface Down; Vendor Unknown; Circuit ID Missing; No MAC Addresses Learned
DDC1-ISP-DSW1,DDC1-ISP-DSW1,Eth101/1/15,connected,up,up,Yes,0,160,access,1,,Unknown,,,DDC1-NMGT-FNS1,,DDC1-NMGT-FNS1 LAN1,1,ac1f.6b75.ebd7,"Super Micro Computer, Inc.",Unknown,Vendor Unknown; Circuit ID Missing
DDC1-ISP-DSW1,DDC1-ISP-DSW1,Eth101/1/16,connected,up,up,No,0,160,access,1,,Unknown,,,DDC1-NMGT-FNS1,,DDC1-NMGT-FNS1 HA,0,,Unknown,Unknown,Vendor Unknown; Circuit ID Missing; No MAC Addresses Learned
DDC1-ISP-DSW1,DDC1-ISP-DSW1,Eth101/1/17,notconnec,up,down,Yes,1,31,access,1,,Unknown,,,DDC1-AZUREB2B-FW1,,DDC1-AZUREB2B-FW1 Eth0/8,0,,Unknown,Unknown,Interface Down; Vendor Unknown; Circuit ID Missing; No MAC Addresses Learned
DDC1-ISP-DSW1,DDC1-ISP-DSW1,Eth101/1/18,notconnec,up,down,Yes,1,trunk,trunk,1,,Unknown,,,DDC1-SGA-AFW1,,DDC1-SGA-AFW1 Eth0/0,0,,Unknown,Unknown,Interface Down; Vendor Unknown; Circuit ID Missing; No MAC Addresses Learned
DDC1-ISP-DSW2,DDC1-ISP-DSW2,Eth1/1,connected,up,up,No,0,trunk,trunk,1,,Unknown,,,DDC1-ISP-FW2,ISP,DDC1-ISP-FW2 Eth23,0,,Unknown,Unknown,Vendor Unknown; Circuit ID Missing; No MAC Addresses Learned
DDC1-ISP-DSW2,DDC1-ISP-DSW2,Eth1/2,connected,up,up,No,0,trunk,trunk,1,,Unknown,,,DDC1-ISP-FW8,ISP,DDC1-ISP-FW8 Eth1/1,0,,Unknown,Unknown,Vendor Unknown; Circuit ID Missing; No MAC Addresses Learned
DDC1-ISP-DSW2,DDC1-ISP-DSW2,Eth1/4,ChannelDown,up,down,Yes,1,trunk,trunk,1,,Unknown,,,DDC1-PCIDMZ-DFW2,,DDC1-PCIDMZ-DFW2 Eth1/3,0,,Unknown,Unknown,Interface Down; Vendor Unknown; Circuit ID Missing; No MAC Addresses Learned
DDC1-ISP-DSW2,DDC1-ISP-DSW2,Eth1/5,connected,up,up,No,0,trunk,trunk,1,,Unknown,,,CMM_FW2,,CMM_FW2,0,,Unknown,Unknown,Vendor Unknown; Circuit ID Missing; No MAC Addresses Learned
DDC1-ISP-DSW2,DDC1-ISP-DSW2,Eth1/6,connected,up,up,No,0,trunk,trunk,1,,Unknown,,,TEMP,,TEMP CMM_FW2,0,,Unknown,Unknown,Vendor Unknown; Circuit ID Missing; No MAC Addresses Learned
DDC1-ISP-DSW2,DDC1-ISP-DSW2,Eth1/7,connected,up,up,No,0,trunk,trunk,1,,Unknown,,,DDC1-B2B-FW6,B2B,DDC1-B2B-FW6 E1/19,0,,Unknown,Unknown,Vendor Unknown; Circuit ID Missing; No MAC Addresses Learned
DDC1-ISP-DSW2,DDC1-ISP-DSW2,Eth1/8,notconnec,up,down,Yes,1,30,access,1,,Unknown,,,DDC1-USONME-FW2,,DDC1-USONME-FW2 Ten2/0 mon,0,,Unknown,Unknown,Interface Down; Vendor Unknown; Circuit ID Missing; No MAC Addresses Learned
DDC1-ISP-DSW2,DDC1-ISP-DSW2,Eth1/9,notconnec,up,down,Yes,1,7,access,1,,Unknown,,,DDC1-PRXY-FW2,,DDC1-PRXY-FW2 Eth2/1,0,,Unknown,Unknown,Interface Down; Vendor Unknown; Circuit ID Missing; No MAC Addresses Learned
DDC1-ISP-DSW2,DDC1-ISP-DSW2,Eth1/10,notconnec,up,down,Yes,1,1,access,1,,Unknown,,,DDC1-MDFA1-IDS2,,DDC1-MDFA1-IDS2 ETH4,0,,Unknown,Unknown,Interface Down; Vendor Unknown; Circuit ID Missing; No MAC Addresses Learned
DDC1-ISP-DSW2,DDC1-ISP-DSW2,Eth1/11,connected,up,up,No,0,trunk,trunk,1,,Unknown,,,DDC-ISP-FW6,ISP,DDC-ISP-FW6 Eth1/5,0,,Unknown,Unknown,Vendor Unknown; Circuit ID Missing; No MAC Addresses Learned
DDC1-ISP-DSW2,DDC1-ISP-DSW2,Eth1/12,connected,up,up,No,0,trunk,trunk,1,,Unknown,,,DDC1-SCS-FW2,,DDC1-SCS-FW2 Eth1/6,0,,Unknown,Unknown,Vendor Unknown; Circuit ID Missing; No MAC Addresses Learned
DDC1-ISP-DSW2,DDC1-ISP-DSW2,Eth1/13,connected,up,up,No,0,trunk,trunk,1,,Unknown,,,DDC1-PCIDMZ-DFW2,,DDC1-PCIDMZ-DFW2 E1/6,0,,Unknown,Unknown,Vendor Unknown; Circuit ID Missing; No MAC Addresses Learned
DDC1-ISP-DSW2,DDC1-ISP-DSW2,Eth1/14,connected,up,up,No,0,6,access,1,,Unknown,,,To,PA,To PA DDC1-SMO-FW2 trust e1/9,0,,Unknown,Unknown,Vendor Unknown; Circuit ID Missing; No MAC Addresses Learned
DDC1-ISP-DSW2,DDC1-ISP-DSW2,Eth1/15,connected,up,up,No,0,6,access,1,,Unknown,,,To,PA,To PA DDC1-SMO-FW2 trust e1/10,0,,Unknown,Unknown,Vendor Unknown; Circuit ID Missing; No MAC Addresses Learned
DDC1-ISP-DSW2,DDC1-ISP-DSW2,Eth1/16,connected,up,up,No,0,40,access,1,,Unknown,,,DDC1-ISP-FW6,"ISP,PRISMA",DDC1-ISP-FW6 Eth1/10-prisma-access,0,,Unknown,Unknown,Vendor Unknown; Circuit ID Missing; No MAC Addresses Learned
DDC1-ISP-DSW2,DDC1-ISP-DSW2,Eth1/17,sfpabsent,up,down,Yes,1,routed,,,,Unknown,,,--,,--,0,,Unknown,Unknown,Interface Down; Vendor Unknown; Circuit ID Missing; No MAC Addresses Learned
DDC1-ISP-DSW2,DDC1-ISP-DSW2,Eth1/18,connected,up,up,No,0,30,access,1,,Unknown,,,DDC1-USONME-FW4,,DDC1-USONME-FW4 E1/7,0,,Unknown,Unknown,Vendor Unknown; Circuit ID Missing; No MAC Addresses Learned
DDC1-ISP-DSW2,DDC1-ISP-DSW2,Eth1/19,connected,up,up,No,0,1710,access,1,,Unknown,,,DDC1-USON-FW6,,DDC1-USON-FW6 E9 AE3,0,,Unknown,Unknown,Vendor Unknown; Circuit ID Missing; No MAC Addresses Learned
DDC1-ISP-DSW2,DDC1-ISP-DSW2,Eth1/20,connected,up,up,No,0,1710,access,1,,Unknown,,,DDC1-USON-FW6,,DDC1-USON-FW6 E10 AE3,0,,Unknown,Unknown,Vendor Unknown; Circuit ID Missing; No MAC Addresses Learned
DDC1-ISP-DSW2,DDC1-ISP-DSW2,Eth1/21,connected,up,up,No,0,1,fex-fabric,1,,Unknown,,,--,,--,0,,Unknown,Unknown,Vendor Unknown; Circuit ID Missing; No MAC Addresses Learned
DDC1-ISP-DSW2,DDC1-ISP-DSW2,Eth1/22,connected,up,up,No,0,1,fex-fabric,1,,Unknown,,,--,,--,0,,Unknown,Unknown,Vendor Unknown; Circuit ID Missing; No MAC Addresses Learned
DDC1-ISP-DSW2,DDC1-ISP-DSW2,Eth1/23,connected,up,up,No,0,routed,,,,Unknown,,,DDC1-MDFE1-COR2,,DDC1-MDFE1-COR2 Eth1/4,0,,Unknown,Unknown,Vendor Unknown; Circuit ID Missing; No MAC Addresses Learned
DDC1-ISP-DSW2,DDC1-ISP-DSW2,Eth1/24,connected,up,up,No,0,trunk,trunk,1,,Unknown,,,DDC1-ISP-DSW1,ISP,DDC1-ISP-DSW1 Eth1/24,0,,Unknown,Unknown,Vendor Unknown; Circuit ID Missing; No MAC Addresses Learned
DDC1-ISP-DSW2,DDC1-ISP-DSW2,Eth2/1,connected,up,up,No,0,trunk,trunk,1,,Unknown,,,DDC1-ISP-FW2,ISP,DDC1-ISP-FW2 Eth24,0,,Unknown,Unknown,Vendor Unknown; Circuit ID Missing; No MAC Addresses Learned
DDC1-ISP-DSW2,DDC1-ISP-DSW2,Eth2/2,connected,up,up,No,0,trunk,trunk,1,,Unknown,,,DDC1-ISP-FW8,ISP,DDC1-ISP-FW8 Eth1/2,0,,Unknown,Unknown,Vendor Unknown; Circuit ID Missing; No MAC Addresses Learned
DDC1-ISP-DSW2,DDC1-ISP-DSW2,Eth2/4,ChannelDown,up,down,Yes,1,trunk,trunk,1,,Unknown,,,DDC1-PCIDMZ-DFW2,,DDC1-PCIDMZ-DFW2 Eth1/4,0,,Unknown,Unknown,Interface Down; Vendor Unknown; Circuit ID Missing; No MAC Addresses Learned
DDC1-ISP-DSW2,DDC1-ISP-DSW2,Eth2/6,notconnec,up,down,Yes,1,trunk,trunk,1,,Unknown,,,DDC-ISP-FW6,ISP,DDC-ISP-FW6 Eth2/2,0,,Unknown,Unknown,Interface Down; Vendor Unknown; Circuit ID Missing; No MAC Addresses Learned
DDC1-ISP-DSW2,DDC1-ISP-DSW2,Eth2/7,connected,up,up,No,0,trunk,trunk,1,,Unknown,,,DDC1-B2B-FW6,B2B,DDC1-B2B-FW6 E1/20,0,,Unknown,Unknown,Vendor Unknown; Circuit ID Missing; No MAC Addresses Learned
DDC1-ISP-DSW2,DDC1-ISP-DSW2,Eth2/8,sfpabsent,up,down,Yes,1,routed,,,,Unknown,,,--,,--,0,,Unknown,Unknown,Interface Down; Vendor Unknown; Circuit ID Missing; No MAC Addresses Learned
DDC1-ISP-DSW2,DDC1-ISP-DSW2,Eth2/10,notconnec,up,down,Yes,1,51,access,1,,Unknown,,,DDCPROXY,,DDCPROXY AV2,0,,Unknown,Unknown,Interface Down; Vendor Unknown; Circuit ID Missing; No MAC Addresses Learned
DDC1-ISP-DSW2,DDC1-ISP-DSW2,Eth2/11,sfpabsent,up,down,Yes,1,routed,,,,Unknown,,,--,,--,0,,Unknown,Unknown,Interface Down; Vendor Unknown; Circuit ID Missing; No MAC Addresses Learned
DDC1-ISP-DSW2,DDC1-ISP-DSW2,Eth2/12,sfpabsent,up,down,Yes,1,routed,,,,Unknown,,,--,,--,0,,Unknown,Unknown,Interface Down; Vendor Unknown; Circuit ID Missing; No MAC Addresses Learned
DDC1-ISP-DSW2,DDC1-ISP-DSW2,Eth2/13,sfpabsent,up,down,Yes,1,routed,,,,Unknown,,,--,,--,0,,Unknown,Unknown,Interface Down; Vendor Unknown; Circuit ID Missing; No MAC Addresses Learned
DDC1-ISP-DSW2,DDC1-ISP-DSW2,Eth2/14,notconnec,up,down,Yes,1,51,access,1,,Unknown,,,DDCPROXY02,,DDCPROXY02 LAN mon,0,,Unknown,Unknown,Interface Down; Vendor Unknown; Circuit ID Missing; No MAC Addresses Learned
DDC1-ISP-DSW2,DDC1-ISP-DSW2,Eth2/15,notconnec,up,down,Yes,1,1,access,1,,Unknown,,,DDC1-SPN-XSW4,,DDC1-SPN-XSW4 Port10,0,,Unknown,Unknown,Interface Down; Vendor Unknown; Circuit ID Missing; No MAC Addresses Learned
DDC1-ISP-DSW2,DDC1-ISP-DSW2,Eth2/16,connected,up,up,No,0,1,access,1,,Unknown,,,DDC1-BMF-LSW2-port19-BigSwitch,,DDC1-BMF-LSW2-port19-BigSwitch,0,,Unknown,Unknown,Vendor Unknown; Circuit ID Missing; No MAC Addresses Learned
DDC1-ISP-DSW2,DDC1-ISP-DSW2,Eth2/17,sfpabsent,up,down,Yes,1,routed,,,,Unknown,,,--,,--,0,,Unknown,Unknown,Interface Down; Vendor Unknown; Circuit ID Missing; No MAC Addresses Learned
DDC1-ISP-DSW2,DDC1-ISP-DSW2,Eth2/18,connected,up,up,No,0,30,access,1,,Unknown,,,DDC1-USONME-FW3,,DDC1-USONME-FW3 E1/11 Agg3,0,,Unknown,Unknown,Vendor Unknown; Circuit ID Missing; No MAC Addresses Learned
DDC1-ISP-DSW2,DDC1-ISP-DSW2,Eth2/19,sfpabsent,up,down,Yes,1,routed,,,,Unknown,,,--,,--,0,,Unknown,Unknown,Interface Down; Vendor Unknown; Circuit ID Missing; No MAC Addresses Learned
DDC1-ISP-DSW2,DDC1-ISP-DSW2,Eth2/20,connected,up,up,Yes,0,9,access,1,,Unknown,,,DC1-EXT1-FW2,,DC1-EXT1-FW2 E1/6(vSys-MHS-FW1),1,b40c.25e5.0045,Palo Alto Networks,Network Device,Vendor Unknown; Circuit ID Missing
DDC1-ISP-DSW2,DDC1-ISP-DSW2,Eth2/21,connected,up,up,No,0,1,fex-fabric,1,,Unknown,,,--,,--,0,,Unknown,Unknown,Vendor Unknown; Circuit ID Missing; No MAC Addresses Learned
DDC1-ISP-DSW2,DDC1-ISP-DSW2,Eth2/22,connected,up,up,No,0,1,fex-fabric,1,,Unknown,,,--,,--,0,,Unknown,Unknown,Vendor Unknown; Circuit ID Missing; No MAC Addresses Learned
DDC1-ISP-DSW2,DDC1-ISP-DSW2,Eth2/23,connected,up,up,Yes,0,17,access,1,,Unknown,,,DDCEXTFW1,,DDCEXTFW1 Eth1/1,1,b40c.25e5.0044,Palo Alto Networks,Network Device,Vendor Unknown; Circuit ID Missing
DDC1-ISP-DSW2,DDC1-ISP-DSW2,Eth2/24,connected,up,up,No,0,trunk,trunk,1,,Unknown,,,DDC1-ISP-DSW1,ISP,DDC1-ISP-DSW1 Eth2/24,0,,Unknown,Unknown,Vendor Unknown; Circuit ID Missing; No MAC Addresses Learned
DDC1-ISP-DSW2,DDC1-ISP-DSW2,Eth102/1/1,notconnec,up,down,Yes,1,15,access,1,,Unknown,,,DDCASPFW2,,DDCASPFW2 Eth1/2,0,,Unknown,Unknown,Interface Down; Vendor Unknown; Circuit ID Missing; No MAC Addresses Learned
DDC1-ISP-DSW2,DDC1-ISP-DSW2,Eth102/1/2,notconnec,up,down,Yes,1,11,access,1,,Unknown,,,DDC1-B2B-FW1,B2B,DDC1-B2B-FW1 Eth1,0,,Unknown,Unknown,Interface Down; Vendor Unknown; Circuit ID Missing; No MAC Addresses Learned
DDC1-ISP-DSW2,DDC1-ISP-DSW2,Eth102/1/6,connected,up,up,Yes,0,14,access,1,,Unknown,,,DDC1-B2B-FW3,B2B,DDC1-B2B-FW3 Eth1/2,1,0010.dbc3.f808,Juniper Networks,Network Device,Vendor Unknown; Circuit ID Missing
DDC1-ISP-DSW2,DDC1-ISP-DSW2,Eth102/1/7,notconnec,up,down,Yes,1,10,access,1,,Unknown,,,DDCVPNFW2,,DDCVPNFW2 Eth1 mon,0,,Unknown,Unknown,Interface Down; Vendor Unknown; Circuit ID Missing; No MAC Addresses Learned
DDC1-ISP-DSW2,DDC1-ISP-DSW2,Eth102/1/8,connected,up,up,No,0,routed,,,,Unknown,,,DDC1-VPN-GRT2,VPN,DDC1-VPN-GRT2 F3/0,0,,Unknown,Unknown,Vendor Unknown; Circuit ID Missing; No MAC Addresses Learned
DDC1-ISP-DSW2,DDC1-ISP-DSW2,Eth102/1/15,connected,up,up,Yes,0,160,access,1,,Unknown,,,DDC1-NMGT-FNS2,,DDC1-NMGT-FNS2 LAN1 mon,1,3cec.ef7b.fd7d,"Super Micro Computer, Inc.",Unknown,Vendor Unknown; Circuit ID Missing
DDC1-ISP-DSW2,DDC1-ISP-DSW2,Eth102/1/16,connected,up,up,Yes,0,160,access,1,,Unknown,,,DDC1-NMGT-FNS1,,DDC1-NMGT-FNS1 HA,1,0000.5e00.0164,"ICANN, IANA Department",Unknown,Vendor Unknown; Circuit ID Missing
DDC1-ISP-DSW2,DDC1-ISP-DSW2,Eth102/1/17,notconnec,up,down,Yes,1,31,access,1,,Unknown,,,DDC1-AZUREB2B-FW1,,DDC1-AZUREB2B-FW1 Eth0/8,0,,Unknown,Unknown,Interface Down; Vendor Unknown; Circuit ID Missing; No MAC Addresses Learned
DDC1-ISP-DSW2,DDC1-ISP-DSW2,Eth102/1/18,notconnec,up,down,Yes,1,trunk,trunk,1,,Unknown,,,DDC1-SGA-AFW2,,DDC1-SGA-AFW2 Eth0/0,0,,Unknown,Unknown,Interface Down; Vendor Unknown; Circuit ID Missing; No MAC Addresses Learned
DDC1-ISP-ASW1,DDC1-ISP-ASW1,Eth1/25,connected,up,up,No,0,trunk,trunk,1,,Unknown,,,DDC1-ISP-FW1,ISP,DDC1-ISP-FW1 Eth1,0,,Unknown,Unknown,Vendor Unknown; Circuit ID Missing; No MAC Addresses Learned
DDC1-ISP-ASW1,DDC1-ISP-ASW1,Eth1/26,connected,up,up,No,0,trunk,trunk,1,,Unknown,,,DDC1-ISP-FW7,ISP,DDC1-ISP-FW7 Eth1/3,0,,Unknown,Unknown,Vendor Unknown; Circuit ID Missing; No MAC Addresses Learned
DDC1-ISP-ASW1,DDC1-ISP-ASW1,Eth1/28,ChannelDown,up,down,Yes,1,trunk,trunk,1,,Unknown,,,DDC1-PCIDMZ-DFW1,,DDC1-PCIDMZ-DFW1 Eth1/1,0,,Unknown,Unknown,Interface Down; Vendor Unknown; Circuit ID Missing; No MAC Addresses Learned
DDC1-ISP-ASW1,DDC1-ISP-ASW1,Eth1/30,notconnec,up,down,Yes,1,trunk,trunk,1,,Unknown,,,DDC1-ISP-FW5,ISP,DDC1-ISP-FW5 Eth2/5,0,,Unknown,Unknown,Interface Down; Vendor Unknown; Circuit ID Missing; No MAC Addresses Learned
DDC1-ISP-ASW1,DDC1-ISP-ASW1,Eth1/31,connected,up,up,Yes,0,13,access,1,,Unknown,,,DDC1-SCS-FW1,,DDC1-SCS-FW1 Eth1/5,1,b40c.25e5.0044,Palo Alto Networks,Network Device,Vendor Unknown; Circuit ID Missing
DDC1-ISP-ASW1,DDC1-ISP-ASW1,Eth1/32,connected,up,up,No,0,trunk,trunk,1,,Unknown,,,DDC1-B2B-FW5,B2B,DDC1-B2B-FW5 Eth1/1,0,,Unknown,Unknown,Vendor Unknown; Circuit ID Missing; No MAC Addresses Learned
DDC1-ISP-ASW1,DDC1-ISP-ASW1,Eth1/33,connected,up,up,No,0,routed,,,,Unknown,,,DDC1-USON-ME1,,DDC1-USON-ME1 Gig1/6,0,,Unknown,Unknown,Vendor Unknown; Circuit ID Missing; No MAC Addresses Learned
DDC1-ISP-ASW1,DDC1-ISP-ASW1,Eth1/34,notconnec,up,down,Yes,1,trunk,trunk,1,,Unknown,,,DDC1-USOVPN-FW1,,DDC1-USOVPN-FW1 Gig0/1,0,,Unknown,Unknown,Interface Down; Vendor Unknown; Circuit ID Missing; No MAC Addresses Learned
DDC1-ISP-ASW1,DDC1-ISP-ASW1,Eth1/35,notconnec,up,down,Yes,1,1,access,1,,Unknown,,,DDC1-SPN-XSW1,,DDC1-SPN-XSW1 Port9,0,,Unknown,Unknown,Interface Down; Vendor Unknown; Circuit ID Missing; No MAC Addresses Learned
DDC1-ISP-ASW1,DDC1-ISP-ASW1,Eth1/36,sfpabsent,up,down,Yes,1,4,access,1,,Unknown,,,DDC1-SSLVPN-GW7,,DDC1-SSLVPN-GW7 Ext,0,,Unknown,Unknown,Interface Down; Vendor Unknown; Circuit ID Missing; No MAC Addresses Learned
DDC1-ISP-ASW1,DDC1-ISP-ASW1,Eth1/37,connected,up,up,No,0,routed,,,,Unknown,,Internet,DDC1-MDFE1-VRT1,INTERNET,DDC1-MDFE1-VRT1 CL-Biz-Internet GE2/0,0,,Unknown,Unknown,Vendor Unknown; Circuit ID Missing; No MAC Addresses Learned
DDC1-ISP-ASW1,DDC1-ISP-ASW1,Eth1/38,connected,up,up,No,0,routed,,,,Unknown,,Internet,BUMSH2,INTERNET,BUMSH2 DDC1-USON-VRT1 CL-Biz-Internet GE2/0,0,,Unknown,Unknown,Vendor Unknown; Circuit ID Missing; No MAC Addresses Learned
DDC1-ISP-ASW1,DDC1-ISP-ASW1,Eth1/39,connected,up,up,No,0,trunk,trunk,1,,Unknown,,,DDC1-PCIDMZ-DFW1,,DDC1-PCIDMZ-DFW1 Eth1/5,3,,Palo Alto Networks,Network Device,Vendor Unknown; Circuit ID Missing
DDC1-ISP-ASW1,DDC1-ISP-ASW1,Eth1/40,connected,up,up,Yes,0,trunk,trunk,1,,Unknown,,,DDC1-ITE-FW1,,DDC1-ITE-FW1 e1/5,2,"b40c.25e5.0044, b40c.25e5.0044",Palo Alto Networks,Network Device,Vendor Unknown; Circuit ID Missing
DDC1-ISP-ASW1,DDC1-ISP-ASW1,Eth1/41,connected,up,up,No,0,trunk,trunk,1,,Unknown,,,DDC1-USOVPN-FW3-E1/5,,DDC1-USOVPN-FW3-E1/5,0,,Unknown,Unknown,Vendor Unknown; Circuit ID Missing; No MAC Addresses Learned
DDC1-ISP-ASW1,DDC1-ISP-ASW1,Eth1/42,connected,up,up,No,0,210,access,1,,Unknown,,,DDC1-USONME-FW3,,DDC1-USONME-FW3 E1/14,0,,Unknown,Unknown,Vendor Unknown; Circuit ID Missing; No MAC Addresses Learned
DDC1-ISP-ASW1,DDC1-ISP-ASW1,Eth1/45,connected,up,up,No,0,1,fex-fabric,1,,Unknown,,,FEX121,,FEX121,0,,Unknown,Unknown,Vendor Unknown; Circuit ID Missing; No MAC Addresses Learned
DDC1-ISP-ASW1,DDC1-ISP-ASW1,Eth1/46,connected,up,up,No,0,1,fex-fabric,1,,Unknown,,,FEX121,,FEX121,0,,Unknown,Unknown,Vendor Unknown; Circuit ID Missing; No MAC Addresses Learned
DDC1-ISP-ASW1,DDC1-ISP-ASW1,Eth1/47,connected,up,up,No,0,routed,,,,Unknown,,,DDC1-ISP-GRT1,ISP,DDC1-ISP-GRT1 Ten0/0/0,0,,Unknown,Unknown,Vendor Unknown; Circuit ID Missing; No MAC Addresses Learned
DDC1-ISP-ASW1,DDC1-ISP-ASW1,Eth1/48,connected,up,up,No,0,trunk,trunk,1,,Unknown,,,DDC1-ISP-ASW2,ISP,DDC1-ISP-ASW2 Eth1/48,0,,Unknown,Unknown,Vendor Unknown; Circuit ID Missing; No MAC Addresses Learned
DDC1-ISP-ASW1,DDC1-ISP-ASW1,Eth2/25,connected,up,up,No,0,trunk,trunk,1,,Unknown,,,DDC1-ISP-FW1,ISP,DDC1-ISP-FW1 Eth2,0,,Unknown,Unknown,Vendor Unknown; Circuit ID Missing; No MAC Addresses Learned
DDC1-ISP-ASW1,DDC1-ISP-ASW1,Eth2/26,connected,up,up,No,0,trunk,trunk,1,,Unknown,,,DDC1-ISP-FW7,ISP,DDC1-ISP-FW7 Eth1/4,0,,Unknown,Unknown,Vendor Unknown; Circuit ID Missing; No MAC Addresses Learned
DDC1-ISP-ASW1,DDC1-ISP-ASW1,Eth2/27,notconnec,up,down,Yes,1,350,access,1,,Unknown,,Internet,DDC1-MDFA1-FRT3,INTERNET,DDC1-MDFA1-FRT3 Internet X5,0,,Unknown,Unknown,Interface Down; Vendor Unknown; Circuit ID Missing; No MAC Addresses Learned
DDC1-ISP-ASW1,DDC1-ISP-ASW1,Eth2/28,ChannelDown,up,down,Yes,1,trunk,trunk,1,,Unknown,,,DDC1-PCIDMZ-DFW1,,DDC1-PCIDMZ-DFW1 Eth1/2,0,,Unknown,Unknown,Interface Down; Vendor Unknown; Circuit ID Missing; No MAC Addresses Learned
DDC1-ISP-ASW1,DDC1-ISP-ASW1,Eth2/29,sfpabsent,up,down,Yes,1,routed,,,,Unknown,,,--,,--,0,,Unknown,Unknown,Interface Down; Vendor Unknown; Circuit ID Missing; No MAC Addresses Learned
DDC1-ISP-ASW1,DDC1-ISP-ASW1,Eth2/30,notconnec,up,down,Yes,1,trunk,trunk,1,,Unknown,,,DDC1-ISP-FW5,ISP,DDC1-ISP-FW5 Eth2/6,0,,Unknown,Unknown,Interface Down; Vendor Unknown; Circuit ID Missing; No MAC Addresses Learned
DDC1-ISP-ASW1,DDC1-ISP-ASW1,Eth2/31,connected,up,up,Yes,0,5,access,1,,Unknown,,,DDC-ISP-FW5,"ISP,PRISMA",DDC-ISP-FW5 Eth1/9-prisma-access,1,b40c.25ea.8048,Palo Alto Networks,Network Device,Vendor Unknown; Circuit ID Missing
DDC1-ISP-ASW1,DDC1-ISP-ASW1,Eth2/32,connected,up,up,No,0,trunk,trunk,1,,Unknown,,,DDC1-B2B-FW5,B2B,DDC1-B2B-FW5 Eth1/2,0,,Unknown,Unknown,Vendor Unknown; Circuit ID Missing; No MAC Addresses Learned
DDC1-ISP-ASW1,DDC1-ISP-ASW1,Eth2/33,connected,up,up,Yes,0,13,access,1,,Unknown,,,DDC1-USON-ME1,,DDC1-USON-ME1 Gig1/3 mon,1,7069.5a79.f184,"Cisco Systems, Inc",Network Device,Vendor Unknown; Circuit ID Missing
DDC1-ISP-ASW1,DDC1-ISP-ASW1,Eth2/34,connected,up,up,No,0,1,access,1,,Unknown,,,DDC1-BMF-LSW1-port20-BigSwitch,,DDC1-BMF-LSW1-port20-BigSwitch,0,,Unknown,Unknown,Vendor Unknown; Circuit ID Missing; No MAC Addresses Learned
DDC1-ISP-ASW1,DDC1-ISP-ASW1,Eth2/35,notconnec,up,down,Yes,1,1,access,1,,Unknown,,,DDC1-SPN-XSW1,,DDC1-SPN-XSW1 Port11,0,,Unknown,Unknown,Interface Down; Vendor Unknown; Circuit ID Missing; No MAC Addresses Learned
DDC1-ISP-ASW1,DDC1-ISP-ASW1,Eth2/36,sfpabsent,up,down,Yes,1,20,access,1,,Unknown,,,DDC1-SSLVPN-GW7,,DDC1-SSLVPN-GW7 Int,0,,Unknown,Unknown,Interface Down; Vendor Unknown; Circuit ID Missing; No MAC Addresses Learned
DDC1-ISP-ASW1,DDC1-ISP-ASW1,Eth2/37,connected,up,up,No,0,routed,,,,Unknown,,Internet,DDC1-MDFE1-VRT2,INTERNET,DDC1-MDFE1-VRT2 CL-Biz-Internet GE2/0,0,,Unknown,Unknown,Vendor Unknown; Circuit ID Missing; No MAC Addresses Learned
DDC1-ISP-ASW1,DDC1-ISP-ASW1,Eth2/38,connected,up,up,No,0,routed,,,,Unknown,,Internet,BUMSH2,INTERNET,BUMSH2 DDC1-USON-VRT2 CL-Biz-Internet GE2/0,0,,Unknown,Unknown,Vendor Unknown; Circuit ID Missing; No MAC Addresses Learned
DDC1-ISP-ASW1,DDC1-ISP-ASW1,Eth2/39,connected,up,up,No,0,routed,,,,Unknown,,,BUMSH2,,BUMSH2 DDC1-USON-ME1,0,,Unknown,Unknown,Vendor Unknown; Circuit ID Missing; No MAC Addresses Learned
DDC1-ISP-ASW1,DDC1-ISP-ASW1,Eth2/40,connected,up,up,No,0,routed,,,,CLINK,442795941,Internet,WAN_ISP,"INTERNET,CLINK",WAN_ISP | CLINK | INTERNET | CID:442795941 | LID:10GLAN-24212693 | BW:10Gig,0,,Unknown,Unknown,No MAC Addresses Learned
DDC1-ISP-ASW1,DDC1-ISP-ASW1,Eth2/41,connected,up,up,Yes,0,350,access,1,,Unknown,,,DDC1-MDFE1-VRT3,,DDC1-MDFE1-VRT3 10ge1/0,1,80b7.0931.4884,"Viptela, Inc",Unknown,Vendor Unknown; Circuit ID Missing
DDC1-ISP-ASW1,DDC1-ISP-ASW1,Eth2/42,connected,up,up,No,0,6,access,1,,Unknown,,,To,PA,To PA DDC1-SMO-FW1 Untrust e1/5,0,,Unknown,Unknown,Vendor Unknown; Circuit ID Missing; No MAC Addresses Learned
DDC1-ISP-ASW1,DDC1-ISP-ASW1,Eth2/43,connected,up,up,No,0,trunk,trunk,1,,Unknown,,,DDC-ISP-FW5,ISP,DDC-ISP-FW5 Eth1/7,5,,Palo Alto Networks,Network Device,Vendor Unknown; Circuit ID Missing
DDC1-ISP-ASW1,DDC1-ISP-ASW1,Eth2/44,connected,up,up,No,0,6,access,1,,Unknown,,,To,PA,To PA DDC1-SMO-FW1 Untrust e1/6,0,,Unknown,Unknown,Vendor Unknown; Circuit ID Missing; No MAC Addresses Learned
DDC1-ISP-ASW1,DDC1-ISP-ASW1,Eth2/45,connected,up,up,No,0,1,fex-fabric,1,,Unknown,,,FEX121,,FEX121,0,,Unknown,Unknown,Vendor Unknown; Circuit ID Missing; No MAC Addresses Learned
DDC1-ISP-ASW1,DDC1-ISP-ASW1,Eth2/46,connected,up,up,No,0,1,fex-fabric,1,,Unknown,,,FEX121,,FEX121,0,,Unknown,Unknown,Vendor Unknown; Circuit ID Missing; No MAC Addresses Learned
DDC1-ISP-ASW1,DDC1-ISP-ASW1,Eth2/47,connected,up,up,No,0,routed,,,,Unknown,,,DDC1-ISP-GRT2,ISP,DDC1-ISP-GRT2 Ten0/0/0,0,,Unknown,Unknown,Vendor Unknown; Circuit ID Missing; No MAC Addresses Learned
DDC1-ISP-ASW1,DDC1-ISP-ASW1,Eth2/48,connected,up,up,No,0,trunk,trunk,1,,Unknown,,,DDC1-ISP-ASW2,ISP,DDC1-ISP-ASW2 Eth2/48,0,,Unknown,Unknown,Vendor Unknown; Circuit ID Missing; No MAC Addresses Learned
DDC1-ISP-ASW1,DDC1-ISP-ASW1,Eth121/1/2,notconnec,up,down,Yes,1,132,access,1,,Unknown,,,DDC-B2B-FW1,B2B,DDC-B2B-FW1 Eth2 mon,0,,Unknown,Unknown,Interface Down; Vendor Unknown; Circuit ID Missing; No MAC Addresses Learned
DDC1-ISP-ASW1,DDC1-ISP-ASW1,Eth121/1/3,notconnec,up,down,Yes,1,4,access,1,,Unknown,,,ddc1-prxy-fw1_ISG2000_e1/1,,ddc1-prxy-fw1_ISG2000_e1/1,0,,Unknown,Unknown,Interface Down; Vendor Unknown; Circuit ID Missing; No MAC Addresses Learned
DDC1-ISP-ASW1,DDC1-ISP-ASW1,Eth121/1/4,notconnec,up,down,Yes,1,132,access,1,,Unknown,,,DDCVPNFW1,,DDCVPNFW1 Eth5 mon,0,,Unknown,Unknown,Interface Down; Vendor Unknown; Circuit ID Missing; No MAC Addresses Learned
DDC1-ISP-ASW1,DDC1-ISP-ASW1,Eth121/1/5,notconnec,up,down,Yes,1,4,access,1,,Unknown,,,DDC1-SSLVPN-GW2,,DDC1-SSLVPN-GW2 P3-Ext mon,0,,Unknown,Unknown,Interface Down; Vendor Unknown; Circuit ID Missing; No MAC Addresses Learned
DDC1-ISP-ASW1,DDC1-ISP-ASW1,Eth121/1/6,connected,up,up,Yes,0,4,access,1,,Unknown,,,DDC1-B2B-FW3,B2B,DDC1-B2B-FW3 ISG2000 Eth1/1 mon,1,0010.dbff.e070,Juniper Networks,Network Device,Vendor Unknown; Circuit ID Missing
DDC1-ISP-ASW1,DDC1-ISP-ASW1,Eth121/1/7,notconnec,up,down,Yes,1,10,access,1,,Unknown,,,DDCVPNFW1,,DDCVPNFW1 Eth3 mon,0,,Unknown,Unknown,Interface Down; Vendor Unknown; Circuit ID Missing; No MAC Addresses Learned
DDC1-ISP-ASW1,DDC1-ISP-ASW1,Eth121/1/8,connected,up,up,Yes,0,10,access,1,,Unknown,,,DDC1-VPN-GRT2,VPN,DDC1-VPN-GRT2 Fa0/1 mon,1,001e.f7ae.3ac1,"Cisco Systems, Inc",Network Device,Vendor Unknown; Circuit ID Missing
DDC1-ISP-ASW1,DDC1-ISP-ASW1,Eth121/1/9,connected,up,up,No,0,133,access,1,,Unknown,,,DISAFW1,,DISAFW1 Outside mon,0,,Unknown,Unknown,Vendor Unknown; Circuit ID Missing; No MAC Addresses Learned
DDC1-ISP-ASW1,DDC1-ISP-ASW1,Eth121/1/11,notconnec,up,down,Yes,1,trunk,trunk,1,,Unknown,,,DDC1-CB-INTFW1,,DDC1-CB-INTFW1 Gig1,0,,Unknown,Unknown,Interface Down; Vendor Unknown; Circuit ID Missing; No MAC Addresses Learned
DDC1-ISP-ASW1,DDC1-ISP-ASW1,Eth121/1/12,notconnec,up,down,Yes,1,20,access,1,,Unknown,,,DDC1-SSLVPN-GW2,,DDC1-SSLVPN-GW2 P0-Int mon,0,,Unknown,Unknown,Interface Down; Vendor Unknown; Circuit ID Missing; No MAC Addresses Learned
DDC1-ISP-ASW1,DDC1-ISP-ASW1,Eth121/1/13,notconnec,up,down,Yes,1,20,access,1,,Unknown,,,DDC1-SSLVPN-GW3,,DDC1-SSLVPN-GW3 P0-Int mon,0,,Unknown,Unknown,Interface Down; Vendor Unknown; Circuit ID Missing; No MAC Addresses Learned
DDC1-ISP-ASW1,DDC1-ISP-ASW1,Eth121/1/16,notconnec,up,down,Yes,1,800,access,1,,Unknown,,,DDC1-USONSBC-ART1,,DDC1-USONSBC-ART1 RightFax mon,0,,Unknown,Unknown,Interface Down; Vendor Unknown; Circuit ID Missing; No MAC Addresses Learned
DDC1-ISP-ASW1,DDC1-ISP-ASW1,Eth121/1/17,notconnec,up,down,Yes,1,4,access,1,,Unknown,,,DDC1-AZUREB2B-FW1,,DDC1-AZUREB2B-FW1 Eth0/9 mon,0,,Unknown,Unknown,Interface Down; Vendor Unknown; Circuit ID Missing; No MAC Addresses Learned
DDC1-ISP-ASW1,DDC1-ISP-ASW1,Eth121/1/19,notconnec,up,down,Yes,1,9,access,1,,Unknown,,,DDCMHSFW1,,DDCMHSFW1 Eth0/2 mon,0,,Unknown,Unknown,Interface Down; Vendor Unknown; Circuit ID Missing; No MAC Addresses Learned
DDC1-ISP-ASW1,DDC1-ISP-ASW1,Eth121/1/23,notconnec,up,down,Yes,1,4,access,1,,Unknown,,,DDC1-SSLVPN-GW3,,DDC1-SSLVPN-GW3 P3-Ext mon,0,,Unknown,Unknown,Interface Down; Vendor Unknown; Circuit ID Missing; No MAC Addresses Learned
DDC1-ISP-ASW1,DDC1-ISP-ASW1,Eth121/1/24,notconnec,up,down,Yes,1,trunk,trunk,1,,Unknown,,,DDC1-MHSD1-FW1,,DDC1-MHSD1-FW1 g1/4,0,,Unknown,Unknown,Interface Down; Vendor Unknown; Circuit ID Missing; No MAC Addresses Learned
DDC1-ISP-ASW1,DDC1-ISP-ASW1,Eth121/1/25,notconnec,up,down,Yes,1,trunk,trunk,1,,Unknown,,,DDC1-MHSD1-FW1,,DDC1-MHSD1-FW1 g1/5,0,,Unknown,Unknown,Interface Down; Vendor Unknown; Circuit ID Missing; No MAC Addresses Learned
DDC1-ISP-ASW1,DDC1-ISP-ASW1,Eth121/1/26,notconnec,up,down,Yes,1,routed,,,,Unknown,,,DDC1-RTBH-GRT1,,DDC1-RTBH-GRT1,0,,Unknown,Unknown,Interface Down; Vendor Unknown; Circuit ID Missing; No MAC Addresses Learned
DDC1-ISP-ASW1,DDC1-ISP-ASW1,Eth121/1/27,connected,up,up,No,0,routed,,,,Unknown,,,DDC1-MDFE1-ERT1,,DDC1-MDFE1-ERT1 TWAN0,0,,Unknown,Unknown,Vendor Unknown; Circuit ID Missing; No MAC Addresses Learned
DDC1-ISP-ASW1,DDC1-ISP-ASW1,Eth121/1/28,notconnec,up,down,Yes,1,trunk,trunk,1,,Unknown,,,DDC1-ACCESSLAB-FW1,,DDC1-ACCESSLAB-FW1 Eth1/3,0,,Unknown,Unknown,Interface Down; Vendor Unknown; Circuit ID Missing; No MAC Addresses Learned
DDC1-ISP-ASW1,DDC1-ISP-ASW1,Eth121/1/29,notconnec,up,down,Yes,1,trunk,trunk,1,,Unknown,,,DDC1-ACCESSLAB-FW1,,DDC1-ACCESSLAB-FW1 Eth1/4,0,,Unknown,Unknown,Interface Down; Vendor Unknown; Circuit ID Missing; No MAC Addresses Learned
DDC1-ISP-ASW1,DDC1-ISP-ASW1,Eth121/1/30,connected,up,up,No,0,routed,,,,Unknown,,Internet,DDC1-MDFE1-ERT1,INTERNET,DDC1-MDFE1-ERT1 TWAN0 Internet,0,,Unknown,Unknown,Vendor Unknown; Circuit ID Missing; No MAC Addresses Learned
DDC1-ISP-ASW1,DDC1-ISP-ASW1,Eth121/1/31,notconnec,up,down,Yes,1,40,access,1,,Unknown,,Internet,DDC1-MDFE1-FRT1,INTERNET,DDC1-MDFE1-FRT1 Internet GE1,0,,Unknown,Unknown,Interface Down; Vendor Unknown; Circuit ID Missing; No MAC Addresses Learned
DDC1-ISP-ASW1,DDC1-ISP-ASW1,Eth121/1/32,notconnec,up,down,Yes,1,40,access,1,,Unknown,,Internet,DDC1-MDFE1-FRT2,INTERNET,DDC1-MDFE1-FRT2 Internet GE1,0,,Unknown,Unknown,Interface Down; Vendor Unknown; Circuit ID Missing; No MAC Addresses Learned
DDC1-ISP-ASW2,DDC1-ISP-ASW2,Eth1/25,connected,up,up,No,0,trunk,trunk,1,,Unknown,,,DDC1-ISP-FW2,ISP,DDC1-ISP-FW2 Eth1,0,,Unknown,Unknown,Vendor Unknown; Circuit ID Missing; No MAC Addresses Learned
DDC1-ISP-ASW2,DDC1-ISP-ASW2,Eth1/26,connected,up,up,No,0,trunk,trunk,1,,Unknown,,,DDC1-ISP-FW8,ISP,DDC1-ISP-FW8 Eth1/3,0,,Unknown,Unknown,Vendor Unknown; Circuit ID Missing; No MAC Addresses Learned
DDC1-ISP-ASW2,DDC1-ISP-ASW2,Eth1/28,ChannelDown,up,down,Yes,1,trunk,trunk,1,,Unknown,,,DDC1-PCIDMZ-DFW2,,DDC1-PCIDMZ-DFW2 Eth1/1,0,,Unknown,Unknown,Interface Down; Vendor Unknown; Circuit ID Missing; No MAC Addresses Learned
DDC1-ISP-ASW2,DDC1-ISP-ASW2,Eth1/29,notconnec,up,down,Yes,1,25,access,1,,Unknown,,,DDC1-MDFA1-ORT1,,DDC1-MDFA1-ORT1 GbE-int3 | MX IP 143.112.190.241/23 gw .254 DNS 8.8.8.8 9.9.9.9 | SP-ALARM,0,,Unknown,Unknown,Interface Down; Vendor Unknown; Circuit ID Missing; No MAC Addresses Learned
DDC1-ISP-ASW2,DDC1-ISP-ASW2,Eth1/30,notconnec,up,down,Yes,1,trunk,trunk,1,,Unknown,,,DDC1-ISP-FW6,ISP,DDC1-ISP-FW6 Eth2/5,0,,Unknown,Unknown,Interface Down; Vendor Unknown; Circuit ID Missing; No MAC Addresses Learned
DDC1-ISP-ASW2,DDC1-ISP-ASW2,Eth1/31,connected,up,up,No,0,13,access,1,,Unknown,,,DDC1-SCS-FW2,,DDC1-SCS-FW2 Eth1/5,0,,Unknown,Unknown,Vendor Unknown; Circuit ID Missing; No MAC Addresses Learned
DDC1-ISP-ASW2,DDC1-ISP-ASW2,Eth1/32,connected,up,up,No,0,trunk,trunk,1,,Unknown,,,DDC1-B2B-FW6,B2B,DDC1-B2B-FW6 Eth1/1,0,,Unknown,Unknown,Vendor Unknown; Circuit ID Missing; No MAC Addresses Learned
DDC1-ISP-ASW2,DDC1-ISP-ASW2,Eth1/33,connected,up,up,No,0,routed,,,,Unknown,,,DDC1-USON-ME2,,DDC1-USON-ME2 Gig1/6,0,,Unknown,Unknown,Vendor Unknown; Circuit ID Missing; No MAC Addresses Learned
DDC1-ISP-ASW2,DDC1-ISP-ASW2,Eth1/34,notconnec,up,down,Yes,1,trunk,trunk,1,,Unknown,,,DDC1-USOVPN-FW2,,DDC1-USOVPN-FW2 Gig0/1,0,,Unknown,Unknown,Interface Down; Vendor Unknown; Circuit ID Missing; No MAC Addresses Learned
DDC1-ISP-ASW2,DDC1-ISP-ASW2,Eth1/35,notconnec,up,down,Yes,1,1,access,1,,Unknown,,,DDC1-SPN-XSW1,,DDC1-SPN-XSW1 Port10,0,,Unknown,Unknown,Interface Down; Vendor Unknown; Circuit ID Missing; No MAC Addresses Learned
DDC1-ISP-ASW2,DDC1-ISP-ASW2,Eth1/36,sfpabsent,up,down,Yes,1,4,access,1,,Unknown,,,DDC1-SSLVPN-GW8,,DDC1-SSLVPN-GW8 Ext,0,,Unknown,Unknown,Interface Down; Vendor Unknown; Circuit ID Missing; No MAC Addresses Learned
DDC1-ISP-ASW2,DDC1-ISP-ASW2,Eth1/37,connected,up,up,No,0,routed,,,,VERIZON,,Internet,DDC1-MDFE1-VRT1,"INTERNET,VERIZON",DDC1-MDFE1-VRT1 Verizon-Public-Internet GE2/1,0,,Unknown,Unknown,Circuit ID Missing; No MAC Addresses Learned
DDC1-ISP-ASW2,DDC1-ISP-ASW2,Eth1/38,connected,up,up,No,0,routed,,,,VERIZON,,Internet,BUMSH2,"INTERNET,VERIZON",BUMSH2 DDC1-USON-VRT1 Verizon-Public-Internet GE2/1,0,,Unknown,Unknown,Circuit ID Missing; No MAC Addresses Learned
DDC1-ISP-ASW2,DDC1-ISP-ASW2,Eth1/39,connected,up,up,No,0,trunk,trunk,1,,Unknown,,,DDC1-PCIDMZ-DFW2,,DDC1-PCIDMZ-DFW2 Eth1/5,0,,Unknown,Unknown,Vendor Unknown; Circuit ID Missing; No MAC Addresses Learned
DDC1-ISP-ASW2,DDC1-ISP-ASW2,Eth1/40,connected,up,up,No,0,trunk,trunk,1,,Unknown,,,DDC1-ITE-FW2,,DDC1-ITE-FW2 e1/5,0,,Unknown,Unknown,Vendor Unknown; Circuit ID Missing; No MAC Addresses Learned
DDC1-ISP-ASW2,DDC1-ISP-ASW2,Eth1/41,connected,up,up,No,0,trunk,trunk,1,,Unknown,,,DDC1-USOVPN-FW4-E1/5,,DDC1-USOVPN-FW4-E1/5,3,,Palo Alto Networks,Network Device,Vendor Unknown; Circuit ID Missing
DDC1-ISP-ASW2,DDC1-ISP-ASW2,Eth1/42,connected,up,up,Yes,0,210,access,1,,Unknown,,,DDC1-USONME-FW4,,DDC1-USONME-FW4 E1/14,1,b40c.25e5.004d,Palo Alto Networks,Network Device,Vendor Unknown; Circuit ID Missing
DDC1-ISP-ASW2,DDC1-ISP-ASW2,Eth1/45,connected,up,up,No,0,1,fex-fabric,1,,Unknown,,,FEX122,,FEX122,0,,Unknown,Unknown,Vendor Unknown; Circuit ID Missing; No MAC Addresses Learned
DDC1-ISP-ASW2,DDC1-ISP-ASW2,Eth1/46,connected,up,up,No,0,1,fex-fabric,1,,Unknown,,,FEX122,,FEX122,0,,Unknown,Unknown,Vendor Unknown; Circuit ID Missing; No MAC Addresses Learned
DDC1-ISP-ASW2,DDC1-ISP-ASW2,Eth1/47,connected,up,up,No,0,routed,,,,Unknown,,,DDC1-ISP-GRT1,ISP,DDC1-ISP-GRT1 Ten0/0/1,0,,Unknown,Unknown,Vendor Unknown; Circuit ID Missing; No MAC Addresses Learned
DDC1-ISP-ASW2,DDC1-ISP-ASW2,Eth1/48,connected,up,up,No,0,trunk,trunk,1,,Unknown,,,DDC1-ISP-ASW1,ISP,DDC1-ISP-ASW1 Eth1/48,0,,Unknown,Unknown,Vendor Unknown; Circuit ID Missing; No MAC Addresses Learned
DDC1-ISP-ASW2,DDC1-ISP-ASW2,Eth2/25,connected,up,up,No,0,trunk,trunk,1,,Unknown,,,DDC1-ISP-FW2,ISP,DDC1-ISP-FW2 Eth2,0,,Unknown,Unknown,Vendor Unknown; Circuit ID Missing; No MAC Addresses Learned
DDC1-ISP-ASW2,DDC1-ISP-ASW2,Eth2/26,connected,up,up,No,0,trunk,trunk,1,,Unknown,,,DDC1-ISP-FW8,ISP,DDC1-ISP-FW8 Eth1/4,0,,Unknown,Unknown,Vendor Unknown; Circuit ID Missing; No MAC Addresses Learned
DDC1-ISP-ASW2,DDC1-ISP-ASW2,Eth2/27,notconnec,up,down,Yes,1,350,access,1,,Unknown,,Internet,DDC1-MDFA1-FRT4,INTERNET,DDC1-MDFA1-FRT4 Internet X5,0,,Unknown,Unknown,Interface Down; Vendor Unknown; Circuit ID Missing; No MAC Addresses Learned
DDC1-ISP-ASW2,DDC1-ISP-ASW2,Eth2/28,ChannelDown,up,down,Yes,1,trunk,trunk,1,,Unknown,,,DDC1-PCIDMZ-DFW2,,DDC1-PCIDMZ-DFW2 Eth1/2,0,,Unknown,Unknown,Interface Down; Vendor Unknown; Circuit ID Missing; No MAC Addresses Learned
DDC1-ISP-ASW2,DDC1-ISP-ASW2,Eth2/29,sfpabsent,up,down,Yes,1,routed,,,,Unknown,,,--,,--,0,,Unknown,Unknown,Interface Down; Vendor Unknown; Circuit ID Missing; No MAC Addresses Learned
DDC1-ISP-ASW2,DDC1-ISP-ASW2,Eth2/30,notconnec,up,down,Yes,1,trunk,trunk,1,,Unknown,,,DDC1-ISP-FW6,ISP,DDC1-ISP-FW6 Eth2/6,0,,Unknown,Unknown,Interface Down; Vendor Unknown; Circuit ID Missing; No MAC Addresses Learned
DDC1-ISP-ASW2,DDC1-ISP-ASW2,Eth2/31,connected,up,up,No,0,5,access,1,,Unknown,,,DDC-ISP-FW6,"ISP,PRISMA",DDC-ISP-FW6 Eth1/9 - Prisma-access,0,,Unknown,Unknown,Vendor Unknown; Circuit ID Missing; No MAC Addresses Learned
DDC1-ISP-ASW2,DDC1-ISP-ASW2,Eth2/32,connected,up,up,No,0,trunk,trunk,1,,Unknown,,,DDC1-B2B-FW6,B2B,DDC1-B2B-FW6 Eth1/2,0,,Unknown,Unknown,Vendor Unknown; Circuit ID Missing; No MAC Addresses Learned
DDC1-ISP-ASW2,DDC1-ISP-ASW2,Eth2/33,connected,up,up,Yes,0,13,access,1,,Unknown,,,DDC1-USON-ME2,,DDC1-USON-ME2 Gig1/3 mon,1,7069.5a79.e484,"Cisco Systems, Inc",Network Device,Vendor Unknown; Circuit ID Missing
DDC1-ISP-ASW2,DDC1-ISP-ASW2,Eth2/34,connected,up,up,No,0,1,access,1,,Unknown,,,DDC1-BMF-LSW2-port20-BigSwitch,,DDC1-BMF-LSW2-port20-BigSwitch,0,,Unknown,Unknown,Vendor Unknown; Circuit ID Missing; No MAC Addresses Learned
DDC1-ISP-ASW2,DDC1-ISP-ASW2,Eth2/35,notconnec,up,down,Yes,1,1,access,1,,Unknown,,,DDC1-SPN-XSW1,,DDC1-SPN-XSW1 Port12,0,,Unknown,Unknown,Interface Down; Vendor Unknown; Circuit ID Missing; No MAC Addresses Learned
DDC1-ISP-ASW2,DDC1-ISP-ASW2,Eth2/36,sfpabsent,up,down,Yes,1,20,access,1,,Unknown,,,DDC1-SSLVPN-GW8,,DDC1-SSLVPN-GW8 Int,0,,Unknown,Unknown,Interface Down; Vendor Unknown; Circuit ID Missing; No MAC Addresses Learned
DDC1-ISP-ASW2,DDC1-ISP-ASW2,Eth2/37,connected,up,up,No,0,routed,,,,VERIZON,,Internet,DDC1-MDFE1-VRT2,"INTERNET,VERIZON",DDC1-MDFE1-VRT2 Verizon-Biz-Internet GE2/1,0,,Unknown,Unknown,Circuit ID Missing; No MAC Addresses Learned
DDC1-ISP-ASW2,DDC1-ISP-ASW2,Eth2/38,connected,up,up,No,0,routed,,,,VERIZON,,Internet,BUMSH2,"INTERNET,VERIZON",BUMSH2 DDC1-USON-VRT2 Verizon-Biz-Internet GE2/1,0,,Unknown,Unknown,Circuit ID Missing; No MAC Addresses Learned
DDC1-ISP-ASW2,DDC1-ISP-ASW2,Eth2/39,connected,up,up,No,0,routed,,,,Unknown,,,BUMSH2,,BUMSH2 DDC1-USON-ME2,0,,Unknown,Unknown,Vendor Unknown; Circuit ID Missing; No MAC Addresses Learned
DDC1-ISP-ASW2,DDC1-ISP-ASW2,Eth2/40,sfpabsent,up,down,Yes,1,routed,,,,Unknown,,,GDR,,GDR INTERFACE for FAILOVER DO NOT USE,0,,Unknown,Unknown,Interface Down; Vendor Unknown; Circuit ID Missing; No MAC Addresses Learned
DDC1-ISP-ASW2,DDC1-ISP-ASW2,Eth2/41,connected,up,up,Yes,0,350,access,1,,Unknown,,,DDC1-MDFE1-VRT4,,DDC1-MDFE1-VRT4 10ge1/0,1,80b7.0933.2224,"Viptela, Inc",Unknown,Vendor Unknown; Circuit ID Missing
DDC1-ISP-ASW2,DDC1-ISP-ASW2,Eth2/42,connected,up,up,No,0,6,access,1,,Unknown,,,To,PA,To PA DDC1-SMO-FW2 Untrust e1/5,0,,Unknown,Unknown,Vendor Unknown; Circuit ID Missing; No MAC Addresses Learned
DDC1-ISP-ASW2,DDC1-ISP-ASW2,Eth2/43,connected,up,up,No,0,trunk,trunk,1,,Unknown,,,DDC-ISP-FW6,ISP,DDC-ISP-FW6 Eth1/7,0,,Unknown,Unknown,Vendor Unknown; Circuit ID Missing; No MAC Addresses Learned
DDC1-ISP-ASW2,DDC1-ISP-ASW2,Eth2/44,connected,up,up,No,0,6,access,1,,Unknown,,,To,PA,To PA DDC1-SMO-FW2 Untrust e1/6,0,,Unknown,Unknown,Vendor Unknown; Circuit ID Missing; No MAC Addresses Learned
DDC1-ISP-ASW2,DDC1-ISP-ASW2,Eth2/45,connected,up,up,No,0,1,fex-fabric,1,,Unknown,,,FEX122,,FEX122,0,,Unknown,Unknown,Vendor Unknown; Circuit ID Missing; No MAC Addresses Learned
DDC1-ISP-ASW2,DDC1-ISP-ASW2,Eth2/46,connected,up,up,No,0,1,fex-fabric,1,,Unknown,,,FEX122,,FEX122,0,,Unknown,Unknown,Vendor Unknown; Circuit ID Missing; No MAC Addresses Learned
DDC1-ISP-ASW2,DDC1-ISP-ASW2,Eth2/47,connected,up,up,No,0,routed,,,,Unknown,,,DDC1-ISP-GRT2,ISP,DDC1-ISP-GRT2 Ten0/0/1,0,,Unknown,Unknown,Vendor Unknown; Circuit ID Missing; No MAC Addresses Learned
DDC1-ISP-ASW2,DDC1-ISP-ASW2,Eth2/48,connected,up,up,No,0,trunk,trunk,1,,Unknown,,,DDC1-ISP-ASW1,ISP,DDC1-ISP-ASW1 Eth2/48,0,,Unknown,Unknown,Vendor Unknown; Circuit ID Missing; No MAC Addresses Learned
DDC1-ISP-ASW2,DDC1-ISP-ASW2,Eth122/1/2,notconnec,up,down,Yes,1,132,access,1,,Unknown,,,DDC-B2B-FW2,B2B,DDC-B2B-FW2 Eth2 mon,0,,Unknown,Unknown,Interface Down; Vendor Unknown; Circuit ID Missing; No MAC Addresses Learned
DDC1-ISP-ASW2,DDC1-ISP-ASW2,Eth122/1/3,notconnec,up,down,Yes,1,4,access,1,,Unknown,,,ddc1-prxy-fw1_ISG2000_e1/1,,ddc1-prxy-fw1_ISG2000_e1/1,0,,Unknown,Unknown,Interface Down; Vendor Unknown; Circuit ID Missing; No MAC Addresses Learned
DDC1-ISP-ASW2,DDC1-ISP-ASW2,Eth122/1/4,notconnec,up,down,Yes,1,132,access,1,,Unknown,,,DDCVPNFW2,,DDCVPNFW2 Eth5 mon,0,,Unknown,Unknown,Interface Down; Vendor Unknown; Circuit ID Missing; No MAC Addresses Learned
DDC1-ISP-ASW2,DDC1-ISP-ASW2,Eth122/1/5,notconnec,up,down,Yes,1,4,access,1,,Unknown,,,DDC1-SSLVPN-GW1,,DDC1-SSLVPN-GW1 P3-Int mon,0,,Unknown,Unknown,Interface Down; Vendor Unknown; Circuit ID Missing; No MAC Addresses Learned
DDC1-ISP-ASW2,DDC1-ISP-ASW2,Eth122/1/6,connected,up,up,No,0,4,access,1,,Unknown,,,DDC1-B2B-FW4,B2B,DDC1-B2B-FW4 ISG2000 Eth1/1 mon,0,,Unknown,Unknown,Vendor Unknown; Circuit ID Missing; No MAC Addresses Learned
DDC1-ISP-ASW2,DDC1-ISP-ASW2,Eth122/1/7,notconnec,up,down,Yes,1,10,access,1,,Unknown,,,DDCVPNFW2,,DDCVPNFW2 Eth3 mon,0,,Unknown,Unknown,Interface Down; Vendor Unknown; Circuit ID Missing; No MAC Addresses Learned
DDC1-ISP-ASW2,DDC1-ISP-ASW2,Eth122/1/9,connected,up,up,No,0,133,access,1,,Unknown,,,DISAFW2,,DISAFW2 Outside mon,0,,Unknown,Unknown,Vendor Unknown; Circuit ID Missing; No MAC Addresses Learned
DDC1-ISP-ASW2,DDC1-ISP-ASW2,Eth122/1/11,notconnec,up,down,Yes,1,trunk,trunk,1,,Unknown,,,DDC1-CB-INTFW2,,DDC1-CB-INTFW2 Gig1,0,,Unknown,Unknown,Interface Down; Vendor Unknown; Circuit ID Missing; No MAC Addresses Learned
DDC1-ISP-ASW2,DDC1-ISP-ASW2,Eth122/1/12,notconnec,up,down,Yes,1,20,access,1,,Unknown,,,DDC1-SSLVPN-GW1,,DDC1-SSLVPN-GW1 P0-Int mon,0,,Unknown,Unknown,Interface Down; Vendor Unknown; Circuit ID Missing; No MAC Addresses Learned
DDC1-ISP-ASW2,DDC1-ISP-ASW2,Eth122/1/17,notconnec,up,down,Yes,1,4,access,1,,Unknown,,,DDC1-AZUREB2B-FW2,,DDC1-AZUREB2B-FW2 Eth0/9 mon,0,,Unknown,Unknown,Interface Down; Vendor Unknown; Circuit ID Missing; No MAC Addresses Learned
DDC1-ISP-ASW2,DDC1-ISP-ASW2,Eth122/1/19,notconnec,up,down,Yes,1,9,access,1,,Unknown,,,DDCMHSFW2,,DDCMHSFW2 Eth0/2 mon,0,,Unknown,Unknown,Interface Down; Vendor Unknown; Circuit ID Missing; No MAC Addresses Learned
DDC1-ISP-ASW2,DDC1-ISP-ASW2,Eth122/1/21,notconnec,up,down,Yes,1,10,access,1,,Unknown,,,DDCSSLVPN2,,DDCSSLVPN2 Eth1 mon,0,,Unknown,Unknown,Interface Down; Vendor Unknown; Circuit ID Missing; No MAC Addresses Learned
DDC1-ISP-ASW2,DDC1-ISP-ASW2,Eth122/1/24,notconnec,up,down,Yes,1,trunk,trunk,1,,Unknown,,,DDC1-MHSD1-FW2,,DDC1-MHSD1-FW2 g1/4,0,,Unknown,Unknown,Interface Down; Vendor Unknown; Circuit ID Missing; No MAC Addresses Learned
DDC1-ISP-ASW2,DDC1-ISP-ASW2,Eth122/1/25,notconnec,up,down,Yes,1,trunk,trunk,1,,Unknown,,,DDC1-MHSD1-FW2,,DDC1-MHSD1-FW2 g1/5,0,,Unknown,Unknown,Interface Down; Vendor Unknown; Circuit ID Missing; No MAC Addresses Learned
DDC1-ISP-ASW2,DDC1-ISP-ASW2,Eth122/1/26,notconnec,up,down,Yes,1,routed,,,,Unknown,,,DDC1-RTBH-GRT1,,DDC1-RTBH-GRT1,0,,Unknown,Unknown,Interface Down; Vendor Unknown; Circuit ID Missing; No MAC Addresses Learned
DDC1-ISP-ASW2,DDC1-ISP-ASW2,Eth122/1/27,connected,up,up,No,0,routed,,,,Unknown,,Internet,DDC1-MDFE1-VCRT1,INTERNET,DDC1-MDFE1-VCRT1 Internet GE2,0,,Unknown,Unknown,Vendor Unknown; Circuit ID Missing; No MAC Addresses Learned
DDC1-ISP-ASW2,DDC1-ISP-ASW2,Eth122/1/30,connected,up,up,No,0,routed,,,,Unknown,,Internet,DDC1-MDFE1-ERT2,INTERNET,DDC1-MDFE1-ERT2 TWAN0 Internet,0,,Unknown,Unknown,Vendor Unknown; Circuit ID Missing; No MAC Addresses Learned
DDC1-ISP-ASW2,DDC1-ISP-ASW2,Eth122/1/31,notconnec,up,down,Yes,1,41,access,1,,Unknown,,Internet,DDC1-MDFE1-FRT1,INTERNET,DDC1-MDFE1-FRT1 Internet GE2,0,,Unknown,Unknown,Interface Down; Vendor Unknown; Circuit ID Missing; No MAC Addresses Learned
DDC1-ISP-ASW2,DDC1-ISP-ASW2,Eth122/1/32,notconnec,up,down,Yes,1,41,access,1,,Unknown,,Internet,DDC1-MDFE1-FRT2,INTERNET,DDC1-MDFE1-FRT2 Internet GE2,0,,Unknown,Unknown,Interface Down; Vendor Unknown; Circuit ID Missing; No MAC Addresses Learned
DDC1-ISP-GRT2,DDC1-ISP-GRT2,Te0/0/0,up,up,up,No,0,,,,,Unknown,,,DDC1-ISP-ASW1,ISP,DDC1-ISP-ASW1,0,,Unknown,Unknown,Vendor Unknown; Circuit ID Missing; No MAC Addresses Learned
DDC1-ISP-GRT2,DDC1-ISP-GRT2,Te0/0/1,up,up,up,No,0,,,,,Unknown,,,DDC1-ISP-ASW2,ISP,DDC1-ISP-ASW2,0,,Unknown,Unknown,Vendor Unknown; Circuit ID Missing; No MAC Addresses Learned
DDC1-ISP-GRT2,DDC1-ISP-GRT2,Gi0/0/0,down,admin down,down,Yes,1,,,,,Unknown,,,,,,0,,Unknown,Unknown,Interface Down; Vendor Unknown; Circuit ID Missing; No MAC Addresses Learned
DDC1-ISP-GRT2,DDC1-ISP-GRT2,Gi0/0/1,down,admin down,down,Yes,1,,,,,Unknown,,,,,,0,,Unknown,Unknown,Interface Down; Vendor Unknown; Circuit ID Missing; No MAC Addresses Learned
DDC1-ISP-GRT2,DDC1-ISP-GRT2,Gi0/0/2,down,admin down,down,Yes,1,,,,,Unknown,,,,,,0,,Unknown,Unknown,Interface Down; Vendor Unknown; Circuit ID Missing; No MAC Addresses Learned
DDC1-ISP-GRT2,DDC1-ISP-GRT2,Gi0/0/3,down,admin down,down,Yes,1,,,,,Unknown,,,,,,0,,Unknown,Unknown,Interface Down; Vendor Unknown; Circuit ID Missing; No MAC Addresses Learned
DDC1-ISP-GRT2,DDC1-ISP-GRT2,Gi0/0/4,up,up,up,No,0,,,,,VERIZON,,Internet,Verizon,"INTERNET,VERIZON",Verizon Internet U296336,0,,Unknown,Unknown,Circuit ID Missing; No MAC Addresses Learned
DDC1-ISP-GRT2,DDC1-ISP-GRT2,Gi0/0/5,down,admin down,down,Yes,1,,,,,Unknown,,,,,,0,,Unknown,Unknown,Interface Down; Vendor Unknown; Circuit ID Missing; No MAC Addresses Learned
DDC1-ISP-GRT2,DDC1-ISP-GRT2,Te0/1/0,up,up,up,No,0,,,,,VERIZON,u334515,,WAN_ISP,VERIZON,WAN_ISP | Verizon | DIA | CID:u334515 | SID:E7003573 | Port Shelf 5 Ports 1-2 | BW:10G/10G,0,,Unknown,Unknown,No MAC Addresses Learned
DDC1-ISP-GRT2,DDC1-ISP-GRT2,Gi0,up,up,up,No,0,,,,,Unknown,,,DDC1-ISP-GRT2,ISP,DDC1-ISP-GRT2,0,,Unknown,Unknown,Vendor Unknown; Circuit ID Missing; No MAC Addresses Learned
DDC1-ISP-GRT1,DDC1-ISP-GRT1,Te0/0/0,up,up,up,No,0,,,,,Unknown,,,DDC1-IS-ASW1,,DDC1-IS-ASW1 E1/47,0,,Unknown,Unknown,Vendor Unknown; Circuit ID Missing; No MAC Addresses Learned
DDC1-ISP-GRT1,DDC1-ISP-GRT1,Te0/0/1,up,up,up,No,0,,,,,Unknown,,,DDC1-ISP-ASW2,ISP,DDC1-ISP-ASW2 E1/47,0,,Unknown,Unknown,Vendor Unknown; Circuit ID Missing; No MAC Addresses Learned
DDC1-ISP-GRT1,DDC1-ISP-GRT1,Gi0/0/0,down,admin down,down,Yes,1,,,,,Unknown,,,,,,0,,Unknown,Unknown,Interface Down; Vendor Unknown; Circuit ID Missing; No MAC Addresses Learned
DDC1-ISP-GRT1,DDC1-ISP-GRT1,Gi0/0/1,down,admin down,down,Yes,1,,,,,Unknown,,,,,,0,,Unknown,Unknown,Interface Down; Vendor Unknown; Circuit ID Missing; No MAC Addresses Learned
DDC1-ISP-GRT1,DDC1-ISP-GRT1,Gi0/0/2,down,admin down,down,Yes,1,,,,,Unknown,,,,,,0,,Unknown,Unknown,Interface Down; Vendor Unknown; Circuit ID Missing; No MAC Addresses Learned
DDC1-ISP-GRT1,DDC1-ISP-GRT1,Gi0/0/3,down,admin down,down,Yes,1,,,,,Unknown,,,,,,0,,Unknown,Unknown,Interface Down; Vendor Unknown; Circuit ID Missing; No MAC Addresses Learned
DDC1-ISP-GRT1,DDC1-ISP-GRT1,Gi0/0/4,down,admin down,down,Yes,1,,,,,Unknown,,,,,,0,,Unknown,Unknown,Interface Down; Vendor Unknown; Circuit ID Missing; No MAC Addresses Learned
DDC1-ISP-GRT1,DDC1-ISP-GRT1,Gi0/0/5,down,admin down,down,Yes,1,,,,,Unknown,,,,,,0,,Unknown,Unknown,Interface Down; Vendor Unknown; Circuit ID Missing; No MAC Addresses Learned
DDC1-ISP-GRT1,DDC1-ISP-GRT1,Te0/1/0,up,up,up,No,0,,,,,CENTURYLINK,ETH10GB-22719538,,WAN_ISP,,WAN_ISP | CenturyLINK | DIA |CID:ETH10GB-22719538 CFA - RR 020101.07 |PANEL PORTS 9&10,0,,Unknown,Unknown,No MAC Addresses Learned
DDC1-ISP-GRT1,DDC1-ISP-GRT1,Gi0,up,up,up,No,0,,,,,Unknown,,,DDC1-ISP-GRT1,ISP,DDC1-ISP-GRT1,0,,Unknown,Unknown,Vendor Unknown; Circuit ID Missing; No MAC Addresses Learned
DDC1-EXT-GRT1,DDC1-EXT-GRT1,Gi0/0/0,up,up,up,No,0,,,,,Unknown,,,DDC1-EXT-GRT2,,DDC1-EXT-GRT2 Gig 0/0/0,0,,Unknown,Unknown,Vendor Unknown; Circuit ID Missing; No MAC Addresses Learned
DDC1-EXT-GRT1,DDC1-EXT-GRT1,Gi0/0/1,down,admin down,down,Yes,1,,,,,Unknown,,,,,,0,,Unknown,Unknown,Interface Down; Vendor Unknown; Circuit ID Missing; No MAC Addresses Learned
DDC1-EXT-GRT1,DDC1-EXT-GRT1,Gi0/0/2,up,up,up,No,0,,,,,ATT,BKEC,,WAN_EXT,,"WAN_EXT | ATT | MPLS | CID:BKEC.517291 TY-2, PNL 2A | LID:N/A | BW:VARIABLE | DDC1-MAN-ASW3 | Te1/13",0,,Unknown,Unknown,No MAC Addresses Learned
DDC1-EXT-GRT1,DDC1-EXT-GRT1,Gi0/0/3,down,admin down,down,Yes,1,,,,,Unknown,,,,,,0,,Unknown,Unknown,Interface Down; Vendor Unknown; Circuit ID Missing; No MAC Addresses Learned
DDC1-EXT-GRT1,DDC1-EXT-GRT1,Gi2/0/0,down,admin down,down,Yes,1,,,,,Unknown,,,DDC1-EXT-DSW1,,DDC1-EXT-DSW1 Gig 1/1/3,0,,Unknown,Unknown,Interface Down; Vendor Unknown; Circuit ID Missing; No MAC Addresses Learned
DDC1-EXT-GRT1,DDC1-EXT-GRT1,Gi2/0/1,down,admin down,down,Yes,1,,,,,Unknown,,,DDC1-EXT-DSW2,,DDC1-EXT-DSW2 Gig 1/1/3,0,,Unknown,Unknown,Interface Down; Vendor Unknown; Circuit ID Missing; No MAC Addresses Learned
DDC1-EXT-GRT1,DDC1-EXT-GRT1,Gi2/0/2,down,admin down,down,Yes,1,,,,,Unknown,,,,,,0,,Unknown,Unknown,Interface Down; Vendor Unknown; Circuit ID Missing; No MAC Addresses Learned
DDC1-EXT-GRT1,DDC1-EXT-GRT1,Gi2/0/3,down,admin down,down,Yes,1,,,,,Unknown,,,,,,0,,Unknown,Unknown,Interface Down; Vendor Unknown; Circuit ID Missing; No MAC Addresses Learned
DDC1-EXT-GRT1,DDC1-EXT-GRT1,Gi2/0/4,down,admin down,down,Yes,1,,,,,Unknown,,,,,,0,,Unknown,Unknown,Interface Down; Vendor Unknown; Circuit ID Missing; No MAC Addresses Learned
DDC1-EXT-GRT1,DDC1-EXT-GRT1,Gi2/0/5,down,admin down,down,Yes,1,,,,,Unknown,,,,,,0,,Unknown,Unknown,Interface Down; Vendor Unknown; Circuit ID Missing; No MAC Addresses Learned
DDC1-EXT-GRT1,DDC1-EXT-GRT1,Gi0,up,up,up,No,0,,,,,Unknown,,,DDC1-EXT-GRT1,,DDC1-EXT-GRT1,0,,Unknown,Unknown,Vendor Unknown; Circuit ID Missing; No MAC Addresses Learned
DDC1-EXT-GRT1,DDC1-EXT-GRT1,Tu0,down,up,down,Yes,1,,,,,Unknown,,,SUN2-MDFA1-ART1,,SUN2-MDFA1-ART1,0,,Unknown,Unknown,Interface Down; Vendor Unknown; Circuit ID Missing; No MAC Addresses Learned
DDC1-EXT-GRT1,DDC1-EXT-GRT1,Tu1,down,up,down,Yes,1,,,,,Unknown,,,RiteAid,,RiteAid Tunnel to RTA1-MDFA1-ART1,0,,Unknown,Unknown,Interface Down; Vendor Unknown; Circuit ID Missing; No MAC Addresses Learned
DDC1-EXT-GRT1,DDC1-EXT-GRT1,Tu4,down,up,down,Yes,1,,,,,Unknown,,,CGZ1-MDFA1-ART1,,CGZ1-MDFA1-ART1 - Cognizant,0,,Unknown,Unknown,Interface Down; Vendor Unknown; Circuit ID Missing; No MAC Addresses Learned
DDC1-EXT-GRT1,DDC1-EXT-GRT1,Tu5,down,up,down,Yes,1,,,,,Unknown,,,SCL1-MDFA1-ART1,,SCL1-MDFA1-ART1 - FIVE9,0,,Unknown,Unknown,Interface Down; Vendor Unknown; Circuit ID Missing; No MAC Addresses Learned
DDC1-EXT-GRT1,DDC1-EXT-GRT1,Tu6,down,up,down,Yes,1,,,,,Unknown,,,Tunnel,,Tunnel to SCD1-EXT-ART1,0,,Unknown,Unknown,Interface Down; Vendor Unknown; Circuit ID Missing; No MAC Addresses Learned
DDC1-EXT-GRT1,DDC1-EXT-GRT1,Tu7,down,up,down,Yes,1,,,,,Unknown,,,Tunnel,,Tunnel to HPA-EXT-ART1,0,,Unknown,Unknown,Interface Down; Vendor Unknown; Circuit ID Missing; No MAC Addresses Learned
DDC1-EXT-GRT2,DDC1-EXT-GRT2,Gi0/0/0,up,up,up,No,0,,,,,Unknown,,,DDC1-EXT-GRT1,,DDC1-EXT-GRT1 Gig 0/0/0,0,,Unknown,Unknown,Vendor Unknown; Circuit ID Missing; No MAC Addresses Learned
DDC1-EXT-GRT2,DDC1-EXT-GRT2,Gi0/0/1,down,admin down,down,Yes,1,,,,,Unknown,,,,,,0,,Unknown,Unknown,Interface Down; Vendor Unknown; Circuit ID Missing; No MAC Addresses Learned
DDC1-EXT-GRT2,DDC1-EXT-GRT2,Gi0/0/2,up,up,up,No,0,,,,,CENTURYLINK,ETH1000-16007518,,CenturyLink,,CenturyLink METRO-E | DDC1-MAN-ASW2_G1/0/27 | VLAN 43 | Circuit ETH1000-16007518,0,,Unknown,Unknown,No MAC Addresses Learned
DDC1-EXT-GRT2,DDC1-EXT-GRT2,Gi0/0/3,down,admin down,down,Yes,1,,,,,Unknown,,,,,,0,,Unknown,Unknown,Interface Down; Vendor Unknown; Circuit ID Missing; No MAC Addresses Learned
DDC1-EXT-GRT2,DDC1-EXT-GRT2,Gi2/0/0,down,admin down,down,Yes,1,,,,,Unknown,,,DDC1-EXT-DSW1,,DDC1-EXT-DSW1 Gig 1/1/4,0,,Unknown,Unknown,Interface Down; Vendor Unknown; Circuit ID Missing; No MAC Addresses Learned
DDC1-EXT-GRT2,DDC1-EXT-GRT2,Gi2/0/1,down,admin down,down,Yes,1,,,,,Unknown,,,DDC1-EXT-DSW2,,DDC1-EXT-DSW2 Gig 1/1/4,0,,Unknown,Unknown,Interface Down; Vendor Unknown; Circuit ID Missing; No MAC Addresses Learned
DDC1-EXT-GRT2,DDC1-EXT-GRT2,Gi2/0/2,down,admin down,down,Yes,1,,,,,Unknown,,,,,,0,,Unknown,Unknown,Interface Down; Vendor Unknown; Circuit ID Missing; No MAC Addresses Learned
DDC1-EXT-GRT2,DDC1-EXT-GRT2,Gi2/0/3,down,admin down,down,Yes,1,,,,,Unknown,,,,,,0,,Unknown,Unknown,Interface Down; Vendor Unknown; Circuit ID Missing; No MAC Addresses Learned
DDC1-EXT-GRT2,DDC1-EXT-GRT2,Gi2/0/4,down,admin down,down,Yes,1,,,,,Unknown,,,,,,0,,Unknown,Unknown,Interface Down; Vendor Unknown; Circuit ID Missing; No MAC Addresses Learned
DDC1-EXT-GRT2,DDC1-EXT-GRT2,Gi2/0/5,down,admin down,down,Yes,1,,,,,Unknown,,,,,,0,,Unknown,Unknown,Interface Down; Vendor Unknown; Circuit ID Missing; No MAC Addresses Learned
DDC1-EXT-GRT2,DDC1-EXT-GRT2,Gi0,up,up,up,No,0,,,,,Unknown,,,DDC1-EXT-GRT2,,DDC1-EXT-GRT2,0,,Unknown,Unknown,Vendor Unknown; Circuit ID Missing; No MAC Addresses Learned
DDC1-EXT-GRT2,DDC1-EXT-GRT2,Tu0,down,up,down,Yes,1,,,,,Unknown,,,SUN2-MDFA1-ART2,,SUN2-MDFA1-ART2,0,,Unknown,Unknown,Interface Down; Vendor Unknown; Circuit ID Missing; No MAC Addresses Learned
DDC1-EXT-GRT2,DDC1-EXT-GRT2,Tu1,down,up,down,Yes,1,,,,,Unknown,,,RiteAid,,RiteAid Tunnel to RTA1-MDFA1-ART2,0,,Unknown,Unknown,Interface Down; Vendor Unknown; Circuit ID Missing; No MAC Addresses Learned
DDC1-EXT-GRT2,DDC1-EXT-GRT2,Tu2,down,up,down,Yes,1,,,,,Unknown,,,T-SYSTEMS,,T-SYSTEMS,0,,Unknown,Unknown,Interface Down; Vendor Unknown; Circuit ID Missing; No MAC Addresses Learned
DDC1-EXT-GRT2,DDC1-EXT-GRT2,Tu3,down,up,down,Yes,1,,,,,Unknown,,,T-SYSTEMS,,T-SYSTEMS,0,,Unknown,Unknown,Interface Down; Vendor Unknown; Circuit ID Missing; No MAC Addresses Learned
DDC1-EXT-GRT2,DDC1-EXT-GRT2,Tu4,down,up,down,Yes,1,,,,,Unknown,,,cgz1-mdfa1-art2,,cgz1-mdfa1-art2,0,,Unknown,Unknown,Interface Down; Vendor Unknown; Circuit ID Missing; No MAC Addresses Learned
DDC1-EXT-GRT2,DDC1-EXT-GRT2,Tu5,down,up,down,Yes,1,,,,,Unknown,,,Tunnel,,Tunnel to SCL1-MDFA1-ART2 - FIVE9,0,,Unknown,Unknown,Interface Down; Vendor Unknown; Circuit ID Missing; No MAC Addresses Learned
DDC1-EXT-GRT2,DDC1-EXT-GRT2,Tu6,down,up,down,Yes,1,,,,,Unknown,,,Tunnel,,Tunnel to SCD1-EXT-ART2,0,,Unknown,Unknown,Interface Down; Vendor Unknown; Circuit ID Missing; No MAC Addresses Learned
DDC1-EXT-GRT2,DDC1-EXT-GRT2,Tu7,down,up,down,Yes,1,,,,,Unknown,,,Tunnel,,Tunnel to ATL6-MDFA1-ART1,0,,Unknown,Unknown,Interface Down; Vendor Unknown; Circuit ID Missing; No MAC Addresses Learned
DDC1-EXT-GRT2,DDC1-EXT-GRT2,Tu8,down,up,down,Yes,1,,,,,Unknown,,,Tunnel,,Tunnel to HPD-EXT-ART1,0,,Unknown,Unknown,Interface Down; Vendor Unknown; Circuit ID Missing; No MAC Addresses Learned
DDC1-USON-DSW1,DDC1-USON-DSW1,Eth3/1,connected,up,up,No,0,trunk,trunk,1,,Unknown,,,UPLINK,,UPLINK | DDC1-USON-DSW2 | Eth3/1 |,0,,Unknown,Unknown,Vendor Unknown; Circuit ID Missing; No MAC Addresses Learned
DDC1-USON-DSW1,DDC1-USON-DSW1,Eth3/2,connected,up,up,No,0,routed,,,,Unknown,,,UPLINK,,UPLINK | DDC1-USON-DSW2 | Eth3/2 |,0,,Unknown,Unknown,Vendor Unknown; Circuit ID Missing; No MAC Addresses Learned
DDC1-USON-DSW1,DDC1-USON-DSW1,Eth3/3,notconnec,up,down,Yes,1,trunk,trunk,1,,Unknown,,,BU9077,,BU9077 ddcsp02b02-C7P04,0,,Unknown,Unknown,Interface Down; Vendor Unknown; Circuit ID Missing; No MAC Addresses Learned
DDC1-USON-DSW1,DDC1-USON-DSW1,Eth3/4,notconnec,up,down,Yes,1,trunk,trunk,1,,Unknown,,,BU113400,,BU113400 ddcsp04b02-C7P04,0,,Unknown,Unknown,Interface Down; Vendor Unknown; Circuit ID Missing; No MAC Addresses Learned
DDC1-USON-DSW1,DDC1-USON-DSW1,Eth3/5,notconnec,up,down,Yes,1,trunk,trunk,1,,Unknown,,,BU113400,,BU113400 ddcsp04c02-C7P04,0,,Unknown,Unknown,Interface Down; Vendor Unknown; Circuit ID Missing; No MAC Addresses Learned
DDC1-USON-DSW1,DDC1-USON-DSW1,Eth3/6,notconnec,up,down,Yes,1,trunk,trunk,1,,Unknown,,,BU9077,,BU9077 ddcsp02c02-C7P04,0,,Unknown,Unknown,Interface Down; Vendor Unknown; Circuit ID Missing; No MAC Addresses Learned
DDC1-USON-DSW1,DDC1-USON-DSW1,Eth3/7,connected,up,up,No,0,trunk,trunk,1,,Unknown,,,UPLINK,,UPLINK | DDC1-USON-ASW1 | Eth1/3 |,0,,Unknown,Unknown,Vendor Unknown; Circuit ID Missing; No MAC Addresses Learned
DDC1-USON-DSW1,DDC1-USON-DSW1,Eth3/8,connected,up,up,No,0,trunk,trunk,1,,Unknown,,,UPLINK,,UPLINK | DDC1-USON-ASW3 | Eth1/3 |,0,,Unknown,Unknown,Vendor Unknown; Circuit ID Missing; No MAC Addresses Learned
DDC1-USON-DSW1,DDC1-USON-DSW1,Eth3/9,connected,up,up,No,0,trunk,trunk,1,,Unknown,,,DDC1-USON-SDX1,,DDC1-USON-SDX1 | Citrix NetScaler SDX 11520 | 10/1,0,,Unknown,Unknown,Vendor Unknown; Circuit ID Missing; No MAC Addresses Learned
DDC1-USON-DSW1,DDC1-USON-DSW1,Eth3/10,connected,up,up,Yes,0,131,access,1,,Unknown,,,UPLINK,,UPLINK | MDS-DDC-SW1 | Gig6/1 |,1,001d.a20f.982c,"Cisco Systems, Inc",Network Device,Vendor Unknown; Circuit ID Missing
DDC1-USON-DSW1,DDC1-USON-DSW1,Eth3/11,connected,up,up,No,0,200,access,1,,Unknown,,,DDC1-USONME-FW3,,DDC1-USONME-FW3 E1/9,0,,Unknown,Unknown,Vendor Unknown; Circuit ID Missing; No MAC Addresses Learned
DDC1-USON-DSW1,DDC1-USON-DSW1,Eth3/12,notconnec,up,down,Yes,1,500,access,1,,Unknown,,,BU9077,,BU9077 DDCDD98002 eth1c,0,,Unknown,Unknown,Interface Down; Vendor Unknown; Circuit ID Missing; No MAC Addresses Learned
DDC1-USON-DSW1,DDC1-USON-DSW1,Eth3/13,connected,up,up,No,0,routed,,,,Unknown,,,UPLINK,,UPLINK | DDC1-MDFA1-RSW1 | Eth1/8 |,0,,Unknown,Unknown,Vendor Unknown; Circuit ID Missing; No MAC Addresses Learned
DDC1-USON-DSW1,DDC1-USON-DSW1,Eth3/14,sfpabsent,up,down,Yes,1,routed,,,,Unknown,,,--,,--,0,,Unknown,Unknown,Interface Down; Vendor Unknown; Circuit ID Missing; No MAC Addresses Learned
DDC1-USON-DSW1,DDC1-USON-DSW1,Eth3/15,sfpabsent,up,down,Yes,1,routed,,,,Unknown,,,--,,--,0,,Unknown,Unknown,Interface Down; Vendor Unknown; Circuit ID Missing; No MAC Addresses Learned
DDC1-USON-DSW1,DDC1-USON-DSW1,Eth3/16,sfpabsent,up,down,Yes,1,routed,,,,Unknown,,,--,,--,0,,Unknown,Unknown,Interface Down; Vendor Unknown; Circuit ID Missing; No MAC Addresses Learned
DDC1-USON-DSW1,DDC1-USON-DSW1,Eth3/17,sfpabsent,up,down,Yes,1,routed,,,,Unknown,,,--,,--,0,,Unknown,Unknown,Interface Down; Vendor Unknown; Circuit ID Missing; No MAC Addresses Learned
DDC1-USON-DSW1,DDC1-USON-DSW1,Eth3/18,sfpabsent,up,down,Yes,1,routed,,,,Unknown,,,--,,--,0,,Unknown,Unknown,Interface Down; Vendor Unknown; Circuit ID Missing; No MAC Addresses Learned
DDC1-USON-DSW1,DDC1-USON-DSW1,Eth3/19,sfpabsent,up,down,Yes,1,routed,,,,Unknown,,,--,,--,0,,Unknown,Unknown,Interface Down; Vendor Unknown; Circuit ID Missing; No MAC Addresses Learned
DDC1-USON-DSW1,DDC1-USON-DSW1,Eth3/20,sfpabsent,up,down,Yes,1,routed,,,,Unknown,,,--,,--,0,,Unknown,Unknown,Interface Down; Vendor Unknown; Circuit ID Missing; No MAC Addresses Learned
DDC1-USON-DSW1,DDC1-USON-DSW1,Eth3/21,sfpabsent,up,down,Yes,1,routed,,,,Unknown,,,--,,--,0,,Unknown,Unknown,Interface Down; Vendor Unknown; Circuit ID Missing; No MAC Addresses Learned
DDC1-USON-DSW1,DDC1-USON-DSW1,Eth3/22,sfpabsent,up,down,Yes,1,routed,,,,Unknown,,,--,,--,0,,Unknown,Unknown,Interface Down; Vendor Unknown; Circuit ID Missing; No MAC Addresses Learned
DDC1-USON-DSW1,DDC1-USON-DSW1,Eth3/23,connected,up,up,No,0,1700,access,1,,Unknown,,,DDC1-USON-FW5,,DDC1-USON-FW5 E7 AE2,0,,Unknown,Unknown,Vendor Unknown; Circuit ID Missing; No MAC Addresses Learned
DDC1-USON-DSW1,DDC1-USON-DSW1,Eth3/24,connected,up,up,No,0,1700,access,1,,Unknown,,,DDC1-USON-FW5,,DDC1-USON-FW5 E8 AE2,0,,Unknown,Unknown,Vendor Unknown; Circuit ID Missing; No MAC Addresses Learned
DDC1-USON-DSW1,DDC1-USON-DSW1,Eth3/25,sfpabsent,up,down,Yes,1,routed,,,,Unknown,,,--,,--,0,,Unknown,Unknown,Interface Down; Vendor Unknown; Circuit ID Missing; No MAC Addresses Learned
DDC1-USON-DSW1,DDC1-USON-DSW1,Eth3/26,sfpabsent,up,down,Yes,1,routed,,,,Unknown,,,--,,--,0,,Unknown,Unknown,Interface Down; Vendor Unknown; Circuit ID Missing; No MAC Addresses Learned
DDC1-USON-DSW1,DDC1-USON-DSW1,Eth3/27,sfpabsent,up,down,Yes,1,routed,,,,Unknown,,,--,,--,0,,Unknown,Unknown,Interface Down; Vendor Unknown; Circuit ID Missing; No MAC Addresses Learned
DDC1-USON-DSW1,DDC1-USON-DSW1,Eth3/28,sfpabsent,up,down,Yes,1,routed,,,,Unknown,,,--,,--,0,,Unknown,Unknown,Interface Down; Vendor Unknown; Circuit ID Missing; No MAC Addresses Learned
DDC1-USON-DSW1,DDC1-USON-DSW1,Eth3/29,sfpabsent,up,down,Yes,1,routed,,,,Unknown,,,--,,--,0,,Unknown,Unknown,Interface Down; Vendor Unknown; Circuit ID Missing; No MAC Addresses Learned
DDC1-USON-DSW1,DDC1-USON-DSW1,Eth3/30,sfpabsent,up,down,Yes,1,routed,,,,Unknown,,,--,,--,0,,Unknown,Unknown,Interface Down; Vendor Unknown; Circuit ID Missing; No MAC Addresses Learned
DDC1-USON-DSW1,DDC1-USON-DSW1,Eth3/31,sfpabsent,up,down,Yes,1,routed,,,,Unknown,,,--,,--,0,,Unknown,Unknown,Interface Down; Vendor Unknown; Circuit ID Missing; No MAC Addresses Learned
DDC1-USON-DSW1,DDC1-USON-DSW1,Eth3/32,sfpabsent,up,down,Yes,1,routed,,,,Unknown,,,--,,--,0,,Unknown,Unknown,Interface Down; Vendor Unknown; Circuit ID Missing; No MAC Addresses Learned
DDC1-USON-DSW1,DDC1-USON-DSW1,Eth3/33,sfpabsent,up,down,Yes,1,routed,,,,Unknown,,,--,,--,0,,Unknown,Unknown,Interface Down; Vendor Unknown; Circuit ID Missing; No MAC Addresses Learned
DDC1-USON-DSW1,DDC1-USON-DSW1,Eth3/34,sfpabsent,up,down,Yes,1,routed,,,,Unknown,,,--,,--,0,,Unknown,Unknown,Interface Down; Vendor Unknown; Circuit ID Missing; No MAC Addresses Learned
DDC1-USON-DSW1,DDC1-USON-DSW1,Eth3/35,sfpabsent,up,down,Yes,1,routed,,,,Unknown,,,--,,--,0,,Unknown,Unknown,Interface Down; Vendor Unknown; Circuit ID Missing; No MAC Addresses Learned
DDC1-USON-DSW1,DDC1-USON-DSW1,Eth3/36,sfpabsent,up,down,Yes,1,routed,,,,Unknown,,,--,,--,0,,Unknown,Unknown,Interface Down; Vendor Unknown; Circuit ID Missing; No MAC Addresses Learned
DDC1-USON-DSW1,DDC1-USON-DSW1,Eth3/37,sfpabsent,up,down,Yes,1,routed,,,,Unknown,,,--,,--,0,,Unknown,Unknown,Interface Down; Vendor Unknown; Circuit ID Missing; No MAC Addresses Learned
DDC1-USON-DSW1,DDC1-USON-DSW1,Eth3/38,sfpabsent,up,down,Yes,1,routed,,,,Unknown,,,--,,--,0,,Unknown,Unknown,Interface Down; Vendor Unknown; Circuit ID Missing; No MAC Addresses Learned
DDC1-USON-DSW1,DDC1-USON-DSW1,Eth3/39,connected,up,up,No,0,routed,,,,Unknown,,,UPLINK,,UPLINK | DDC1-MAN-ASW1 | Ten1/2 |,0,,Unknown,Unknown,Vendor Unknown; Circuit ID Missing; No MAC Addresses Learned
DDC1-USON-DSW1,DDC1-USON-DSW1,Eth4/1,connected,up,up,No,0,trunk,trunk,1,,Unknown,,,UPLINK,,UPLINK | DDC1-USON-DSW2 | Eth4/1 |,0,,Unknown,Unknown,Vendor Unknown; Circuit ID Missing; No MAC Addresses Learned
DDC1-USON-DSW1,DDC1-USON-DSW1,Eth4/2,connected,up,up,No,0,routed,,,,Unknown,,,UPLINK,,UPLINK | DDC1-USON-DSW2 | Eth4/2 |,0,,Unknown,Unknown,Vendor Unknown; Circuit ID Missing; No MAC Addresses Learned
DDC1-USON-DSW1,DDC1-USON-DSW1,Eth4/3,notconnec,up,down,Yes,1,trunk,trunk,1,,Unknown,,,BU9077,,BU9077 ddcsp02b02-C10P04,0,,Unknown,Unknown,Interface Down; Vendor Unknown; Circuit ID Missing; No MAC Addresses Learned
DDC1-USON-DSW1,DDC1-USON-DSW1,Eth4/4,notconnec,up,down,Yes,1,trunk,trunk,1,,Unknown,,,BU113400,,BU113400 ddcsp04b02-C5P03,0,,Unknown,Unknown,Interface Down; Vendor Unknown; Circuit ID Missing; No MAC Addresses Learned
DDC1-USON-DSW1,DDC1-USON-DSW1,Eth4/5,connected,up,up,No,0,routed,,,,Unknown,,,UPLINK,,UPLINK | DDC1-VCD-DSW1 | Eth1/40 |,0,,Unknown,Unknown,Vendor Unknown; Circuit ID Missing; No MAC Addresses Learned
DDC1-USON-DSW1,DDC1-USON-DSW1,Eth4/7,connected,up,up,No,0,trunk,trunk,1,,Unknown,,,UPLINK,,UPLINK | DDC1-USON-ASW2 | Eth1/3 |,0,,Unknown,Unknown,Vendor Unknown; Circuit ID Missing; No MAC Addresses Learned
DDC1-USON-DSW1,DDC1-USON-DSW1,Eth4/8,connected,up,up,No,0,trunk,trunk,1,,Unknown,,,UPLINK,,UPLINK | DDC1-USON-ASW4 | Eth1/3 |,0,,Unknown,Unknown,Vendor Unknown; Circuit ID Missing; No MAC Addresses Learned
DDC1-USON-DSW1,DDC1-USON-DSW1,Eth4/9,connected,up,up,No,0,trunk,trunk,1,,Unknown,,,DDC1-USON-SDX2,,DDC1-USON-SDX2 | Citrix NetScaler SDX 11520 | 10/1,0,,Unknown,Unknown,Vendor Unknown; Circuit ID Missing; No MAC Addresses Learned
DDC1-USON-DSW1,DDC1-USON-DSW1,Eth4/10,notconnec,up,down,Yes,1,133,access,1,,Unknown,,,DDC-MDS-SW2,,DDC-MDS-SW2 Gig6/1,0,,Unknown,Unknown,Interface Down; Vendor Unknown; Circuit ID Missing; No MAC Addresses Learned
DDC1-USON-DSW1,DDC1-USON-DSW1,Eth4/11,connected,up,up,No,0,200,access,1,,Unknown,,,DDC1-USONME-FW3,,DDC1-USONME-FW3 E1/5,0,,Unknown,Unknown,Vendor Unknown; Circuit ID Missing; No MAC Addresses Learned
DDC1-USON-DSW1,DDC1-USON-DSW1,Eth4/12,connected,up,up,Yes,0,500,access,1,,Unknown,,,BU9077,,BU9077 DDCDD98001 eth1c,1,0060.16b6.0fbe,CLARIION,Unknown,Vendor Unknown; Circuit ID Missing
DDC1-USON-DSW1,DDC1-USON-DSW1,Eth4/13,connected,up,up,No,0,routed,,,,Unknown,,,UPLINK,,UPLINK | DDC1-IDFA1-LSW11 | Eth1/36 |,0,,Unknown,Unknown,Vendor Unknown; Circuit ID Missing; No MAC Addresses Learned
DDC1-USON-DSW1,DDC1-USON-DSW1,Eth4/14,notconnec,up,down,Yes,1,112,access,1,,Unknown,,,qa-g2-ora-rac-01,,qa-g2-ora-rac-01,0,,Unknown,Unknown,Interface Down; Vendor Unknown; Circuit ID Missing; No MAC Addresses Learned
DDC1-USON-DSW1,DDC1-USON-DSW1,Eth4/15,notconnec,up,down,Yes,1,145,access,1,,Unknown,,,qa-g2-ora-rac-01_private,,qa-g2-ora-rac-01_private,0,,Unknown,Unknown,Interface Down; Vendor Unknown; Circuit ID Missing; No MAC Addresses Learned
DDC1-USON-DSW1,DDC1-USON-DSW1,Eth4/16,notconnec,up,down,Yes,1,112,access,1,,Unknown,,,qa-g2-ora-rac-02,,qa-g2-ora-rac-02,0,,Unknown,Unknown,Interface Down; Vendor Unknown; Circuit ID Missing; No MAC Addresses Learned
DDC1-USON-DSW1,DDC1-USON-DSW1,Eth4/17,notconnec,up,down,Yes,1,145,access,1,,Unknown,,,qa-g2-ora-rac-02_private,,qa-g2-ora-rac-02_private,0,,Unknown,Unknown,Interface Down; Vendor Unknown; Circuit ID Missing; No MAC Addresses Learned
DDC1-USON-DSW1,DDC1-USON-DSW1,Eth4/18,notconnec,up,down,Yes,1,112,access,1,,Unknown,,,qa-g2-ora-1,,qa-g2-ora-1,0,,Unknown,Unknown,Interface Down; Vendor Unknown; Circuit ID Missing; No MAC Addresses Learned
DDC1-USON-DSW1,DDC1-USON-DSW1,Eth4/19,notconnec,up,down,Yes,1,145,access,1,,Unknown,,,qa-g2-ora-1_private,,qa-g2-ora-1_private,0,,Unknown,Unknown,Interface Down; Vendor Unknown; Circuit ID Missing; No MAC Addresses Learned
DDC1-USON-DSW1,DDC1-USON-DSW1,Eth4/20,notconnec,up,down,Yes,1,112,access,1,,Unknown,,,usodqlpdo001,,usodqlpdo001,0,,Unknown,Unknown,Interface Down; Vendor Unknown; Circuit ID Missing; No MAC Addresses Learned
DDC1-USON-DSW1,DDC1-USON-DSW1,Eth4/21,notconnec,up,down,Yes,1,145,access,1,,Unknown,,,usodqlpdo001_private,,usodqlpdo001_private,0,,Unknown,Unknown,Interface Down; Vendor Unknown; Circuit ID Missing; No MAC Addresses Learned
DDC1-USON-DSW1,DDC1-USON-DSW1,Eth4/22,sfpabsent,up,down,Yes,1,routed,,,,Unknown,,,--,,--,0,,Unknown,Unknown,Interface Down; Vendor Unknown; Circuit ID Missing; No MAC Addresses Learned
DDC1-USON-DSW1,DDC1-USON-DSW1,Eth4/23,sfpabsent,up,down,Yes,1,routed,,,,Unknown,,,--,,--,0,,Unknown,Unknown,Interface Down; Vendor Unknown; Circuit ID Missing; No MAC Addresses Learned
DDC1-USON-DSW1,DDC1-USON-DSW1,Eth4/24,sfpabsent,up,down,Yes,1,routed,,,,Unknown,,,--,,--,0,,Unknown,Unknown,Interface Down; Vendor Unknown; Circuit ID Missing; No MAC Addresses Learned
DDC1-USON-DSW1,DDC1-USON-DSW1,Eth4/25,sfpabsent,up,down,Yes,1,routed,,,,Unknown,,,--,,--,0,,Unknown,Unknown,Interface Down; Vendor Unknown; Circuit ID Missing; No MAC Addresses Learned
DDC1-USON-DSW1,DDC1-USON-DSW1,Eth4/26,sfpabsent,up,down,Yes,1,routed,,,,Unknown,,,--,,--,0,,Unknown,Unknown,Interface Down; Vendor Unknown; Circuit ID Missing; No MAC Addresses Learned
DDC1-USON-DSW1,DDC1-USON-DSW1,Eth4/27,sfpabsent,up,down,Yes,1,routed,,,,Unknown,,,--,,--,0,,Unknown,Unknown,Interface Down; Vendor Unknown; Circuit ID Missing; No MAC Addresses Learned
DDC1-USON-DSW1,DDC1-USON-DSW1,Eth4/28,sfpabsent,up,down,Yes,1,routed,,,,Unknown,,,--,,--,0,,Unknown,Unknown,Interface Down; Vendor Unknown; Circuit ID Missing; No MAC Addresses Learned
DDC1-USON-DSW1,DDC1-USON-DSW1,Eth4/29,sfpabsent,up,down,Yes,1,routed,,,,Unknown,,,--,,--,0,,Unknown,Unknown,Interface Down; Vendor Unknown; Circuit ID Missing; No MAC Addresses Learned
DDC1-USON-DSW1,DDC1-USON-DSW1,Eth4/30,sfpabsent,up,down,Yes,1,routed,,,,Unknown,,,--,,--,0,,Unknown,Unknown,Interface Down; Vendor Unknown; Circuit ID Missing; No MAC Addresses Learned
DDC1-USON-DSW1,DDC1-USON-DSW1,Eth4/31,sfpabsent,up,down,Yes,1,routed,,,,Unknown,,,--,,--,0,,Unknown,Unknown,Interface Down; Vendor Unknown; Circuit ID Missing; No MAC Addresses Learned
DDC1-USON-DSW1,DDC1-USON-DSW1,Eth4/32,sfpabsent,up,down,Yes,1,routed,,,,Unknown,,,--,,--,0,,Unknown,Unknown,Interface Down; Vendor Unknown; Circuit ID Missing; No MAC Addresses Learned
DDC1-USON-DSW1,DDC1-USON-DSW1,Eth4/33,sfpabsent,up,down,Yes,1,routed,,,,Unknown,,,--,,--,0,,Unknown,Unknown,Interface Down; Vendor Unknown; Circuit ID Missing; No MAC Addresses Learned
DDC1-USON-DSW1,DDC1-USON-DSW1,Eth4/34,sfpabsent,up,down,Yes,1,routed,,,,Unknown,,,--,,--,0,,Unknown,Unknown,Interface Down; Vendor Unknown; Circuit ID Missing; No MAC Addresses Learned
DDC1-USON-DSW1,DDC1-USON-DSW1,Eth4/35,sfpabsent,up,down,Yes,1,routed,,,,Unknown,,,--,,--,0,,Unknown,Unknown,Interface Down; Vendor Unknown; Circuit ID Missing; No MAC Addresses Learned
DDC1-USON-DSW1,DDC1-USON-DSW1,Eth4/36,sfpabsent,up,down,Yes,1,routed,,,,Unknown,,,--,,--,0,,Unknown,Unknown,Interface Down; Vendor Unknown; Circuit ID Missing; No MAC Addresses Learned
DDC1-USON-DSW1,DDC1-USON-DSW1,Eth4/37,sfpabsent,up,down,Yes,1,routed,,,,Unknown,,,--,,--,0,,Unknown,Unknown,Interface Down; Vendor Unknown; Circuit ID Missing; No MAC Addresses Learned
DDC1-USON-DSW1,DDC1-USON-DSW1,Eth4/38,sfpabsent,up,down,Yes,1,routed,,,,Unknown,,,--,,--,0,,Unknown,Unknown,Interface Down; Vendor Unknown; Circuit ID Missing; No MAC Addresses Learned
DDC1-USON-DSW1,DDC1-USON-DSW1,Eth4/39,notconnec,up,down,Yes,1,1,access,1,,Unknown,,,DDC1-SPN-XSW1,,DDC1-SPN-XSW1 SPAN/Tap Link,0,,Unknown,Unknown,Interface Down; Vendor Unknown; Circuit ID Missing; No MAC Addresses Learned
DDC1-USON-DSW2,DDC1-USON-DSW2,Eth3/1,connected,up,up,No,0,trunk,trunk,1,,Unknown,,,UPLINK,,UPLINK | DDC1-USON-DSW1 | Eth3/1 |,0,,Unknown,Unknown,Vendor Unknown; Circuit ID Missing; No MAC Addresses Learned
DDC1-USON-DSW2,DDC1-USON-DSW2,Eth3/2,connected,up,up,No,0,routed,,,,Unknown,,,UPLINK,,UPLINK | DDC1-USON-DSW1 | Eth3/2 |,0,,Unknown,Unknown,Vendor Unknown; Circuit ID Missing; No MAC Addresses Learned
DDC1-USON-DSW2,DDC1-USON-DSW2,Eth3/3,notconnec,up,down,Yes,1,trunk,trunk,1,,Unknown,,,BU9077,,BU9077 ddcsp02b02-C5P03,0,,Unknown,Unknown,Interface Down; Vendor Unknown; Circuit ID Missing; No MAC Addresses Learned
DDC1-USON-DSW2,DDC1-USON-DSW2,Eth3/4,notconnec,up,down,Yes,1,trunk,trunk,1,,Unknown,,,BU113400,,BU113400 ddcsp04b02-C10P04,0,,Unknown,Unknown,Interface Down; Vendor Unknown; Circuit ID Missing; No MAC Addresses Learned
DDC1-USON-DSW2,DDC1-USON-DSW2,Eth3/5,notconnec,up,down,Yes,1,trunk,trunk,1,,Unknown,,,BU113400,,BU113400 ddcsp04c02-C7P04,0,,Unknown,Unknown,Interface Down; Vendor Unknown; Circuit ID Missing; No MAC Addresses Learned
DDC1-USON-DSW2,DDC1-USON-DSW2,Eth3/6,notconnec,up,down,Yes,1,trunk,trunk,1,,Unknown,,,BU9077,,BU9077 ddcsp02c02-C7P04,0,,Unknown,Unknown,Interface Down; Vendor Unknown; Circuit ID Missing; No MAC Addresses Learned
DDC1-USON-DSW2,DDC1-USON-DSW2,Eth3/7,connected,up,up,No,0,trunk,trunk,1,,Unknown,,,UPLINK,,UPLINK | DDC1-USON-ASW1 | Eth1/4 |,0,,Unknown,Unknown,Vendor Unknown; Circuit ID Missing; No MAC Addresses Learned
DDC1-USON-DSW2,DDC1-USON-DSW2,Eth3/8,connected,up,up,No,0,trunk,trunk,1,,Unknown,,,UPLINK,,UPLINK | DDC1-USON-ASW3 | Eth1/4 |,0,,Unknown,Unknown,Vendor Unknown; Circuit ID Missing; No MAC Addresses Learned
DDC1-USON-DSW2,DDC1-USON-DSW2,Eth3/9,connected,up,up,No,0,trunk,trunk,1,,Unknown,,,DDC1-USON-SDX1,,DDC1-USON-SDX1 | Citrix NetScaler SDX 11520 | 10/1,0,,Unknown,Unknown,Vendor Unknown; Circuit ID Missing; No MAC Addresses Learned
DDC1-USON-DSW2,DDC1-USON-DSW2,Eth3/10,notconnec,up,down,Yes,1,132,access,1,,Unknown,,,DDC-MDS-SW1,,DDC-MDS-SW1 Gig6/2,0,,Unknown,Unknown,Interface Down; Vendor Unknown; Circuit ID Missing; No MAC Addresses Learned
DDC1-USON-DSW2,DDC1-USON-DSW2,Eth3/11,connected,up,up,No,0,200,access,1,,Unknown,,,DDC1-USONME-FW4,,DDC1-USONME-FW4 E1/9,0,,Unknown,Unknown,Vendor Unknown; Circuit ID Missing; No MAC Addresses Learned
DDC1-USON-DSW2,DDC1-USON-DSW2,Eth3/12,notconnec,up,down,Yes,1,500,access,1,,Unknown,,,BU9077,,BU9077 DDCDD98002 eth4c,0,,Unknown,Unknown,Interface Down; Vendor Unknown; Circuit ID Missing; No MAC Addresses Learned
DDC1-USON-DSW2,DDC1-USON-DSW2,Eth3/13,connected,up,up,No,0,routed,,,,Unknown,,,UPLINK,,UPLINK | DDC1-MDFA1-RSW2 | Eth1/8 |,0,,Unknown,Unknown,Vendor Unknown; Circuit ID Missing; No MAC Addresses Learned
DDC1-USON-DSW2,DDC1-USON-DSW2,Eth3/14,sfpabsent,up,down,Yes,1,routed,,,,Unknown,,,--,,--,0,,Unknown,Unknown,Interface Down; Vendor Unknown; Circuit ID Missing; No MAC Addresses Learned
DDC1-USON-DSW2,DDC1-USON-DSW2,Eth3/15,sfpabsent,up,down,Yes,1,routed,,,,Unknown,,,--,,--,0,,Unknown,Unknown,Interface Down; Vendor Unknown; Circuit ID Missing; No MAC Addresses Learned
DDC1-USON-DSW2,DDC1-USON-DSW2,Eth3/16,sfpabsent,up,down,Yes,1,routed,,,,Unknown,,,--,,--,0,,Unknown,Unknown,Interface Down; Vendor Unknown; Circuit ID Missing; No MAC Addresses Learned
DDC1-USON-DSW2,DDC1-USON-DSW2,Eth3/17,sfpabsent,up,down,Yes,1,routed,,,,Unknown,,,--,,--,0,,Unknown,Unknown,Interface Down; Vendor Unknown; Circuit ID Missing; No MAC Addresses Learned
DDC1-USON-DSW2,DDC1-USON-DSW2,Eth3/18,sfpabsent,up,down,Yes,1,routed,,,,Unknown,,,--,,--,0,,Unknown,Unknown,Interface Down; Vendor Unknown; Circuit ID Missing; No MAC Addresses Learned
DDC1-USON-DSW2,DDC1-USON-DSW2,Eth3/19,sfpabsent,up,down,Yes,1,routed,,,,Unknown,,,--,,--,0,,Unknown,Unknown,Interface Down; Vendor Unknown; Circuit ID Missing; No MAC Addresses Learned
DDC1-USON-DSW2,DDC1-USON-DSW2,Eth3/20,sfpabsent,up,down,Yes,1,routed,,,,Unknown,,,--,,--,0,,Unknown,Unknown,Interface Down; Vendor Unknown; Circuit ID Missing; No MAC Addresses Learned
DDC1-USON-DSW2,DDC1-USON-DSW2,Eth3/21,sfpabsent,up,down,Yes,1,routed,,,,Unknown,,,--,,--,0,,Unknown,Unknown,Interface Down; Vendor Unknown; Circuit ID Missing; No MAC Addresses Learned
DDC1-USON-DSW2,DDC1-USON-DSW2,Eth3/22,sfpabsent,up,down,Yes,1,routed,,,,Unknown,,,--,,--,0,,Unknown,Unknown,Interface Down; Vendor Unknown; Circuit ID Missing; No MAC Addresses Learned
DDC1-USON-DSW2,DDC1-USON-DSW2,Eth3/23,connected,up,up,No,0,1700,access,1,,Unknown,,,DDC1-USON-FW6,,DDC1-USON-FW6 E7 AE2,0,,Unknown,Unknown,Vendor Unknown; Circuit ID Missing; No MAC Addresses Learned
DDC1-USON-DSW2,DDC1-USON-DSW2,Eth3/24,connected,up,up,No,0,1700,access,1,,Unknown,,,DDC1-USON-FW6,,DDC1-USON-FW6 E8 AE2,0,,Unknown,Unknown,Vendor Unknown; Circuit ID Missing; No MAC Addresses Learned
DDC1-USON-DSW2,DDC1-USON-DSW2,Eth3/25,sfpabsent,up,down,Yes,1,routed,,,,Unknown,,,--,,--,0,,Unknown,Unknown,Interface Down; Vendor Unknown; Circuit ID Missing; No MAC Addresses Learned
DDC1-USON-DSW2,DDC1-USON-DSW2,Eth3/26,sfpabsent,up,down,Yes,1,routed,,,,Unknown,,,--,,--,0,,Unknown,Unknown,Interface Down; Vendor Unknown; Circuit ID Missing; No MAC Addresses Learned
DDC1-USON-DSW2,DDC1-USON-DSW2,Eth3/27,sfpabsent,up,down,Yes,1,routed,,,,Unknown,,,--,,--,0,,Unknown,Unknown,Interface Down; Vendor Unknown; Circuit ID Missing; No MAC Addresses Learned
DDC1-USON-DSW2,DDC1-USON-DSW2,Eth3/28,sfpabsent,up,down,Yes,1,routed,,,,Unknown,,,--,,--,0,,Unknown,Unknown,Interface Down; Vendor Unknown; Circuit ID Missing; No MAC Addresses Learned
DDC1-USON-DSW2,DDC1-USON-DSW2,Eth3/29,sfpabsent,up,down,Yes,1,routed,,,,Unknown,,,--,,--,0,,Unknown,Unknown,Interface Down; Vendor Unknown; Circuit ID Missing; No MAC Addresses Learned
DDC1-USON-DSW2,DDC1-USON-DSW2,Eth3/30,sfpabsent,up,down,Yes,1,routed,,,,Unknown,,,--,,--,0,,Unknown,Unknown,Interface Down; Vendor Unknown; Circuit ID Missing; No MAC Addresses Learned
DDC1-USON-DSW2,DDC1-USON-DSW2,Eth3/31,sfpabsent,up,down,Yes,1,routed,,,,Unknown,,,--,,--,0,,Unknown,Unknown,Interface Down; Vendor Unknown; Circuit ID Missing; No MAC Addresses Learned
DDC1-USON-DSW2,DDC1-USON-DSW2,Eth3/32,sfpabsent,up,down,Yes,1,routed,,,,Unknown,,,--,,--,0,,Unknown,Unknown,Interface Down; Vendor Unknown; Circuit ID Missing; No MAC Addresses Learned
DDC1-USON-DSW2,DDC1-USON-DSW2,Eth3/33,sfpabsent,up,down,Yes,1,routed,,,,Unknown,,,--,,--,0,,Unknown,Unknown,Interface Down; Vendor Unknown; Circuit ID Missing; No MAC Addresses Learned
DDC1-USON-DSW2,DDC1-USON-DSW2,Eth3/34,sfpabsent,up,down,Yes,1,routed,,,,Unknown,,,--,,--,0,,Unknown,Unknown,Interface Down; Vendor Unknown; Circuit ID Missing; No MAC Addresses Learned
DDC1-USON-DSW2,DDC1-USON-DSW2,Eth3/35,sfpabsent,up,down,Yes,1,routed,,,,Unknown,,,--,,--,0,,Unknown,Unknown,Interface Down; Vendor Unknown; Circuit ID Missing; No MAC Addresses Learned
DDC1-USON-DSW2,DDC1-USON-DSW2,Eth3/36,sfpabsent,up,down,Yes,1,routed,,,,Unknown,,,--,,--,0,,Unknown,Unknown,Interface Down; Vendor Unknown; Circuit ID Missing; No MAC Addresses Learned
DDC1-USON-DSW2,DDC1-USON-DSW2,Eth3/37,sfpabsent,up,down,Yes,1,routed,,,,Unknown,,,--,,--,0,,Unknown,Unknown,Interface Down; Vendor Unknown; Circuit ID Missing; No MAC Addresses Learned
DDC1-USON-DSW2,DDC1-USON-DSW2,Eth3/38,sfpabsent,up,down,Yes,1,routed,,,,Unknown,,,--,,--,0,,Unknown,Unknown,Interface Down; Vendor Unknown; Circuit ID Missing; No MAC Addresses Learned
DDC1-USON-DSW2,DDC1-USON-DSW2,Eth3/39,connected,up,up,No,0,routed,,,,CLINK,24331396,,UPLINK,CLINK,UPLINK | DDC1-MAN-ASW2 | CLINK ETH1000-24331396 | Ten1/2 |,0,,Unknown,Unknown,No MAC Addresses Learned
DDC1-USON-DSW2,DDC1-USON-DSW2,Eth4/1,connected,up,up,No,0,trunk,trunk,1,,Unknown,,,UPLINK,,UPLINK | DDC1-USON-DSW1 | Eth4/1 |,0,,Unknown,Unknown,Vendor Unknown; Circuit ID Missing; No MAC Addresses Learned
DDC1-USON-DSW2,DDC1-USON-DSW2,Eth4/2,connected,up,up,No,0,routed,,,,Unknown,,,UPLINK,,UPLINK | DDC1-USON-DSW1 | Eth4/2 |,0,,Unknown,Unknown,Vendor Unknown; Circuit ID Missing; No MAC Addresses Learned
DDC1-USON-DSW2,DDC1-USON-DSW2,Eth4/3,notconnec,up,down,Yes,1,trunk,trunk,1,,Unknown,,,BU9077,,BU9077 ddcsp02b02-C7P03,0,,Unknown,Unknown,Interface Down; Vendor Unknown; Circuit ID Missing; No MAC Addresses Learned
DDC1-USON-DSW2,DDC1-USON-DSW2,Eth4/4,notconnec,up,down,Yes,1,trunk,trunk,1,,Unknown,,,BU113400,,BU113400 ddcsp04b02-C5P04,0,,Unknown,Unknown,Interface Down; Vendor Unknown; Circuit ID Missing; No MAC Addresses Learned
DDC1-USON-DSW2,DDC1-USON-DSW2,Eth4/5,connected,up,up,No,0,routed,,,,Unknown,,,UPLINK,,UPLINK | DDC1-VCD-DSW2 | Eth1/40 |,0,,Unknown,Unknown,Vendor Unknown; Circuit ID Missing; No MAC Addresses Learned
DDC1-USON-DSW2,DDC1-USON-DSW2,Eth4/7,connected,up,up,No,0,trunk,trunk,1,,Unknown,,,UPLINK,,UPLINK | DDC1-USON-ASW2 | Eth1/4 |,0,,Unknown,Unknown,Vendor Unknown; Circuit ID Missing; No MAC Addresses Learned
DDC1-USON-DSW2,DDC1-USON-DSW2,Eth4/8,connected,up,up,No,0,trunk,trunk,1,,Unknown,,,UPLINK,,UPLINK | DDC1-USON-ASW4 | Eth1/4 |,0,,Unknown,Unknown,Vendor Unknown; Circuit ID Missing; No MAC Addresses Learned
DDC1-USON-DSW2,DDC1-USON-DSW2,Eth4/9,connected,up,up,No,0,trunk,trunk,1,,Unknown,,,DDC1-USON-SDX2,,DDC1-USON-SDX2 | Citrix NetScaler SDX 11520 | 10/1,0,,Unknown,Unknown,Vendor Unknown; Circuit ID Missing; No MAC Addresses Learned
DDC1-USON-DSW2,DDC1-USON-DSW2,Eth4/10,connected,up,up,Yes,0,134,access,1,,Unknown,,,UPLINK,,UPLINK | MDS-DDC-SW2 | Gig6/2 |,1,000d.ec76.8bfd,"Cisco Systems, Inc",Network Device,Vendor Unknown; Circuit ID Missing
DDC1-USON-DSW2,DDC1-USON-DSW2,Eth4/11,connected,up,up,No,0,200,access,1,,Unknown,,,DDC1-USONME-FW4,,DDC1-USONME-FW4 E1/5,0,,Unknown,Unknown,Vendor Unknown; Circuit ID Missing; No MAC Addresses Learned
DDC1-USON-DSW2,DDC1-USON-DSW2,Eth4/12,connected,up,up,Yes,0,500,access,1,,Unknown,,,BU9077,,BU9077 DDCDD98001 eth4c,1,0060.1698.d516,CLARIION,Unknown,Vendor Unknown; Circuit ID Missing
DDC1-USON-DSW2,DDC1-USON-DSW2,Eth4/13,connected,up,up,No,0,routed,,,,Unknown,,,UPLINK,,UPLINK | DDC1-IDFA1-LSW12 | Eth1/36 |,0,,Unknown,Unknown,Vendor Unknown; Circuit ID Missing; No MAC Addresses Learned
DDC1-USON-DSW2,DDC1-USON-DSW2,Eth4/14,notconnec,up,down,Yes,1,145,access,1,,Unknown,,,qa-g2-ora-rac-01_private,,qa-g2-ora-rac-01_private,0,,Unknown,Unknown,Interface Down; Vendor Unknown; Circuit ID Missing; No MAC Addresses Learned
DDC1-USON-DSW2,DDC1-USON-DSW2,Eth4/15,notconnec,up,down,Yes,1,112,access,1,,Unknown,,,qa-g2-ora-rac-01,,qa-g2-ora-rac-01,0,,Unknown,Unknown,Interface Down; Vendor Unknown; Circuit ID Missing; No MAC Addresses Learned
DDC1-USON-DSW2,DDC1-USON-DSW2,Eth4/16,notconnec,up,down,Yes,1,145,access,1,,Unknown,,,qa-g2-ora-rac-02_private,,qa-g2-ora-rac-02_private,0,,Unknown,Unknown,Interface Down; Vendor Unknown; Circuit ID Missing; No MAC Addresses Learned
DDC1-USON-DSW2,DDC1-USON-DSW2,Eth4/17,notconnec,up,down,Yes,1,112,access,1,,Unknown,,,qa-g2-ora-rac-02,,qa-g2-ora-rac-02,0,,Unknown,Unknown,Interface Down; Vendor Unknown; Circuit ID Missing; No MAC Addresses Learned
DDC1-USON-DSW2,DDC1-USON-DSW2,Eth4/18,notconnec,up,down,Yes,1,112,access,1,,Unknown,,,qa-g2-ora-1,,qa-g2-ora-1,0,,Unknown,Unknown,Interface Down; Vendor Unknown; Circuit ID Missing; No MAC Addresses Learned
DDC1-USON-DSW2,DDC1-USON-DSW2,Eth4/19,notconnec,up,down,Yes,1,145,access,1,,Unknown,,,qa-g2-ora-1_private,,qa-g2-ora-1_private,0,,Unknown,Unknown,Interface Down; Vendor Unknown; Circuit ID Missing; No MAC Addresses Learned
DDC1-USON-DSW2,DDC1-USON-DSW2,Eth4/20,notconnec,up,down,Yes,1,112,access,1,,Unknown,,,usodqlpdo001,,usodqlpdo001,0,,Unknown,Unknown,Interface Down; Vendor Unknown; Circuit ID Missing; No MAC Addresses Learned
DDC1-USON-DSW2,DDC1-USON-DSW2,Eth4/21,notconnec,up,down,Yes,1,145,access,1,,Unknown,,,usodqlpdo001_private,,usodqlpdo001_private,0,,Unknown,Unknown,Interface Down; Vendor Unknown; Circuit ID Missing; No MAC Addresses Learned
DDC1-USON-DSW2,DDC1-USON-DSW2,Eth4/22,sfpabsent,up,down,Yes,1,routed,,,,Unknown,,,--,,--,0,,Unknown,Unknown,Interface Down; Vendor Unknown; Circuit ID Missing; No MAC Addresses Learned
DDC1-USON-DSW2,DDC1-USON-DSW2,Eth4/23,sfpabsent,up,down,Yes,1,routed,,,,Unknown,,,--,,--,0,,Unknown,Unknown,Interface Down; Vendor Unknown; Circuit ID Missing; No MAC Addresses Learned
DDC1-USON-DSW2,DDC1-USON-DSW2,Eth4/24,sfpabsent,up,down,Yes,1,routed,,,,Unknown,,,--,,--,0,,Unknown,Unknown,Interface Down; Vendor Unknown; Circuit ID Missing; No MAC Addresses Learned
DDC1-USON-DSW2,DDC1-USON-DSW2,Eth4/25,sfpabsent,up,down,Yes,1,routed,,,,Unknown,,,--,,--,0,,Unknown,Unknown,Interface Down; Vendor Unknown; Circuit ID Missing; No MAC Addresses Learned
DDC1-USON-DSW2,DDC1-USON-DSW2,Eth4/26,sfpabsent,up,down,Yes,1,routed,,,,Unknown,,,--,,--,0,,Unknown,Unknown,Interface Down; Vendor Unknown; Circuit ID Missing; No MAC Addresses Learned
DDC1-USON-DSW2,DDC1-USON-DSW2,Eth4/27,sfpabsent,up,down,Yes,1,routed,,,,Unknown,,,--,,--,0,,Unknown,Unknown,Interface Down; Vendor Unknown; Circuit ID Missing; No MAC Addresses Learned
DDC1-USON-DSW2,DDC1-USON-DSW2,Eth4/28,sfpabsent,up,down,Yes,1,routed,,,,Unknown,,,--,,--,0,,Unknown,Unknown,Interface Down; Vendor Unknown; Circuit ID Missing; No MAC Addresses Learned
DDC1-USON-DSW2,DDC1-USON-DSW2,Eth4/29,sfpabsent,up,down,Yes,1,routed,,,,Unknown,,,--,,--,0,,Unknown,Unknown,Interface Down; Vendor Unknown; Circuit ID Missing; No MAC Addresses Learned
DDC1-USON-DSW2,DDC1-USON-DSW2,Eth4/30,sfpabsent,up,down,Yes,1,routed,,,,Unknown,,,--,,--,0,,Unknown,Unknown,Interface Down; Vendor Unknown; Circuit ID Missing; No MAC Addresses Learned
DDC1-USON-DSW2,DDC1-USON-DSW2,Eth4/31,sfpabsent,up,down,Yes,1,routed,,,,Unknown,,,--,,--,0,,Unknown,Unknown,Interface Down; Vendor Unknown; Circuit ID Missing; No MAC Addresses Learned
DDC1-USON-DSW2,DDC1-USON-DSW2,Eth4/32,sfpabsent,up,down,Yes,1,routed,,,,Unknown,,,--,,--,0,,Unknown,Unknown,Interface Down; Vendor Unknown; Circuit ID Missing; No MAC Addresses Learned
DDC1-USON-DSW2,DDC1-USON-DSW2,Eth4/33,sfpabsent,up,down,Yes,1,routed,,,,Unknown,,,--,,--,0,,Unknown,Unknown,Interface Down; Vendor Unknown; Circuit ID Missing; No MAC Addresses Learned
DDC1-USON-DSW2,DDC1-USON-DSW2,Eth4/34,sfpabsent,up,down,Yes,1,routed,,,,Unknown,,,--,,--,0,,Unknown,Unknown,Interface Down; Vendor Unknown; Circuit ID Missing; No MAC Addresses Learned
DDC1-USON-DSW2,DDC1-USON-DSW2,Eth4/35,sfpabsent,up,down,Yes,1,routed,,,,Unknown,,,--,,--,0,,Unknown,Unknown,Interface Down; Vendor Unknown; Circuit ID Missing; No MAC Addresses Learned
DDC1-USON-DSW2,DDC1-USON-DSW2,Eth4/36,sfpabsent,up,down,Yes,1,routed,,,,Unknown,,,--,,--,0,,Unknown,Unknown,Interface Down; Vendor Unknown; Circuit ID Missing; No MAC Addresses Learned
DDC1-USON-DSW2,DDC1-USON-DSW2,Eth4/37,sfpabsent,up,down,Yes,1,routed,,,,Unknown,,,--,,--,0,,Unknown,Unknown,Interface Down; Vendor Unknown; Circuit ID Missing; No MAC Addresses Learned
DDC1-USON-DSW2,DDC1-USON-DSW2,Eth4/38,sfpabsent,up,down,Yes,1,routed,,,,Unknown,,,--,,--,0,,Unknown,Unknown,Interface Down; Vendor Unknown; Circuit ID Missing; No MAC Addresses Learned
DDC1-USON-DSW2,DDC1-USON-DSW2,Eth4/39,notconnec,up,down,Yes,1,1,access,1,,Unknown,,,DDC1-SPN-XSW2,,DDC1-SPN-XSW2 SPAN/Tap Link,0,,Unknown,Unknown,Interface Down; Vendor Unknown; Circuit ID Missing; No MAC Addresses Learned

Down Ports Not Shutdown
Switch Name,Port
DDC1-ISP-DSW1,Eth1/4
DDC1-ISP-DSW1,Eth1/8
DDC1-ISP-DSW1,Eth1/9
DDC1-ISP-DSW1,Eth1/10
DDC1-ISP-DSW1,Eth1/17
DDC1-ISP-DSW1,Eth2/4
DDC1-ISP-DSW1,Eth2/6
DDC1-ISP-DSW1,Eth2/8
DDC1-ISP-DSW1,Eth2/10
DDC1-ISP-DSW1,Eth2/11
DDC1-ISP-DSW1,Eth2/12
DDC1-ISP-DSW1,Eth2/13
DDC1-ISP-DSW1,Eth2/14
DDC1-ISP-DSW1,Eth2/15
DDC1-ISP-DSW1,Eth2/17
DDC1-ISP-DSW1,Eth2/19
DDC1-ISP-DSW1,Eth101/1/1
DDC1-ISP-DSW1,Eth101/1/2
DDC1-ISP-DSW1,Eth101/1/7
DDC1-ISP-DSW1,Eth101/1/10
DDC1-ISP-DSW1,Eth101/1/11
DDC1-ISP-DSW1,Eth101/1/13
DDC1-ISP-DSW1,Eth101/1/14
DDC1-ISP-DSW1,Eth101/1/17
DDC1-ISP-DSW1,Eth101/1/18
DDC1-ISP-DSW2,Eth1/4
DDC1-ISP-DSW2,Eth1/8
DDC1-ISP-DSW2,Eth1/9
DDC1-ISP-DSW2,Eth1/10
DDC1-ISP-DSW2,Eth1/17
DDC1-ISP-DSW2,Eth2/4
DDC1-ISP-DSW2,Eth2/6
DDC1-ISP-DSW2,Eth2/8
DDC1-ISP-DSW2,Eth2/10
DDC1-ISP-DSW2,Eth2/11
DDC1-ISP-DSW2,Eth2/12
DDC1-ISP-DSW2,Eth2/13
DDC1-ISP-DSW2,Eth2/14
DDC1-ISP-DSW2,Eth2/15
DDC1-ISP-DSW2,Eth2/17
DDC1-ISP-DSW2,Eth2/19
DDC1-ISP-DSW2,Eth102/1/1
DDC1-ISP-DSW2,Eth102/1/2
DDC1-ISP-DSW2,Eth102/1/7
DDC1-ISP-DSW2,Eth102/1/17
DDC1-ISP-DSW2,Eth102/1/18
DDC1-ISP-ASW1,Eth1/28
DDC1-ISP-ASW1,Eth1/30
DDC1-ISP-ASW1,Eth1/34
DDC1-ISP-ASW1,Eth1/35
DDC1-ISP-ASW1,Eth1/36
DDC1-ISP-ASW1,Eth2/27
DDC1-ISP-ASW1,Eth2/28
DDC1-ISP-ASW1,Eth2/29
DDC1-ISP-ASW1,Eth2/30
DDC1-ISP-ASW1,Eth2/35
DDC1-ISP-ASW1,Eth2/36
DDC1-ISP-ASW1,Eth121/1/2
DDC1-ISP-ASW1,Eth121/1/3
DDC1-ISP-ASW1,Eth121/1/4
DDC1-ISP-ASW1,Eth121/1/5
DDC1-ISP-ASW1,Eth121/1/7
DDC1-ISP-ASW1,Eth121/1/11
DDC1-ISP-ASW1,Eth121/1/12
DDC1-ISP-ASW1,Eth121/1/13
DDC1-ISP-ASW1,Eth121/1/16
DDC1-ISP-ASW1,Eth121/1/17
DDC1-ISP-ASW1,Eth121/1/19
DDC1-ISP-ASW1,Eth121/1/23
DDC1-ISP-ASW1,Eth121/1/24
DDC1-ISP-ASW1,Eth121/1/25
DDC1-ISP-ASW1,Eth121/1/26
DDC1-ISP-ASW1,Eth121/1/28
DDC1-ISP-ASW1,Eth121/1/29
DDC1-ISP-ASW1,Eth121/1/31
DDC1-ISP-ASW1,Eth121/1/32
DDC1-ISP-ASW2,Eth1/28
DDC1-ISP-ASW2,Eth1/29
DDC1-ISP-ASW2,Eth1/30
DDC1-ISP-ASW2,Eth1/34
DDC1-ISP-ASW2,Eth1/35
DDC1-ISP-ASW2,Eth1/36
DDC1-ISP-ASW2,Eth2/27
DDC1-ISP-ASW2,Eth2/28
DDC1-ISP-ASW2,Eth2/29
DDC1-ISP-ASW2,Eth2/30
DDC1-ISP-ASW2,Eth2/35
DDC1-ISP-ASW2,Eth2/36
DDC1-ISP-ASW2,Eth2/40
DDC1-ISP-ASW2,Eth122/1/2
DDC1-ISP-ASW2,Eth122/1/3
DDC1-ISP-ASW2,Eth122/1/4
DDC1-ISP-ASW2,Eth122/1/5
DDC1-ISP-ASW2,Eth122/1/7
DDC1-ISP-ASW2,Eth122/1/11
DDC1-ISP-ASW2,Eth122/1/12
DDC1-ISP-ASW2,Eth122/1/17
DDC1-ISP-ASW2,Eth122/1/19
DDC1-ISP-ASW2,Eth122/1/21
DDC1-ISP-ASW2,Eth122/1/24
DDC1-ISP-ASW2,Eth122/1/25
DDC1-ISP-ASW2,Eth122/1/26
DDC1-ISP-ASW2,Eth122/1/31
DDC1-ISP-ASW2,Eth122/1/32
DDC1-EXT-GRT1,Tu0
DDC1-EXT-GRT1,Tu1
DDC1-EXT-GRT1,Tu4
DDC1-EXT-GRT1,Tu5
DDC1-EXT-GRT1,Tu6
DDC1-EXT-GRT1,Tu7
DDC1-EXT-GRT2,Tu0
DDC1-EXT-GRT2,Tu1
DDC1-EXT-GRT2,Tu2
DDC1-EXT-GRT2,Tu3
DDC1-EXT-GRT2,Tu4
DDC1-EXT-GRT2,Tu5
DDC1-EXT-GRT2,Tu6
DDC1-EXT-GRT2,Tu7
DDC1-EXT-GRT2,Tu8
DDC1-USON-DSW1,Eth3/3
DDC1-USON-DSW1,Eth3/4
DDC1-USON-DSW1,Eth3/5
DDC1-USON-DSW1,Eth3/6
DDC1-USON-DSW1,Eth3/12
DDC1-USON-DSW1,Eth3/14
DDC1-USON-DSW1,Eth3/15
DDC1-USON-DSW1,Eth3/16
DDC1-USON-DSW1,Eth3/17
DDC1-USON-DSW1,Eth3/18
DDC1-USON-DSW1,Eth3/19
DDC1-USON-DSW1,Eth3/20
DDC1-USON-DSW1,Eth3/21
DDC1-USON-DSW1,Eth3/22
DDC1-USON-DSW1,Eth3/25
DDC1-USON-DSW1,Eth3/26
DDC1-USON-DSW1,Eth3/27
DDC1-USON-DSW1,Eth3/28
DDC1-USON-DSW1,Eth3/29
DDC1-USON-DSW1,Eth3/30
DDC1-USON-DSW1,Eth3/31
DDC1-USON-DSW1,Eth3/32
DDC1-USON-DSW1,Eth3/33
DDC1-USON-DSW1,Eth3/34
DDC1-USON-DSW1,Eth3/35
DDC1-USON-DSW1,Eth3/36
DDC1-USON-DSW1,Eth3/37
DDC1-USON-DSW1,Eth3/38
DDC1-USON-DSW1,Eth4/3
DDC1-USON-DSW1,Eth4/4
DDC1-USON-DSW1,Eth4/10
DDC1-USON-DSW1,Eth4/14
DDC1-USON-DSW1,Eth4/15
DDC1-USON-DSW1,Eth4/16
DDC1-USON-DSW1,Eth4/17
DDC1-USON-DSW1,Eth4/18
DDC1-USON-DSW1,Eth4/19
DDC1-USON-DSW1,Eth4/20
DDC1-USON-DSW1,Eth4/21
DDC1-USON-DSW1,Eth4/22
DDC1-USON-DSW1,Eth4/23
DDC1-USON-DSW1,Eth4/24
DDC1-USON-DSW1,Eth4/25
DDC1-USON-DSW1,Eth4/26
DDC1-USON-DSW1,Eth4/27
DDC1-USON-DSW1,Eth4/28
DDC1-USON-DSW1,Eth4/29
DDC1-USON-DSW1,Eth4/30
DDC1-USON-DSW1,Eth4/31
DDC1-USON-DSW1,Eth4/32
DDC1-USON-DSW1,Eth4/33
DDC1-USON-DSW1,Eth4/34
DDC1-USON-DSW1,Eth4/35
DDC1-USON-DSW1,Eth4/36
DDC1-USON-DSW1,Eth4/37
DDC1-USON-DSW1,Eth4/38
DDC1-USON-DSW1,Eth4/39
DDC1-USON-DSW2,Eth3/3
DDC1-USON-DSW2,Eth3/4
DDC1-USON-DSW2,Eth3/5
DDC1-USON-DSW2,Eth3/6
DDC1-USON-DSW2,Eth3/10
DDC1-USON-DSW2,Eth3/12
DDC1-USON-DSW2,Eth3/14
DDC1-USON-DSW2,Eth3/15
DDC1-USON-DSW2,Eth3/16
DDC1-USON-DSW2,Eth3/17
DDC1-USON-DSW2,Eth3/18
DDC1-USON-DSW2,Eth3/19
DDC1-USON-DSW2,Eth3/20
DDC1-USON-DSW2,Eth3/21
DDC1-USON-DSW2,Eth3/22
DDC1-USON-DSW2,Eth3/25
DDC1-USON-DSW2,Eth3/26
DDC1-USON-DSW2,Eth3/27
DDC1-USON-DSW2,Eth3/28
DDC1-USON-DSW2,Eth3/29
DDC1-USON-DSW2,Eth3/30
DDC1-USON-DSW2,Eth3/31
DDC1-USON-DSW2,Eth3/32
DDC1-USON-DSW2,Eth3/33
DDC1-USON-DSW2,Eth3/34
DDC1-USON-DSW2,Eth3/35
DDC1-USON-DSW2,Eth3/36
DDC1-USON-DSW2,Eth3/37
DDC1-USON-DSW2,Eth3/38
DDC1-USON-DSW2,Eth4/3
DDC1-USON-DSW2,Eth4/4
DDC1-USON-DSW2,Eth4/14
DDC1-USON-DSW2,Eth4/15
DDC1-USON-DSW2,Eth4/16
DDC1-USON-DSW2,Eth4/17
DDC1-USON-DSW2,Eth4/18
DDC1-USON-DSW2,Eth4/19
DDC1-USON-DSW2,Eth4/20
DDC1-USON-DSW2,Eth4/21
DDC1-USON-DSW2,Eth4/22
DDC1-USON-DSW2,Eth4/23
DDC1-USON-DSW2,Eth4/24
DDC1-USON-DSW2,Eth4/25
DDC1-USON-DSW2,Eth4/26
DDC1-USON-DSW2,Eth4/27
DDC1-USON-DSW2,Eth4/28
DDC1-USON-DSW2,Eth4/29
DDC1-USON-DSW2,Eth4/30
DDC1-USON-DSW2,Eth4/31
DDC1-USON-DSW2,Eth4/32
DDC1-USON-DSW2,Eth4/33
DDC1-USON-DSW2,Eth4/34
DDC1-USON-DSW2,Eth4/35
DDC1-USON-DSW2,Eth4/36
DDC1-USON-DSW2,Eth4/37
DDC1-USON-DSW2,Eth4/38
DDC1-USON-DSW2,Eth4/39

Interfaces Scheduled for Shutdown
Switch Name,Management IP,Interface,Interface Status,Admin Status,Operational Status,MAC Count,MAC Addresses,Description,Shutdown Reason
DDC1-EXT-GRT1,DDC1-EXT-GRT1,Gi0/0/1,down,admin down,down,0,,,Interface is operationally down
DDC1-EXT-GRT1,DDC1-EXT-GRT1,Gi0/0/3,down,admin down,down,0,,,Interface is operationally down
DDC1-EXT-GRT1,DDC1-EXT-GRT1,Gi2/0/0,down,admin down,down,0,,DDC1-EXT-DSW1 Gig 1/1/3,Interface is operationally down
DDC1-EXT-GRT1,DDC1-EXT-GRT1,Gi2/0/1,down,admin down,down,0,,DDC1-EXT-DSW2 Gig 1/1/3,Interface is operationally down
DDC1-EXT-GRT1,DDC1-EXT-GRT1,Gi2/0/2,down,admin down,down,0,,,Interface is operationally down
DDC1-EXT-GRT1,DDC1-EXT-GRT1,Gi2/0/3,down,admin down,down,0,,,Interface is operationally down
DDC1-EXT-GRT1,DDC1-EXT-GRT1,Gi2/0/4,down,admin down,down,0,,,Interface is operationally down
DDC1-EXT-GRT1,DDC1-EXT-GRT1,Gi2/0/5,down,admin down,down,0,,,Interface is operationally down
DDC1-EXT-GRT1,DDC1-EXT-GRT1,Tu0,down,up,down,0,,SUN2-MDFA1-ART1,Interface is operationally down
DDC1-EXT-GRT1,DDC1-EXT-GRT1,Tu1,down,up,down,0,,RiteAid Tunnel to RTA1-MDFA1-ART1,Interface is operationally down
DDC1-EXT-GRT1,DDC1-EXT-GRT1,Tu4,down,up,down,0,,CGZ1-MDFA1-ART1 - Cognizant,Interface is operationally down
DDC1-EXT-GRT1,DDC1-EXT-GRT1,Tu5,down,up,down,0,,SCL1-MDFA1-ART1 - FIVE9,Interface is operationally down
DDC1-EXT-GRT1,DDC1-EXT-GRT1,Tu6,down,up,down,0,,Tunnel to SCD1-EXT-ART1,Interface is operationally down
DDC1-EXT-GRT1,DDC1-EXT-GRT1,Tu7,down,up,down,0,,Tunnel to HPA-EXT-ART1,Interface is operationally down
DDC1-EXT-GRT2,DDC1-EXT-GRT2,Gi0/0/1,down,admin down,down,0,,,Interface is operationally down
DDC1-EXT-GRT2,DDC1-EXT-GRT2,Gi0/0/3,down,admin down,down,0,,,Interface is operationally down
DDC1-EXT-GRT2,DDC1-EXT-GRT2,Gi2/0/0,down,admin down,down,0,,DDC1-EXT-DSW1 Gig 1/1/4,Interface is operationally down
DDC1-EXT-GRT2,DDC1-EXT-GRT2,Gi2/0/1,down,admin down,down,0,,DDC1-EXT-DSW2 Gig 1/1/4,Interface is operationally down
DDC1-EXT-GRT2,DDC1-EXT-GRT2,Gi2/0/2,down,admin down,down,0,,,Interface is operationally down
DDC1-EXT-GRT2,DDC1-EXT-GRT2,Gi2/0/3,down,admin down,down,0,,,Interface is operationally down
DDC1-EXT-GRT2,DDC1-EXT-GRT2,Gi2/0/4,down,admin down,down,0,,,Interface is operationally down
DDC1-EXT-GRT2,DDC1-EXT-GRT2,Gi2/0/5,down,admin down,down,0,,,Interface is operationally down
DDC1-EXT-GRT2,DDC1-EXT-GRT2,Tu0,down,up,down,0,,SUN2-MDFA1-ART2,Interface is operationally down
DDC1-EXT-GRT2,DDC1-EXT-GRT2,Tu1,down,up,down,0,,RiteAid Tunnel to RTA1-MDFA1-ART2,Interface is operationally down
DDC1-EXT-GRT2,DDC1-EXT-GRT2,Tu2,down,up,down,0,,T-SYSTEMS,Interface is operationally down
DDC1-EXT-GRT2,DDC1-EXT-GRT2,Tu3,down,up,down,0,,T-SYSTEMS,Interface is operationally down
DDC1-EXT-GRT2,DDC1-EXT-GRT2,Tu4,down,up,down,0,,cgz1-mdfa1-art2,Interface is operationally down
DDC1-EXT-GRT2,DDC1-EXT-GRT2,Tu5,down,up,down,0,,Tunnel to SCL1-MDFA1-ART2 - FIVE9,Interface is operationally down
DDC1-EXT-GRT2,DDC1-EXT-GRT2,Tu6,down,up,down,0,,Tunnel to SCD1-EXT-ART2,Interface is operationally down
DDC1-EXT-GRT2,DDC1-EXT-GRT2,Tu7,down,up,down,0,,Tunnel to ATL6-MDFA1-ART1,Interface is operationally down
DDC1-EXT-GRT2,DDC1-EXT-GRT2,Tu8,down,up,down,0,,Tunnel to HPD-EXT-ART1,Interface is operationally down
DDC1-ISP-ASW1,DDC1-ISP-ASW1,Eth1/27,disabled,admin down,shutdown,0,,DDC1-SCS-FW1 Eth1/1 mon,Interface is already shutdown
DDC1-ISP-ASW1,DDC1-ISP-ASW1,Eth1/28,ChannelDown,up,down,0,,DDC1-PCIDMZ-DFW1 Eth1/1,Interface is operationally down
DDC1-ISP-ASW1,DDC1-ISP-ASW1,Eth1/29,disabled,admin down,shutdown,0,,--,Interface is already shutdown
DDC1-ISP-ASW1,DDC1-ISP-ASW1,Eth1/30,notconnec,up,down,0,,DDC1-ISP-FW5 Eth2/5,Interface is operationally down
DDC1-ISP-ASW1,DDC1-ISP-ASW1,Eth1/34,notconnec,up,down,0,,DDC1-USOVPN-FW1 Gig0/1,Interface is operationally down
DDC1-ISP-ASW1,DDC1-ISP-ASW1,Eth1/35,notconnec,up,down,0,,DDC1-SPN-XSW1 Port9,Interface is operationally down
DDC1-ISP-ASW1,DDC1-ISP-ASW1,Eth1/36,sfpabsent,up,down,0,,DDC1-SSLVPN-GW7 Ext,Interface is operationally down
DDC1-ISP-ASW1,DDC1-ISP-ASW1,Eth1/43,disabled,admin down,shutdown,0,,DDC1-ITE-FW1 e1/1,Interface is already shutdown
DDC1-ISP-ASW1,DDC1-ISP-ASW1,Eth1/44,disabled,admin down,shutdown,0,,DDC1-ISP-SW1 Gig5/3,Interface is already shutdown
DDC1-ISP-ASW1,DDC1-ISP-ASW1,Eth121/1/1,disabled,admin down,shutdown,0,,DDCASPFW1 Eth4/3 mon,Interface is already shutdown
DDC1-ISP-ASW1,DDC1-ISP-ASW1,Eth121/1/10,disabled,admin down,shutdown,0,,DDC1-PPG-PFW1 Eth1 mon,Interface is already shutdown
DDC1-ISP-ASW1,DDC1-ISP-ASW1,Eth121/1/11,notconnec,up,down,0,,DDC1-CB-INTFW1 Gig1,Interface is operationally down
DDC1-ISP-ASW1,DDC1-ISP-ASW1,Eth121/1/12,notconnec,up,down,0,,DDC1-SSLVPN-GW2 P0-Int mon,Interface is operationally down
DDC1-ISP-ASW1,DDC1-ISP-ASW1,Eth121/1/13,notconnec,up,down,0,,DDC1-SSLVPN-GW3 P0-Int mon,Interface is operationally down
DDC1-ISP-ASW1,DDC1-ISP-ASW1,Eth121/1/14,disabled,admin down,shutdown,0,,USO-ASA1 Gig0/0 mon,Interface is already shutdown
DDC1-ISP-ASW1,DDC1-ISP-ASW1,Eth121/1/15,disabled,admin down,shutdown,0,,USO-ASA1 Gig0/1 mon,Interface is already shutdown
DDC1-ISP-ASW1,DDC1-ISP-ASW1,Eth121/1/16,notconnec,up,down,0,,DDC1-USONSBC-ART1 RightFax mon,Interface is operationally down
DDC1-ISP-ASW1,DDC1-ISP-ASW1,Eth121/1/17,notconnec,up,down,0,,DDC1-AZUREB2B-FW1 Eth0/9 mon,Interface is operationally down
DDC1-ISP-ASW1,DDC1-ISP-ASW1,Eth121/1/18,disabled,admin down,shutdown,0,,DDC1-IPSoft-Router mon,Interface is already shutdown
DDC1-ISP-ASW1,DDC1-ISP-ASW1,Eth121/1/19,notconnec,up,down,0,,DDCMHSFW1 Eth0/2 mon,Interface is operationally down
DDC1-ISP-ASW1,DDC1-ISP-ASW1,Eth121/1/2,notconnec,up,down,0,,DDC-B2B-FW1 Eth2 mon,Interface is operationally down
DDC1-ISP-ASW1,DDC1-ISP-ASW1,Eth121/1/20,disabled,admin down,shutdown,0,,DDC1-RHDMZ-FW1 Eth1/2 mon,Interface is already shutdown
DDC1-ISP-ASW1,DDC1-ISP-ASW1,Eth121/1/21,disabled,admin down,shutdown,0,,DDCSSLVPN1 Eth1 mon,Interface is already shutdown
DDC1-ISP-ASW1,DDC1-ISP-ASW1,Eth121/1/22,disabled,admin down,shutdown,0,,--,Interface is already shutdown
DDC1-ISP-ASW1,DDC1-ISP-ASW1,Eth121/1/23,notconnec,up,down,0,,DDC1-SSLVPN-GW3 P3-Ext mon,Interface is operationally down
DDC1-ISP-ASW1,DDC1-ISP-ASW1,Eth121/1/24,notconnec,up,down,0,,DDC1-MHSD1-FW1 g1/4,Interface is operationally down
DDC1-ISP-ASW1,DDC1-ISP-ASW1,Eth121/1/25,notconnec,up,down,0,,DDC1-MHSD1-FW1 g1/5,Interface is operationally down
DDC1-ISP-ASW1,DDC1-ISP-ASW1,Eth121/1/26,notconnec,up,down,0,,DDC1-RTBH-GRT1,Interface is operationally down
DDC1-ISP-ASW1,DDC1-ISP-ASW1,Eth121/1/28,notconnec,up,down,0,,DDC1-ACCESSLAB-FW1 Eth1/3,Interface is operationally down
DDC1-ISP-ASW1,DDC1-ISP-ASW1,Eth121/1/29,notconnec,up,down,0,,DDC1-ACCESSLAB-FW1 Eth1/4,Interface is operationally down
DDC1-ISP-ASW1,DDC1-ISP-ASW1,Eth121/1/3,notconnec,up,down,0,,ddc1-prxy-fw1_ISG2000_e1/1,Interface is operationally down
DDC1-ISP-ASW1,DDC1-ISP-ASW1,Eth121/1/31,notconnec,up,down,0,,DDC1-MDFE1-FRT1 Internet GE1,Interface is operationally down
DDC1-ISP-ASW1,DDC1-ISP-ASW1,Eth121/1/32,notconnec,up,down,0,,DDC1-MDFE1-FRT2 Internet GE1,Interface is operationally down
DDC1-ISP-ASW1,DDC1-ISP-ASW1,Eth121/1/33,disabled,admin down,shutdown,0,,--,Interface is already shutdown
DDC1-ISP-ASW1,DDC1-ISP-ASW1,Eth121/1/34,disabled,admin down,shutdown,0,,--,Interface is already shutdown
DDC1-ISP-ASW1,DDC1-ISP-ASW1,Eth121/1/35,disabled,admin down,shutdown,0,,--,Interface is already shutdown
DDC1-ISP-ASW1,DDC1-ISP-ASW1,Eth121/1/36,disabled,admin down,shutdown,0,,--,Interface is already shutdown
DDC1-ISP-ASW1,DDC1-ISP-ASW1,Eth121/1/37,disabled,admin down,shutdown,0,,--,Interface is already shutdown
DDC1-ISP-ASW1,DDC1-ISP-ASW1,Eth121/1/38,disabled,admin down,shutdown,0,,--,Interface is already shutdown
DDC1-ISP-ASW1,DDC1-ISP-ASW1,Eth121/1/39,disabled,admin down,shutdown,0,,--,Interface is already shutdown
DDC1-ISP-ASW1,DDC1-ISP-ASW1,Eth121/1/4,notconnec,up,down,0,,DDCVPNFW1 Eth5 mon,Interface is operationally down
DDC1-ISP-ASW1,DDC1-ISP-ASW1,Eth121/1/40,disabled,admin down,shutdown,0,,--,Interface is already shutdown
DDC1-ISP-ASW1,DDC1-ISP-ASW1,Eth121/1/41,disabled,admin down,shutdown,0,,--,Interface is already shutdown
DDC1-ISP-ASW1,DDC1-ISP-ASW1,Eth121/1/42,disabled,admin down,shutdown,0,,--,Interface is already shutdown
DDC1-ISP-ASW1,DDC1-ISP-ASW1,Eth121/1/43,disabled,admin down,shutdown,0,,--,Interface is already shutdown
DDC1-ISP-ASW1,DDC1-ISP-ASW1,Eth121/1/44,disabled,admin down,shutdown,0,,--,Interface is already shutdown
DDC1-ISP-ASW1,DDC1-ISP-ASW1,Eth121/1/45,disabled,admin down,shutdown,0,,--,Interface is already shutdown
DDC1-ISP-ASW1,DDC1-ISP-ASW1,Eth121/1/46,disabled,admin down,shutdown,0,,--,Interface is already shutdown
DDC1-ISP-ASW1,DDC1-ISP-ASW1,Eth121/1/47,disabled,admin down,shutdown,0,,--,Interface is already shutdown
DDC1-ISP-ASW1,DDC1-ISP-ASW1,Eth121/1/48,disabled,admin down,shutdown,0,,--,Interface is already shutdown
DDC1-ISP-ASW1,DDC1-ISP-ASW1,Eth121/1/5,notconnec,up,down,0,,DDC1-SSLVPN-GW2 P3-Ext mon,Interface is operationally down
DDC1-ISP-ASW1,DDC1-ISP-ASW1,Eth121/1/7,notconnec,up,down,0,,DDCVPNFW1 Eth3 mon,Interface is operationally down
DDC1-ISP-ASW1,DDC1-ISP-ASW1,Eth2/27,notconnec,up,down,0,,DDC1-MDFA1-FRT3 Internet X5,Interface is operationally down
DDC1-ISP-ASW1,DDC1-ISP-ASW1,Eth2/28,ChannelDown,up,down,0,,DDC1-PCIDMZ-DFW1 Eth1/2,Interface is operationally down
DDC1-ISP-ASW1,DDC1-ISP-ASW1,Eth2/29,sfpabsent,up,down,0,,--,Interface is operationally down
DDC1-ISP-ASW1,DDC1-ISP-ASW1,Eth2/30,notconnec,up,down,0,,DDC1-ISP-FW5 Eth2/6,Interface is operationally down
DDC1-ISP-ASW1,DDC1-ISP-ASW1,Eth2/35,notconnec,up,down,0,,DDC1-SPN-XSW1 Port11,Interface is operationally down
DDC1-ISP-ASW1,DDC1-ISP-ASW1,Eth2/36,sfpabsent,up,down,0,,DDC1-SSLVPN-GW7 Int,Interface is operationally down
DDC1-ISP-ASW2,DDC1-ISP-ASW2,Eth1/27,disabled,admin down,shutdown,0,,DDC1-SCS-FW2 Eth1/1 mon,Interface is already shutdown
DDC1-ISP-ASW2,DDC1-ISP-ASW2,Eth1/28,ChannelDown,up,down,0,,DDC1-PCIDMZ-DFW2 Eth1/1,Interface is operationally down
DDC1-ISP-ASW2,DDC1-ISP-ASW2,Eth1/29,notconnec,up,down,0,,DDC1-MDFA1-ORT1 GbE-int3 | MX IP 143.112.190.241/23 gw .254 DNS 8.8.8.8 9.9.9.9 | SP-ALARM,Interface is operationally down
DDC1-ISP-ASW2,DDC1-ISP-ASW2,Eth1/30,notconnec,up,down,0,,DDC1-ISP-FW6 Eth2/5,Interface is operationally down
DDC1-ISP-ASW2,DDC1-ISP-ASW2,Eth1/34,notconnec,up,down,0,,DDC1-USOVPN-FW2 Gig0/1,Interface is operationally down
DDC1-ISP-ASW2,DDC1-ISP-ASW2,Eth1/35,notconnec,up,down,0,,DDC1-SPN-XSW1 Port10,Interface is operationally down
DDC1-ISP-ASW2,DDC1-ISP-ASW2,Eth1/36,sfpabsent,up,down,0,,DDC1-SSLVPN-GW8 Ext,Interface is operationally down
DDC1-ISP-ASW2,DDC1-ISP-ASW2,Eth1/43,disabled,admin down,shutdown,0,,DDC1-ITE-FW2 e1/1,Interface is already shutdown
DDC1-ISP-ASW2,DDC1-ISP-ASW2,Eth1/44,disabled,admin down,shutdown,0,,DDC1-ISP-SW1 Gig5/3,Interface is already shutdown
DDC1-ISP-ASW2,DDC1-ISP-ASW2,Eth122/1/1,disabled,admin down,shutdown,0,,DDCASPFW1 Eth4/3 mon,Interface is already shutdown
DDC1-ISP-ASW2,DDC1-ISP-ASW2,Eth122/1/10,disabled,admin down,shutdown,0,,DDC1-PPG-PFW2 Eth1 mon,Interface is already shutdown
DDC1-ISP-ASW2,DDC1-ISP-ASW2,Eth122/1/11,notconnec,up,down,0,,DDC1-CB-INTFW2 Gig1,Interface is operationally down
DDC1-ISP-ASW2,DDC1-ISP-ASW2,Eth122/1/12,notconnec,up,down,0,,DDC1-SSLVPN-GW1 P0-Int mon,Interface is operationally down
DDC1-ISP-ASW2,DDC1-ISP-ASW2,Eth122/1/13,disabled,admin down,shutdown,0,,USO-RTR0(GE) Gig0/0 mon,Interface is already shutdown
DDC1-ISP-ASW2,DDC1-ISP-ASW2,Eth122/1/14,disabled,admin down,shutdown,0,,USO-ASA2 Gig0/0 mon,Interface is already shutdown
DDC1-ISP-ASW2,DDC1-ISP-ASW2,Eth122/1/15,disabled,admin down,shutdown,0,,USO-ASA2 Gig0/1 mon,Interface is already shutdown
DDC1-ISP-ASW2,DDC1-ISP-ASW2,Eth122/1/16,disabled,admin down,shutdown,0,,--,Interface is already shutdown
DDC1-ISP-ASW2,DDC1-ISP-ASW2,Eth122/1/17,notconnec,up,down,0,,DDC1-AZUREB2B-FW2 Eth0/9 mon,Interface is operationally down
DDC1-ISP-ASW2,DDC1-ISP-ASW2,Eth122/1/18,disabled,admin down,shutdown,0,,--,Interface is already shutdown
DDC1-ISP-ASW2,DDC1-ISP-ASW2,Eth122/1/19,notconnec,up,down,0,,DDCMHSFW2 Eth0/2 mon,Interface is operationally down
DDC1-ISP-ASW2,DDC1-ISP-ASW2,Eth122/1/2,notconnec,up,down,0,,DDC-B2B-FW2 Eth2 mon,Interface is operationally down
DDC1-ISP-ASW2,DDC1-ISP-ASW2,Eth122/1/20,disabled,admin down,shutdown,0,,DDC1-RHDMZ-FW2 Eth1/2 mon,Interface is already shutdown
DDC1-ISP-ASW2,DDC1-ISP-ASW2,Eth122/1/21,notconnec,up,down,0,,DDCSSLVPN2 Eth1 mon,Interface is operationally down
DDC1-ISP-ASW2,DDC1-ISP-ASW2,Eth122/1/22,disabled,admin down,shutdown,0,,--,Interface is already shutdown
DDC1-ISP-ASW2,DDC1-ISP-ASW2,Eth122/1/23,disabled,admin down,shutdown,0,,--,Interface is already shutdown
DDC1-ISP-ASW2,DDC1-ISP-ASW2,Eth122/1/24,notconnec,up,down,0,,DDC1-MHSD1-FW2 g1/4,Interface is operationally down
DDC1-ISP-ASW2,DDC1-ISP-ASW2,Eth122/1/25,notconnec,up,down,0,,DDC1-MHSD1-FW2 g1/5,Interface is operationally down
DDC1-ISP-ASW2,DDC1-ISP-ASW2,Eth122/1/26,notconnec,up,down,0,,DDC1-RTBH-GRT1,Interface is operationally down
DDC1-ISP-ASW2,DDC1-ISP-ASW2,Eth122/1/28,disabled,admin down,shutdown,0,,--,Interface is already shutdown
DDC1-ISP-ASW2,DDC1-ISP-ASW2,Eth122/1/29,disabled,admin down,shutdown,0,,--,Interface is already shutdown
DDC1-ISP-ASW2,DDC1-ISP-ASW2,Eth122/1/3,notconnec,up,down,0,,ddc1-prxy-fw1_ISG2000_e1/1,Interface is operationally down
DDC1-ISP-ASW2,DDC1-ISP-ASW2,Eth122/1/31,notconnec,up,down,0,,DDC1-MDFE1-FRT1 Internet GE2,Interface is operationally down
DDC1-ISP-ASW2,DDC1-ISP-ASW2,Eth122/1/32,notconnec,up,down,0,,DDC1-MDFE1-FRT2 Internet GE2,Interface is operationally down
DDC1-ISP-ASW2,DDC1-ISP-ASW2,Eth122/1/33,disabled,admin down,shutdown,0,,--,Interface is already shutdown
DDC1-ISP-ASW2,DDC1-ISP-ASW2,Eth122/1/34,disabled,admin down,shutdown,0,,--,Interface is already shutdown
DDC1-ISP-ASW2,DDC1-ISP-ASW2,Eth122/1/35,disabled,admin down,shutdown,0,,--,Interface is already shutdown
DDC1-ISP-ASW2,DDC1-ISP-ASW2,Eth122/1/36,disabled,admin down,shutdown,0,,--,Interface is already shutdown
DDC1-ISP-ASW2,DDC1-ISP-ASW2,Eth122/1/37,disabled,admin down,shutdown,0,,--,Interface is already shutdown
DDC1-ISP-ASW2,DDC1-ISP-ASW2,Eth122/1/38,disabled,admin down,shutdown,0,,--,Interface is already shutdown
DDC1-ISP-ASW2,DDC1-ISP-ASW2,Eth122/1/39,disabled,admin down,shutdown,0,,--,Interface is already shutdown
DDC1-ISP-ASW2,DDC1-ISP-ASW2,Eth122/1/4,notconnec,up,down,0,,DDCVPNFW2 Eth5 mon,Interface is operationally down
DDC1-ISP-ASW2,DDC1-ISP-ASW2,Eth122/1/40,disabled,admin down,shutdown,0,,--,Interface is already shutdown
DDC1-ISP-ASW2,DDC1-ISP-ASW2,Eth122/1/41,disabled,admin down,shutdown,0,,--,Interface is already shutdown
DDC1-ISP-ASW2,DDC1-ISP-ASW2,Eth122/1/42,disabled,admin down,shutdown,0,,--,Interface is already shutdown
DDC1-ISP-ASW2,DDC1-ISP-ASW2,Eth122/1/43,disabled,admin down,shutdown,0,,--,Interface is already shutdown
DDC1-ISP-ASW2,DDC1-ISP-ASW2,Eth122/1/44,disabled,admin down,shutdown,0,,--,Interface is already shutdown
DDC1-ISP-ASW2,DDC1-ISP-ASW2,Eth122/1/45,disabled,admin down,shutdown,0,,--,Interface is already shutdown
DDC1-ISP-ASW2,DDC1-ISP-ASW2,Eth122/1/46,disabled,admin down,shutdown,0,,--,Interface is already shutdown
DDC1-ISP-ASW2,DDC1-ISP-ASW2,Eth122/1/47,disabled,admin down,shutdown,0,,--,Interface is already shutdown
DDC1-ISP-ASW2,DDC1-ISP-ASW2,Eth122/1/48,disabled,admin down,shutdown,0,,--,Interface is already shutdown
DDC1-ISP-ASW2,DDC1-ISP-ASW2,Eth122/1/5,notconnec,up,down,0,,DDC1-SSLVPN-GW1 P3-Int mon,Interface is operationally down
DDC1-ISP-ASW2,DDC1-ISP-ASW2,Eth122/1/7,notconnec,up,down,0,,DDCVPNFW2 Eth3 mon,Interface is operationally down
DDC1-ISP-ASW2,DDC1-ISP-ASW2,Eth122/1/8,disabled,admin down,shutdown,0,,--,Interface is already shutdown
DDC1-ISP-ASW2,DDC1-ISP-ASW2,Eth2/27,notconnec,up,down,0,,DDC1-MDFA1-FRT4 Internet X5,Interface is operationally down
DDC1-ISP-ASW2,DDC1-ISP-ASW2,Eth2/28,ChannelDown,up,down,0,,DDC1-PCIDMZ-DFW2 Eth1/2,Interface is operationally down
DDC1-ISP-ASW2,DDC1-ISP-ASW2,Eth2/29,sfpabsent,up,down,0,,--,Interface is operationally down
DDC1-ISP-ASW2,DDC1-ISP-ASW2,Eth2/30,notconnec,up,down,0,,DDC1-ISP-FW6 Eth2/6,Interface is operationally down
DDC1-ISP-ASW2,DDC1-ISP-ASW2,Eth2/35,notconnec,up,down,0,,DDC1-SPN-XSW1 Port12,Interface is operationally down
DDC1-ISP-ASW2,DDC1-ISP-ASW2,Eth2/36,sfpabsent,up,down,0,,DDC1-SSLVPN-GW8 Int,Interface is operationally down
DDC1-ISP-ASW2,DDC1-ISP-ASW2,Eth2/40,sfpabsent,up,down,0,,GDR INTERFACE for FAILOVER DO NOT USE,Interface is operationally down
DDC1-ISP-DSW1,DDC1-ISP-DSW1,Eth1/10,notconnec,up,down,0,,DDC1-MDFA1-IDS2 ETH3,Interface is operationally down
DDC1-ISP-DSW1,DDC1-ISP-DSW1,Eth1/17,sfpabsent,up,down,0,,--,Interface is operationally down
DDC1-ISP-DSW1,DDC1-ISP-DSW1,Eth1/3,disabled,admin down,shutdown,0,,DDC1-SCS-FW1 Eth1/2,Interface is already shutdown
DDC1-ISP-DSW1,DDC1-ISP-DSW1,Eth1/4,ChannelDown,up,down,0,,DDC1-PCIDMZ-DFW1 Eth1/3,Interface is operationally down
DDC1-ISP-DSW1,DDC1-ISP-DSW1,Eth1/8,notconnec,up,down,0,,DDC1-USONME-FW1 Ten2/0 mon,Interface is operationally down
DDC1-ISP-DSW1,DDC1-ISP-DSW1,Eth1/9,notconnec,up,down,0,,DDC1-PRXY-FW1 Eth2/1,Interface is operationally down
DDC1-ISP-DSW1,DDC1-ISP-DSW1,Eth101/1/1,notconnec,up,down,0,,DDCASPFW1 Eth1/2,Interface is operationally down
DDC1-ISP-DSW1,DDC1-ISP-DSW1,Eth101/1/10,notconnec,up,down,0,,AxisPointHelath ASAFW Gig0/1,Interface is operationally down
DDC1-ISP-DSW1,DDC1-ISP-DSW1,Eth101/1/11,notconnec,up,down,0,,BU9000 DDCAP60039 ICAP,Interface is operationally down
DDC1-ISP-DSW1,DDC1-ISP-DSW1,Eth101/1/12,disabled,admin down,shutdown,0,,--,Interface is already shutdown
DDC1-ISP-DSW1,DDC1-ISP-DSW1,Eth101/1/13,notconnec,up,down,0,,DDC1-ACCESSLAB-FW1 Eth1/1,Interface is operationally down
DDC1-ISP-DSW1,DDC1-ISP-DSW1,Eth101/1/14,notconnec,up,down,0,,DDC1-ACCESSLAB-FW1 Eth1/2,Interface is operationally down
DDC1-ISP-DSW1,DDC1-ISP-DSW1,Eth101/1/17,notconnec,up,down,0,,DDC1-AZUREB2B-FW1 Eth0/8,Interface is operationally down
DDC1-ISP-DSW1,DDC1-ISP-DSW1,Eth101/1/18,notconnec,up,down,0,,DDC1-SGA-AFW1 Eth0/0,Interface is operationally down
DDC1-ISP-DSW1,DDC1-ISP-DSW1,Eth101/1/19,disabled,admin down,shutdown,0,,DDCMHSFW1 Eth0/0 mon,Interface is already shutdown
DDC1-ISP-DSW1,DDC1-ISP-DSW1,Eth101/1/2,notconnec,up,down,0,,DDC1-B2B-FW1 Eth1,Interface is operationally down
DDC1-ISP-DSW1,DDC1-ISP-DSW1,Eth101/1/20,disabled,admin down,shutdown,0,,DDC1-RHDMZ-FW1 Eth1/1 mon,Interface is already shutdown
DDC1-ISP-DSW1,DDC1-ISP-DSW1,Eth101/1/21,disabled,admin down,shutdown,0,,--,Interface is already shutdown
DDC1-ISP-DSW1,DDC1-ISP-DSW1,Eth101/1/22,disabled,admin down,shutdown,0,,--,Interface is already shutdown
DDC1-ISP-DSW1,DDC1-ISP-DSW1,Eth101/1/23,disabled,admin down,shutdown,0,,--,Interface is already shutdown
DDC1-ISP-DSW1,DDC1-ISP-DSW1,Eth101/1/24,disabled,admin down,shutdown,0,,--,Interface is already shutdown
DDC1-ISP-DSW1,DDC1-ISP-DSW1,Eth101/1/25,disabled,admin down,shutdown,0,,--,Interface is already shutdown
DDC1-ISP-DSW1,DDC1-ISP-DSW1,Eth101/1/26,disabled,admin down,shutdown,0,,--,Interface is already shutdown
DDC1-ISP-DSW1,DDC1-ISP-DSW1,Eth101/1/27,disabled,admin down,shutdown,0,,--,Interface is already shutdown
DDC1-ISP-DSW1,DDC1-ISP-DSW1,Eth101/1/28,disabled,admin down,shutdown,0,,--,Interface is already shutdown
DDC1-ISP-DSW1,DDC1-ISP-DSW1,Eth101/1/29,disabled,admin down,shutdown,0,,--,Interface is already shutdown
DDC1-ISP-DSW1,DDC1-ISP-DSW1,Eth101/1/3,disabled,admin down,shutdown,0,,--,Interface is already shutdown
DDC1-ISP-DSW1,DDC1-ISP-DSW1,Eth101/1/30,disabled,admin down,shutdown,0,,--,Interface is already shutdown
DDC1-ISP-DSW1,DDC1-ISP-DSW1,Eth101/1/31,disabled,admin down,shutdown,0,,--,Interface is already shutdown
DDC1-ISP-DSW1,DDC1-ISP-DSW1,Eth101/1/32,disabled,admin down,shutdown,0,,--,Interface is already shutdown
DDC1-ISP-DSW1,DDC1-ISP-DSW1,Eth101/1/33,disabled,admin down,shutdown,0,,--,Interface is already shutdown
DDC1-ISP-DSW1,DDC1-ISP-DSW1,Eth101/1/34,disabled,admin down,shutdown,0,,--,Interface is already shutdown
DDC1-ISP-DSW1,DDC1-ISP-DSW1,Eth101/1/35,disabled,admin down,shutdown,0,,--,Interface is already shutdown
DDC1-ISP-DSW1,DDC1-ISP-DSW1,Eth101/1/36,disabled,admin down,shutdown,0,,--,Interface is already shutdown
DDC1-ISP-DSW1,DDC1-ISP-DSW1,Eth101/1/37,disabled,admin down,shutdown,0,,--,Interface is already shutdown
DDC1-ISP-DSW1,DDC1-ISP-DSW1,Eth101/1/38,disabled,admin down,shutdown,0,,--,Interface is already shutdown
DDC1-ISP-DSW1,DDC1-ISP-DSW1,Eth101/1/39,disabled,admin down,shutdown,0,,--,Interface is already shutdown
DDC1-ISP-DSW1,DDC1-ISP-DSW1,Eth101/1/4,disabled,admin down,shutdown,0,,--,Interface is already shutdown
DDC1-ISP-DSW1,DDC1-ISP-DSW1,Eth101/1/40,disabled,admin down,shutdown,0,,--,Interface is already shutdown
DDC1-ISP-DSW1,DDC1-ISP-DSW1,Eth101/1/41,disabled,admin down,shutdown,0,,--,Interface is already shutdown
DDC1-ISP-DSW1,DDC1-ISP-DSW1,Eth101/1/42,disabled,admin down,shutdown,0,,--,Interface is already shutdown
DDC1-ISP-DSW1,DDC1-ISP-DSW1,Eth101/1/43,disabled,admin down,shutdown,0,,--,Interface is already shutdown
DDC1-ISP-DSW1,DDC1-ISP-DSW1,Eth101/1/44,disabled,admin down,shutdown,0,,--,Interface is already shutdown
DDC1-ISP-DSW1,DDC1-ISP-DSW1,Eth101/1/45,disabled,admin down,shutdown,0,,--,Interface is already shutdown
DDC1-ISP-DSW1,DDC1-ISP-DSW1,Eth101/1/46,disabled,admin down,shutdown,0,,--,Interface is already shutdown
DDC1-ISP-DSW1,DDC1-ISP-DSW1,Eth101/1/47,disabled,admin down,shutdown,0,,--,Interface is already shutdown
DDC1-ISP-DSW1,DDC1-ISP-DSW1,Eth101/1/48,disabled,admin down,shutdown,0,,--,Interface is already shutdown
DDC1-ISP-DSW1,DDC1-ISP-DSW1,Eth101/1/5,disabled,admin down,shutdown,0,,DDCEXTFW3 Eth1/1,Interface is already shutdown
DDC1-ISP-DSW1,DDC1-ISP-DSW1,Eth101/1/7,notconnec,up,down,0,,DDCVPNFW1 Eth1 mon,Interface is operationally down
DDC1-ISP-DSW1,DDC1-ISP-DSW1,Eth101/1/9,disabled,admin down,shutdown,0,,DDC1-SPS-AFW1 Eth2 mon,Interface is already shutdown
DDC1-ISP-DSW1,DDC1-ISP-DSW1,Eth2/10,notconnec,up,down,0,,DDCPROXY AV1 mon,Interface is operationally down
DDC1-ISP-DSW1,DDC1-ISP-DSW1,Eth2/11,sfpabsent,up,down,0,,--,Interface is operationally down
DDC1-ISP-DSW1,DDC1-ISP-DSW1,Eth2/12,notconnec,up,down,0,,DDCPROXYMGMT mon,Interface is operationally down
DDC1-ISP-DSW1,DDC1-ISP-DSW1,Eth2/13,notconnec,up,down,0,,DDCPROXY12 mon,Interface is operationally down
DDC1-ISP-DSW1,DDC1-ISP-DSW1,Eth2/14,notconnec,up,down,0,,DDCPROXY01 LAN mon,Interface is operationally down
DDC1-ISP-DSW1,DDC1-ISP-DSW1,Eth2/15,notconnec,up,down,0,,DDC1-SPN-XSW4 Port9,Interface is operationally down
DDC1-ISP-DSW1,DDC1-ISP-DSW1,Eth2/17,sfpabsent,up,down,0,,--,Interface is operationally down
DDC1-ISP-DSW1,DDC1-ISP-DSW1,Eth2/19,sfpabsent,up,down,0,,--,Interface is operationally down
DDC1-ISP-DSW1,DDC1-ISP-DSW1,Eth2/3,disabled,admin down,shutdown,0,,DDC1-SCS-FW1 Eth1/3,Interface is already shutdown
DDC1-ISP-DSW1,DDC1-ISP-DSW1,Eth2/4,ChannelDown,up,down,0,,DDC1-PCIDMZ-DFW1 Eth1/4,Interface is operationally down
DDC1-ISP-DSW1,DDC1-ISP-DSW1,Eth2/5,disabled,admin down,shutdown,0,,--,Interface is already shutdown
DDC1-ISP-DSW1,DDC1-ISP-DSW1,Eth2/6,notconnec,up,down,0,,DDC-ISP-FW5 Eth2/2,Interface is operationally down
DDC1-ISP-DSW1,DDC1-ISP-DSW1,Eth2/8,notconnec,up,down,0,,DDCPROXY07 LAN - mon,Interface is operationally down
DDC1-ISP-DSW1,DDC1-ISP-DSW1,Eth2/9,disabled,admin down,shutdown,0,,DDCPROXY03 - mon,Interface is already shutdown
DDC1-ISP-DSW2,DDC1-ISP-DSW2,Eth1/10,notconnec,up,down,0,,DDC1-MDFA1-IDS2 ETH4,Interface is operationally down
DDC1-ISP-DSW2,DDC1-ISP-DSW2,Eth1/17,sfpabsent,up,down,0,,--,Interface is operationally down
DDC1-ISP-DSW2,DDC1-ISP-DSW2,Eth1/3,disabled,admin down,shutdown,0,,DDC1-SCS-FW2 Eth1/2,Interface is already shutdown
DDC1-ISP-DSW2,DDC1-ISP-DSW2,Eth1/4,ChannelDown,up,down,0,,DDC1-PCIDMZ-DFW2 Eth1/3,Interface is operationally down
DDC1-ISP-DSW2,DDC1-ISP-DSW2,Eth1/8,notconnec,up,down,0,,DDC1-USONME-FW2 Ten2/0 mon,Interface is operationally down
DDC1-ISP-DSW2,DDC1-ISP-DSW2,Eth1/9,notconnec,up,down,0,,DDC1-PRXY-FW2 Eth2/1,Interface is operationally down
DDC1-ISP-DSW2,DDC1-ISP-DSW2,Eth102/1/1,notconnec,up,down,0,,DDCASPFW2 Eth1/2,Interface is operationally down
DDC1-ISP-DSW2,DDC1-ISP-DSW2,Eth102/1/10,disabled,admin down,shutdown,0,,--,Interface is already shutdown
DDC1-ISP-DSW2,DDC1-ISP-DSW2,Eth102/1/11,disabled,admin down,shutdown,0,,--,Interface is already shutdown
DDC1-ISP-DSW2,DDC1-ISP-DSW2,Eth102/1/12,disabled,admin down,shutdown,0,,--,Interface is already shutdown
DDC1-ISP-DSW2,DDC1-ISP-DSW2,Eth102/1/13,disabled,admin down,shutdown,0,,--,Interface is already shutdown
DDC1-ISP-DSW2,DDC1-ISP-DSW2,Eth102/1/14,disabled,admin down,shutdown,0,,--,Interface is already shutdown
DDC1-ISP-DSW2,DDC1-ISP-DSW2,Eth102/1/17,notconnec,up,down,0,,DDC1-AZUREB2B-FW1 Eth0/8,Interface is operationally down
DDC1-ISP-DSW2,DDC1-ISP-DSW2,Eth102/1/18,notconnec,up,down,0,,DDC1-SGA-AFW2 Eth0/0,Interface is operationally down
DDC1-ISP-DSW2,DDC1-ISP-DSW2,Eth102/1/19,disabled,admin down,shutdown,0,,DDCMHSFW2 Eth0/0 mon,Interface is already shutdown
DDC1-ISP-DSW2,DDC1-ISP-DSW2,Eth102/1/2,notconnec,up,down,0,,DDC1-B2B-FW1 Eth1,Interface is operationally down
DDC1-ISP-DSW2,DDC1-ISP-DSW2,Eth102/1/20,disabled,admin down,shutdown,0,,DDC1-RHDMZ-FW2 Eth1/1 mon,Interface is already shutdown
DDC1-ISP-DSW2,DDC1-ISP-DSW2,Eth102/1/21,disabled,admin down,shutdown,0,,--,Interface is already shutdown
DDC1-ISP-DSW2,DDC1-ISP-DSW2,Eth102/1/22,disabled,admin down,shutdown,0,,--,Interface is already shutdown
DDC1-ISP-DSW2,DDC1-ISP-DSW2,Eth102/1/23,disabled,admin down,shutdown,0,,--,Interface is already shutdown
DDC1-ISP-DSW2,DDC1-ISP-DSW2,Eth102/1/24,disabled,admin down,shutdown,0,,--,Interface is already shutdown
DDC1-ISP-DSW2,DDC1-ISP-DSW2,Eth102/1/25,disabled,admin down,shutdown,0,,--,Interface is already shutdown
DDC1-ISP-DSW2,DDC1-ISP-DSW2,Eth102/1/26,disabled,admin down,shutdown,0,,--,Interface is already shutdown
DDC1-ISP-DSW2,DDC1-ISP-DSW2,Eth102/1/27,disabled,admin down,shutdown,0,,--,Interface is already shutdown
DDC1-ISP-DSW2,DDC1-ISP-DSW2,Eth102/1/28,disabled,admin down,shutdown,0,,--,Interface is already shutdown
DDC1-ISP-DSW2,DDC1-ISP-DSW2,Eth102/1/29,disabled,admin down,shutdown,0,,--,Interface is already shutdown
DDC1-ISP-DSW2,DDC1-ISP-DSW2,Eth102/1/3,disabled,admin down,shutdown,0,,--,Interface is already shutdown
DDC1-ISP-DSW2,DDC1-ISP-DSW2,Eth102/1/30,disabled,admin down,shutdown,0,,--,Interface is already shutdown
DDC1-ISP-DSW2,DDC1-ISP-DSW2,Eth102/1/31,disabled,admin down,shutdown,0,,--,Interface is already shutdown
DDC1-ISP-DSW2,DDC1-ISP-DSW2,Eth102/1/32,disabled,admin down,shutdown,0,,--,Interface is already shutdown
DDC1-ISP-DSW2,DDC1-ISP-DSW2,Eth102/1/33,disabled,admin down,shutdown,0,,--,Interface is already shutdown
DDC1-ISP-DSW2,DDC1-ISP-DSW2,Eth102/1/34,disabled,admin down,shutdown,0,,--,Interface is already shutdown
DDC1-ISP-DSW2,DDC1-ISP-DSW2,Eth102/1/35,disabled,admin down,shutdown,0,,--,Interface is already shutdown
DDC1-ISP-DSW2,DDC1-ISP-DSW2,Eth102/1/36,disabled,admin down,shutdown,0,,--,Interface is already shutdown
DDC1-ISP-DSW2,DDC1-ISP-DSW2,Eth102/1/37,disabled,admin down,shutdown,0,,--,Interface is already shutdown
DDC1-ISP-DSW2,DDC1-ISP-DSW2,Eth102/1/38,disabled,admin down,shutdown,0,,--,Interface is already shutdown
DDC1-ISP-DSW2,DDC1-ISP-DSW2,Eth102/1/39,disabled,admin down,shutdown,0,,--,Interface is already shutdown
DDC1-ISP-DSW2,DDC1-ISP-DSW2,Eth102/1/4,disabled,admin down,shutdown,0,,--,Interface is already shutdown
DDC1-ISP-DSW2,DDC1-ISP-DSW2,Eth102/1/40,disabled,admin down,shutdown,0,,--,Interface is already shutdown
DDC1-ISP-DSW2,DDC1-ISP-DSW2,Eth102/1/41,disabled,admin down,shutdown,0,,--,Interface is already shutdown
DDC1-ISP-DSW2,DDC1-ISP-DSW2,Eth102/1/42,disabled,admin down,shutdown,0,,--,Interface is already shutdown
DDC1-ISP-DSW2,DDC1-ISP-DSW2,Eth102/1/43,disabled,admin down,shutdown,0,,--,Interface is already shutdown
DDC1-ISP-DSW2,DDC1-ISP-DSW2,Eth102/1/44,disabled,admin down,shutdown,0,,--,Interface is already shutdown
DDC1-ISP-DSW2,DDC1-ISP-DSW2,Eth102/1/45,disabled,admin down,shutdown,0,,--,Interface is already shutdown
DDC1-ISP-DSW2,DDC1-ISP-DSW2,Eth102/1/46,disabled,admin down,shutdown,0,,--,Interface is already shutdown
DDC1-ISP-DSW2,DDC1-ISP-DSW2,Eth102/1/47,disabled,admin down,shutdown,0,,--,Interface is already shutdown
DDC1-ISP-DSW2,DDC1-ISP-DSW2,Eth102/1/48,disabled,admin down,shutdown,0,,--,Interface is already shutdown
DDC1-ISP-DSW2,DDC1-ISP-DSW2,Eth102/1/5,disabled,admin down,shutdown,0,,DDCEXTFW4 Eth1/1,Interface is already shutdown
DDC1-ISP-DSW2,DDC1-ISP-DSW2,Eth102/1/7,notconnec,up,down,0,,DDCVPNFW2 Eth1 mon,Interface is operationally down
DDC1-ISP-DSW2,DDC1-ISP-DSW2,Eth102/1/9,disabled,admin down,shutdown,0,,DDC1-SPS-AFW2 Eth2 mon,Interface is already shutdown
DDC1-ISP-DSW2,DDC1-ISP-DSW2,Eth2/10,notconnec,up,down,0,,DDCPROXY AV2,Interface is operationally down
DDC1-ISP-DSW2,DDC1-ISP-DSW2,Eth2/11,sfpabsent,up,down,0,,--,Interface is operationally down
DDC1-ISP-DSW2,DDC1-ISP-DSW2,Eth2/12,sfpabsent,up,down,0,,--,Interface is operationally down
DDC1-ISP-DSW2,DDC1-ISP-DSW2,Eth2/13,sfpabsent,up,down,0,,--,Interface is operationally down
DDC1-ISP-DSW2,DDC1-ISP-DSW2,Eth2/14,notconnec,up,down,0,,DDCPROXY02 LAN mon,Interface is operationally down
DDC1-ISP-DSW2,DDC1-ISP-DSW2,Eth2/15,notconnec,up,down,0,,DDC1-SPN-XSW4 Port10,Interface is operationally down
DDC1-ISP-DSW2,DDC1-ISP-DSW2,Eth2/17,sfpabsent,up,down,0,,--,Interface is operationally down
DDC1-ISP-DSW2,DDC1-ISP-DSW2,Eth2/19,sfpabsent,up,down,0,,--,Interface is operationally down
DDC1-ISP-DSW2,DDC1-ISP-DSW2,Eth2/3,disabled,admin down,shutdown,0,,DDC1-SCS-FW2 Eth1/3,Interface is already shutdown
DDC1-ISP-DSW2,DDC1-ISP-DSW2,Eth2/4,ChannelDown,up,down,0,,DDC1-PCIDMZ-DFW2 Eth1/4,Interface is operationally down
DDC1-ISP-DSW2,DDC1-ISP-DSW2,Eth2/5,disabled,admin down,shutdown,0,,--,Interface is already shutdown
DDC1-ISP-DSW2,DDC1-ISP-DSW2,Eth2/6,notconnec,up,down,0,,DDC-ISP-FW6 Eth2/2,Interface is operationally down
DDC1-ISP-DSW2,DDC1-ISP-DSW2,Eth2/8,sfpabsent,up,down,0,,--,Interface is operationally down
DDC1-ISP-DSW2,DDC1-ISP-DSW2,Eth2/9,disabled,admin down,shutdown,0,,DDCPROXY04 - mon,Interface is already shutdown
DDC1-ISP-GRT1,DDC1-ISP-GRT1,Gi0/0/0,down,admin down,down,0,,,Interface is operationally down
DDC1-ISP-GRT1,DDC1-ISP-GRT1,Gi0/0/1,down,admin down,down,0,,,Interface is operationally down
DDC1-ISP-GRT1,DDC1-ISP-GRT1,Gi0/0/2,down,admin down,down,0,,,Interface is operationally down
DDC1-ISP-GRT1,DDC1-ISP-GRT1,Gi0/0/3,down,admin down,down,0,,,Interface is operationally down
DDC1-ISP-GRT1,DDC1-ISP-GRT1,Gi0/0/4,down,admin down,down,0,,,Interface is operationally down
DDC1-ISP-GRT1,DDC1-ISP-GRT1,Gi0/0/5,down,admin down,down,0,,,Interface is operationally down
DDC1-ISP-GRT2,DDC1-ISP-GRT2,Gi0/0/0,down,admin down,down,0,,,Interface is operationally down
DDC1-ISP-GRT2,DDC1-ISP-GRT2,Gi0/0/1,down,admin down,down,0,,,Interface is operationally down
DDC1-ISP-GRT2,DDC1-ISP-GRT2,Gi0/0/2,down,admin down,down,0,,,Interface is operationally down
DDC1-ISP-GRT2,DDC1-ISP-GRT2,Gi0/0/3,down,admin down,down,0,,,Interface is operationally down
DDC1-ISP-GRT2,DDC1-ISP-GRT2,Gi0/0/5,down,admin down,down,0,,,Interface is operationally down
DDC1-USON-DSW1,DDC1-USON-DSW1,Eth3/12,notconnec,up,down,0,,BU9077 DDCDD98002 eth1c,Interface is operationally down
DDC1-USON-DSW1,DDC1-USON-DSW1,Eth3/14,sfpabsent,up,down,0,,--,Interface is operationally down
DDC1-USON-DSW1,DDC1-USON-DSW1,Eth3/15,sfpabsent,up,down,0,,--,Interface is operationally down
DDC1-USON-DSW1,DDC1-USON-DSW1,Eth3/16,sfpabsent,up,down,0,,--,Interface is operationally down
DDC1-USON-DSW1,DDC1-USON-DSW1,Eth3/17,sfpabsent,up,down,0,,--,Interface is operationally down
DDC1-USON-DSW1,DDC1-USON-DSW1,Eth3/18,sfpabsent,up,down,0,,--,Interface is operationally down
DDC1-USON-DSW1,DDC1-USON-DSW1,Eth3/19,sfpabsent,up,down,0,,--,Interface is operationally down
DDC1-USON-DSW1,DDC1-USON-DSW1,Eth3/20,sfpabsent,up,down,0,,--,Interface is operationally down
DDC1-USON-DSW1,DDC1-USON-DSW1,Eth3/21,sfpabsent,up,down,0,,--,Interface is operationally down
DDC1-USON-DSW1,DDC1-USON-DSW1,Eth3/22,sfpabsent,up,down,0,,--,Interface is operationally down
DDC1-USON-DSW1,DDC1-USON-DSW1,Eth3/25,sfpabsent,up,down,0,,--,Interface is operationally down
DDC1-USON-DSW1,DDC1-USON-DSW1,Eth3/26,sfpabsent,up,down,0,,--,Interface is operationally down
DDC1-USON-DSW1,DDC1-USON-DSW1,Eth3/27,sfpabsent,up,down,0,,--,Interface is operationally down
DDC1-USON-DSW1,DDC1-USON-DSW1,Eth3/28,sfpabsent,up,down,0,,--,Interface is operationally down
DDC1-USON-DSW1,DDC1-USON-DSW1,Eth3/29,sfpabsent,up,down,0,,--,Interface is operationally down
DDC1-USON-DSW1,DDC1-USON-DSW1,Eth3/3,notconnec,up,down,0,,BU9077 ddcsp02b02-C7P04,Interface is operationally down
DDC1-USON-DSW1,DDC1-USON-DSW1,Eth3/30,sfpabsent,up,down,0,,--,Interface is operationally down
DDC1-USON-DSW1,DDC1-USON-DSW1,Eth3/31,sfpabsent,up,down,0,,--,Interface is operationally down
DDC1-USON-DSW1,DDC1-USON-DSW1,Eth3/32,sfpabsent,up,down,0,,--,Interface is operationally down
DDC1-USON-DSW1,DDC1-USON-DSW1,Eth3/33,sfpabsent,up,down,0,,--,Interface is operationally down
DDC1-USON-DSW1,DDC1-USON-DSW1,Eth3/34,sfpabsent,up,down,0,,--,Interface is operationally down
DDC1-USON-DSW1,DDC1-USON-DSW1,Eth3/35,sfpabsent,up,down,0,,--,Interface is operationally down
DDC1-USON-DSW1,DDC1-USON-DSW1,Eth3/36,sfpabsent,up,down,0,,--,Interface is operationally down
DDC1-USON-DSW1,DDC1-USON-DSW1,Eth3/37,sfpabsent,up,down,0,,--,Interface is operationally down
DDC1-USON-DSW1,DDC1-USON-DSW1,Eth3/38,sfpabsent,up,down,0,,--,Interface is operationally down
DDC1-USON-DSW1,DDC1-USON-DSW1,Eth3/4,notconnec,up,down,0,,BU113400 ddcsp04b02-C7P04,Interface is operationally down
DDC1-USON-DSW1,DDC1-USON-DSW1,Eth3/40,disabled,admin down,shutdown,0,,DDC1-USON-DSW1 Eth1/1,Interface is already shutdown
DDC1-USON-DSW1,DDC1-USON-DSW1,Eth3/5,notconnec,up,down,0,,BU113400 ddcsp04c02-C7P04,Interface is operationally down
DDC1-USON-DSW1,DDC1-USON-DSW1,Eth3/6,notconnec,up,down,0,,BU9077 ddcsp02c02-C7P04,Interface is operationally down
DDC1-USON-DSW1,DDC1-USON-DSW1,Eth4/10,notconnec,up,down,0,,DDC-MDS-SW2 Gig6/1,Interface is operationally down
DDC1-USON-DSW1,DDC1-USON-DSW1,Eth4/14,notconnec,up,down,0,,qa-g2-ora-rac-01,Interface is operationally down
DDC1-USON-DSW1,DDC1-USON-DSW1,Eth4/15,notconnec,up,down,0,,qa-g2-ora-rac-01_private,Interface is operationally down
DDC1-USON-DSW1,DDC1-USON-DSW1,Eth4/16,notconnec,up,down,0,,qa-g2-ora-rac-02,Interface is operationally down
DDC1-USON-DSW1,DDC1-USON-DSW1,Eth4/17,notconnec,up,down,0,,qa-g2-ora-rac-02_private,Interface is operationally down
DDC1-USON-DSW1,DDC1-USON-DSW1,Eth4/18,notconnec,up,down,0,,qa-g2-ora-1,Interface is operationally down
DDC1-USON-DSW1,DDC1-USON-DSW1,Eth4/19,notconnec,up,down,0,,qa-g2-ora-1_private,Interface is operationally down
DDC1-USON-DSW1,DDC1-USON-DSW1,Eth4/20,notconnec,up,down,0,,usodqlpdo001,Interface is operationally down
DDC1-USON-DSW1,DDC1-USON-DSW1,Eth4/21,notconnec,up,down,0,,usodqlpdo001_private,Interface is operationally down
DDC1-USON-DSW1,DDC1-USON-DSW1,Eth4/22,sfpabsent,up,down,0,,--,Interface is operationally down
DDC1-USON-DSW1,DDC1-USON-DSW1,Eth4/23,sfpabsent,up,down,0,,--,Interface is operationally down
DDC1-USON-DSW1,DDC1-USON-DSW1,Eth4/24,sfpabsent,up,down,0,,--,Interface is operationally down
DDC1-USON-DSW1,DDC1-USON-DSW1,Eth4/25,sfpabsent,up,down,0,,--,Interface is operationally down
DDC1-USON-DSW1,DDC1-USON-DSW1,Eth4/26,sfpabsent,up,down,0,,--,Interface is operationally down
DDC1-USON-DSW1,DDC1-USON-DSW1,Eth4/27,sfpabsent,up,down,0,,--,Interface is operationally down
DDC1-USON-DSW1,DDC1-USON-DSW1,Eth4/28,sfpabsent,up,down,0,,--,Interface is operationally down
DDC1-USON-DSW1,DDC1-USON-DSW1,Eth4/29,sfpabsent,up,down,0,,--,Interface is operationally down
DDC1-USON-DSW1,DDC1-USON-DSW1,Eth4/3,notconnec,up,down,0,,BU9077 ddcsp02b02-C10P04,Interface is operationally down
DDC1-USON-DSW1,DDC1-USON-DSW1,Eth4/30,sfpabsent,up,down,0,,--,Interface is operationally down
DDC1-USON-DSW1,DDC1-USON-DSW1,Eth4/31,sfpabsent,up,down,0,,--,Interface is operationally down
DDC1-USON-DSW1,DDC1-USON-DSW1,Eth4/32,sfpabsent,up,down,0,,--,Interface is operationally down
DDC1-USON-DSW1,DDC1-USON-DSW1,Eth4/33,sfpabsent,up,down,0,,--,Interface is operationally down
DDC1-USON-DSW1,DDC1-USON-DSW1,Eth4/34,sfpabsent,up,down,0,,--,Interface is operationally down
DDC1-USON-DSW1,DDC1-USON-DSW1,Eth4/35,sfpabsent,up,down,0,,--,Interface is operationally down
DDC1-USON-DSW1,DDC1-USON-DSW1,Eth4/36,sfpabsent,up,down,0,,--,Interface is operationally down
DDC1-USON-DSW1,DDC1-USON-DSW1,Eth4/37,sfpabsent,up,down,0,,--,Interface is operationally down
DDC1-USON-DSW1,DDC1-USON-DSW1,Eth4/38,sfpabsent,up,down,0,,--,Interface is operationally down
DDC1-USON-DSW1,DDC1-USON-DSW1,Eth4/39,notconnec,up,down,0,,DDC1-SPN-XSW1 SPAN/Tap Link,Interface is operationally down
DDC1-USON-DSW1,DDC1-USON-DSW1,Eth4/4,notconnec,up,down,0,,BU113400 ddcsp04b02-C5P03,Interface is operationally down
DDC1-USON-DSW1,DDC1-USON-DSW1,Eth4/40,disabled,admin down,shutdown,0,,DDC1-USON-DSW1 eth2/1 L3,Interface is already shutdown
DDC1-USON-DSW1,DDC1-USON-DSW1,Eth4/6,disabled,admin down,shutdown,0,,NDH1-USON-DSW1 E7/32 Repl Link,Interface is already shutdown
DDC1-USON-DSW2,DDC1-USON-DSW2,Eth3/10,notconnec,up,down,0,,DDC-MDS-SW1 Gig6/2,Interface is operationally down
DDC1-USON-DSW2,DDC1-USON-DSW2,Eth3/12,notconnec,up,down,0,,BU9077 DDCDD98002 eth4c,Interface is operationally down
DDC1-USON-DSW2,DDC1-USON-DSW2,Eth3/14,sfpabsent,up,down,0,,--,Interface is operationally down
DDC1-USON-DSW2,DDC1-USON-DSW2,Eth3/15,sfpabsent,up,down,0,,--,Interface is operationally down
DDC1-USON-DSW2,DDC1-USON-DSW2,Eth3/16,sfpabsent,up,down,0,,--,Interface is operationally down
DDC1-USON-DSW2,DDC1-USON-DSW2,Eth3/17,sfpabsent,up,down,0,,--,Interface is operationally down
DDC1-USON-DSW2,DDC1-USON-DSW2,Eth3/18,sfpabsent,up,down,0,,--,Interface is operationally down
DDC1-USON-DSW2,DDC1-USON-DSW2,Eth3/19,sfpabsent,up,down,0,,--,Interface is operationally down
DDC1-USON-DSW2,DDC1-USON-DSW2,Eth3/20,sfpabsent,up,down,0,,--,Interface is operationally down
DDC1-USON-DSW2,DDC1-USON-DSW2,Eth3/21,sfpabsent,up,down,0,,--,Interface is operationally down
DDC1-USON-DSW2,DDC1-USON-DSW2,Eth3/22,sfpabsent,up,down,0,,--,Interface is operationally down
DDC1-USON-DSW2,DDC1-USON-DSW2,Eth3/25,sfpabsent,up,down,0,,--,Interface is operationally down
DDC1-USON-DSW2,DDC1-USON-DSW2,Eth3/26,sfpabsent,up,down,0,,--,Interface is operationally down
DDC1-USON-DSW2,DDC1-USON-DSW2,Eth3/27,sfpabsent,up,down,0,,--,Interface is operationally down
DDC1-USON-DSW2,DDC1-USON-DSW2,Eth3/28,sfpabsent,up,down,0,,--,Interface is operationally down
DDC1-USON-DSW2,DDC1-USON-DSW2,Eth3/29,sfpabsent,up,down,0,,--,Interface is operationally down
DDC1-USON-DSW2,DDC1-USON-DSW2,Eth3/3,notconnec,up,down,0,,BU9077 ddcsp02b02-C5P03,Interface is operationally down
DDC1-USON-DSW2,DDC1-USON-DSW2,Eth3/30,sfpabsent,up,down,0,,--,Interface is operationally down
DDC1-USON-DSW2,DDC1-USON-DSW2,Eth3/31,sfpabsent,up,down,0,,--,Interface is operationally down
DDC1-USON-DSW2,DDC1-USON-DSW2,Eth3/32,sfpabsent,up,down,0,,--,Interface is operationally down
DDC1-USON-DSW2,DDC1-USON-DSW2,Eth3/33,sfpabsent,up,down,0,,--,Interface is operationally down
DDC1-USON-DSW2,DDC1-USON-DSW2,Eth3/34,sfpabsent,up,down,0,,--,Interface is operationally down
DDC1-USON-DSW2,DDC1-USON-DSW2,Eth3/35,sfpabsent,up,down,0,,--,Interface is operationally down
DDC1-USON-DSW2,DDC1-USON-DSW2,Eth3/36,sfpabsent,up,down,0,,--,Interface is operationally down
DDC1-USON-DSW2,DDC1-USON-DSW2,Eth3/37,sfpabsent,up,down,0,,--,Interface is operationally down
DDC1-USON-DSW2,DDC1-USON-DSW2,Eth3/38,sfpabsent,up,down,0,,--,Interface is operationally down
DDC1-USON-DSW2,DDC1-USON-DSW2,Eth3/4,notconnec,up,down,0,,BU113400 ddcsp04b02-C10P04,Interface is operationally down
DDC1-USON-DSW2,DDC1-USON-DSW2,Eth3/40,disabled,admin down,shutdown,0,,DDC1-USON-DSW2 Eth1/1,Interface is already shutdown
DDC1-USON-DSW2,DDC1-USON-DSW2,Eth3/5,notconnec,up,down,0,,BU113400 ddcsp04c02-C7P04,Interface is operationally down
DDC1-USON-DSW2,DDC1-USON-DSW2,Eth3/6,notconnec,up,down,0,,BU9077 ddcsp02c02-C7P04,Interface is operationally down
DDC1-USON-DSW2,DDC1-USON-DSW2,Eth4/14,notconnec,up,down,0,,qa-g2-ora-rac-01_private,Interface is operationally down
DDC1-USON-DSW2,DDC1-USON-DSW2,Eth4/15,notconnec,up,down,0,,qa-g2-ora-rac-01,Interface is operationally down
DDC1-USON-DSW2,DDC1-USON-DSW2,Eth4/16,notconnec,up,down,0,,qa-g2-ora-rac-02_private,Interface is operationally down
DDC1-USON-DSW2,DDC1-USON-DSW2,Eth4/17,notconnec,up,down,0,,qa-g2-ora-rac-02,Interface is operationally down
DDC1-USON-DSW2,DDC1-USON-DSW2,Eth4/18,notconnec,up,down,0,,qa-g2-ora-1,Interface is operationally down
DDC1-USON-DSW2,DDC1-USON-DSW2,Eth4/19,notconnec,up,down,0,,qa-g2-ora-1_private,Interface is operationally down
DDC1-USON-DSW2,DDC1-USON-DSW2,Eth4/20,notconnec,up,down,0,,usodqlpdo001,Interface is operationally down
DDC1-USON-DSW2,DDC1-USON-DSW2,Eth4/21,notconnec,up,down,0,,usodqlpdo001_private,Interface is operationally down
DDC1-USON-DSW2,DDC1-USON-DSW2,Eth4/22,sfpabsent,up,down,0,,--,Interface is operationally down
DDC1-USON-DSW2,DDC1-USON-DSW2,Eth4/23,sfpabsent,up,down,0,,--,Interface is operationally down
DDC1-USON-DSW2,DDC1-USON-DSW2,Eth4/24,sfpabsent,up,down,0,,--,Interface is operationally down
DDC1-USON-DSW2,DDC1-USON-DSW2,Eth4/25,sfpabsent,up,down,0,,--,Interface is operationally down
DDC1-USON-DSW2,DDC1-USON-DSW2,Eth4/26,sfpabsent,up,down,0,,--,Interface is operationally down
DDC1-USON-DSW2,DDC1-USON-DSW2,Eth4/27,sfpabsent,up,down,0,,--,Interface is operationally down
DDC1-USON-DSW2,DDC1-USON-DSW2,Eth4/28,sfpabsent,up,down,0,,--,Interface is operationally down
DDC1-USON-DSW2,DDC1-USON-DSW2,Eth4/29,sfpabsent,up,down,0,,--,Interface is operationally down
DDC1-USON-DSW2,DDC1-USON-DSW2,Eth4/3,notconnec,up,down,0,,BU9077 ddcsp02b02-C7P03,Interface is operationally down
DDC1-USON-DSW2,DDC1-USON-DSW2,Eth4/30,sfpabsent,up,down,0,,--,Interface is operationally down
DDC1-USON-DSW2,DDC1-USON-DSW2,Eth4/31,sfpabsent,up,down,0,,--,Interface is operationally down
DDC1-USON-DSW2,DDC1-USON-DSW2,Eth4/32,sfpabsent,up,down,0,,--,Interface is operationally down
DDC1-USON-DSW2,DDC1-USON-DSW2,Eth4/33,sfpabsent,up,down,0,,--,Interface is operationally down
DDC1-USON-DSW2,DDC1-USON-DSW2,Eth4/34,sfpabsent,up,down,0,,--,Interface is operationally down
DDC1-USON-DSW2,DDC1-USON-DSW2,Eth4/35,sfpabsent,up,down,0,,--,Interface is operationally down
DDC1-USON-DSW2,DDC1-USON-DSW2,Eth4/36,sfpabsent,up,down,0,,--,Interface is operationally down
DDC1-USON-DSW2,DDC1-USON-DSW2,Eth4/37,sfpabsent,up,down,0,,--,Interface is operationally down
DDC1-USON-DSW2,DDC1-USON-DSW2,Eth4/38,sfpabsent,up,down,0,,--,Interface is operationally down
DDC1-USON-DSW2,DDC1-USON-DSW2,Eth4/39,notconnec,up,down,0,,DDC1-SPN-XSW2 SPAN/Tap Link,Interface is operationally down
DDC1-USON-DSW2,DDC1-USON-DSW2,Eth4/4,notconnec,up,down,0,,BU113400 ddcsp04b02-C5P04,Interface is operationally down
DDC1-USON-DSW2,DDC1-USON-DSW2,Eth4/40,disabled,admin down,shutdown,0,,DDC1-USON-DSW1 eth2/1 L3,Interface is already shutdown
DDC1-USON-DSW2,DDC1-USON-DSW2,Eth4/6,disabled,admin down,shutdown,0,,NDH1-USON-DSW2 E7/32 Repl Link,Interface is already shutdown
