Device,VLAN,VLAN_Name,SVI_IP,SVI_MAC,SVI_MAC_Company,SVI_Description,MAC_Count,ARP_Count,Traffic_Check,Traffic_Ports,Traffic_Statistics,MAC_Address,MAC_Company,ARP_Check,ARP_Missing_MACs,Root_Bridge,Shutdown_Recommendation
DDC1-USON-ASW1,1,default,,,,,2,0,TRAFFIC_DETECTED,Po2,Po2: IN 24149464 bps / OUT 19494832 bps,1a2e.3af0.74dd; 4257.b8dc.d574,Locally administered/randomized MAC; Locally administered/randomized MAC,MISSING_ARP,1a2e.3af0.74dd; 4257.b8dc.d574,NO,
DDC1-USON-ASW1,110,USON_WEB1,,,,,2,0,TRAFFIC_DETECTED,Po2,Po2: IN 22371096 bps / OUT 17117896 bps,0000.0c9f.f00a; 0026.9822.8bc3,"Cisco Systems, Inc; Cisco Systems, Inc",MISSING_ARP,0000.0c9f.f00a; 0026.9822.8bc3,NO,
DDC1-USON-ASW1,111,USON_WEB2,,,,,2,0,TRAFFIC_DETECTED,Po2,Po2: IN 20123752 bps / OUT 15411816 bps,0000.0c9f.f00a; 0026.9822.8bc3,"Cisco Systems, Inc; Cisco Systems, Inc",MISSING_ARP,0000.0c9f.f00a; 0026.9822.8bc3,NO,
DDC1-USON-ASW1,112,USON_APP1,,,,,7,0,TRAFFIC_DETECTED,Po2; Po32; Eth102/1/21,Po2: IN 16709560 bps / OUT 12338256 bps; Po32: IN 16594528 bps / OUT 18770888 bps; Eth102/1/21: IN 408 bps / OUT 3448 bps,0000.0c9f.f00a; 0017.a477.1038; 0017.a477.d838; 0017.a477.d83c; 0026.980a.c843; 0026.9822.8bc3; e007.1bd0.1c90,"Cisco Systems, Inc; Hewlett Packard; Hewlett Packard; Hewlett Packard; Cisco Systems, Inc; Cisco Systems, Inc; Hewlett Packard Enterprise",MISSING_ARP,0000.0c9f.f00a; 0017.a477.1038; 0017.a477.d838; 0017.a477.d83c; 0026.980a.c843; 0026.9822.8bc3; e007.1bd0.1c90,NO,
DDC1-USON-ASW1,113,USON_APP2,,,,,13,0,TRAFFIC_DETECTED,Po2; Eth146/1/10,Po2: IN 14658136 bps / OUT 10170352 bps; Eth146/1/10: IN 39704 bps / OUT 3688 bps,0000.0c9f.f00a; 0015.5dc8.1702; 0015.5dc8.1704; 0015.5dc8.1705; 0015.5dc8.1c1c; 0015.5dc8.1c1d; 0026.980a.c843; 0026.9822.8bc3; d067.269c.6d7f; e443.4b19.29fc; e443.4b1b.c574; e443.4b1b.c575; f848.97ae.fb90,"Cisco Systems, Inc; Microsoft Corporation; Microsoft Corporation; Microsoft Corporation; Microsoft Corporation; Microsoft Corporation; Cisco Systems, Inc; Cisco Systems, Inc; Hewlett Packard Enterprise; Dell Inc.; Dell Inc.; Dell Inc.; Hitachi, Ltd.",MISSING_ARP,0000.0c9f.f00a; 0015.5dc8.1702; 0015.5dc8.1704; 0015.5dc8.1705; 0015.5dc8.1c1c; 0015.5dc8.1c1d; 0026.980a.c843; 0026.9822.8bc3; d067.269c.6d7f; e443.4b19.29fc; e443.4b1b.c574; e443.4b1b.c575; f848.97ae.fb90,NO,
DDC1-USON-ASW1,114,USON_DATA1,,,,,7,0,TRAFFIC_DETECTED,Po2,Po2: IN 14018384 bps / OUT 9413264 bps,0000.0c9f.f00a; 0023.e942.5fc4; 0026.9822.8bc3; 00a0.98cf.6f6b; 00a0.98cf.7097; 00a0.98ec.4ecc; 00a0.98ec.4ed8,"Cisco Systems, Inc; F5 Inc.; Cisco Systems, Inc; NetApp; NetApp; NetApp; NetApp",MISSING_ARP,0000.0c9f.f00a; 0023.e942.5fc4; 0026.9822.8bc3; 00a0.98cf.6f6b; 00a0.98cf.7097; 00a0.98ec.4ecc; 00a0.98ec.4ed8,NO,
DDC1-USON-ASW1,115,USON_DATA2,,,,,7,0,TRAFFIC_DETECTED,Po2; Eth144/1/3,Po2: IN 14018384 bps / OUT 9413264 bps; Eth144/1/3: IN 10632 bps / OUT 11840 bps,0000.0c9f.f00a; 001e.67c8.22c6; 001e.67d4.ce94; 001e.67d4.ce95; 001e.67f1.81e9; 0026.980a.c843; 0026.9822.8bc3,"Cisco Systems, Inc; Intel Corporate; Intel Corporate; Intel Corporate; Intel Corporate; Cisco Systems, Inc; Cisco Systems, Inc",MISSING_ARP,0000.0c9f.f00a; 001e.67c8.22c6; 001e.67d4.ce94; 001e.67d4.ce95; 001e.67f1.81e9; 0026.980a.c843; 0026.9822.8bc3,NO,
DDC1-USON-ASW1,116,USON_VSERVER1,,,,,4,0,TRAFFIC_DETECTED,Po2; Eth100/1/1,Po2: IN 13527960 bps / OUT 8960952 bps; Eth100/1/1: IN 37776 bps / OUT 71104 bps,0000.0c9f.f00a; 0026.980a.c843; 0026.9822.8bc3; 14a9.d006.c707,"Cisco Systems, Inc; Cisco Systems, Inc; Cisco Systems, Inc; F5 Inc.",MISSING_ARP,0000.0c9f.f00a; 0026.980a.c843; 0026.9822.8bc3; 14a9.d006.c707,NO,
DDC1-USON-ASW1,117,USON_VSERVER2,,,,,4,0,TRAFFIC_DETECTED,Po2,Po2: IN 13536864 bps / OUT 9064744 bps,0000.0c9f.f00a; 0026.980a.c843; 0026.9822.8bc3; 0050.569f.3ef0,"Cisco Systems, Inc; Cisco Systems, Inc; Cisco Systems, Inc; VMware, Inc.",MISSING_ARP,0000.0c9f.f00a; 0026.980a.c843; 0026.9822.8bc3; 0050.569f.3ef0,NO,
DDC1-USON-ASW1,118,USON_VMMGT,,,,,2,0,TRAFFIC_DETECTED,Po2,Po2: IN 14702224 bps / OUT 9600040 bps,0000.0c9f.f00a; 0026.9822.8bc3,"Cisco Systems, Inc; Cisco Systems, Inc",MISSING_ARP,0000.0c9f.f00a; 0026.9822.8bc3,NO,
DDC1-USON-ASW1,119,USON_VMHB,,,,,2,0,TRAFFIC_DETECTED,Po2,Po2: IN 16485552 bps / OUT 12352776 bps,0000.0c9f.f00a; 0026.9822.8bc3,"Cisco Systems, Inc; Cisco Systems, Inc",MISSING_ARP,0000.0c9f.f00a; 0026.9822.8bc3,NO,
DDC1-USON-ASW1,120,USON_IKM,,,,,7,0,TRAFFIC_DETECTED,Po2,Po2: IN 14849800 bps / OUT 11615240 bps,0000.0c9f.f00a; 0026.980a.c843; 0026.9822.8bc3; 0050.569f.1770; 0050.569f.661b; 0050.569f.7d08; 0050.569f.bbc9,"Cisco Systems, Inc; Cisco Systems, Inc; Cisco Systems, Inc; VMware, Inc.; VMware, Inc.; VMware, Inc.; VMware, Inc.",MISSING_ARP,0000.0c9f.f00a; 0026.980a.c843; 0026.9822.8bc3; 0050.569f.1770; 0050.569f.661b; 0050.569f.7d08; 0050.569f.bbc9,NO,
DDC1-USON-ASW1,121,VM_MGMT,,,,,5,0,TRAFFIC_DETECTED,Po2,Po2: IN 13065240 bps / OUT 10626520 bps,0000.0c9f.f00a; 0026.980a.c843; 0026.9822.8bc3; 0050.569f.7f3e; 0050.569f.9188,"Cisco Systems, Inc; Cisco Systems, Inc; Cisco Systems, Inc; VMware, Inc.; VMware, Inc.",MISSING_ARP,0000.0c9f.f00a; 0026.980a.c843; 0026.9822.8bc3; 0050.569f.7f3e; 0050.569f.9188,NO,
DDC1-USON-ASW1,122,VM_VMOTION,,,,,8,0,TRAFFIC_DETECTED,Po2,Po2: IN 12808032 bps / OUT 11528232 bps,0000.0c9f.f00a; 0026.980a.c843; 0026.9822.8bc3; 0050.569f.3d37; 0050.569f.479c; 0050.569f.6b6d; 0050.569f.713c; 0050.569f.fa87,"Cisco Systems, Inc; Cisco Systems, Inc; Cisco Systems, Inc; VMware, Inc.; VMware, Inc.; VMware, Inc.; VMware, Inc.; VMware, Inc.",MISSING_ARP,0000.0c9f.f00a; 0026.980a.c843; 0026.9822.8bc3; 0050.569f.3d37; 0050.569f.479c; 0050.569f.6b6d; 0050.569f.713c; 0050.569f.fa87,NO,
DDC1-USON-ASW1,123,USON_ILO_1,,,,,18,0,TRAFFIC_DETECTED,Po2; Eth146/1/39; Eth140/1/48; Eth146/1/47; Eth146/1/1,Po2: IN 15190448 bps / OUT 11266888 bps; Eth146/1/39: IN 0 bps / OUT 1672 bps; Eth140/1/48: IN 19816 bps / OUT 3944 bps; Eth146/1/47: IN 31752 bps / OUT 41096 bps; Eth146/1/1: IN 0 bps / OUT 1592 bps,0000.0c9f.f00a; 001e.676d.9ad4; 0021.5a04.2a1b; 0021.5a04.3ad2; 0023.e904.bc04; 0026.980a.c843; 0026.9822.8bc3; 02c4.7ab3.702e; 0cc4.7ab3.702e; 14a9.d006.c702; 2c27.d716.45f6; 3c4a.926c.a4f4; 7267.f0c6.1fc2; 78e3.b50b.d37d; b499.baa7.555e; b499.baa7.5f86; b499.baa7.6008; b499.baa7.6238,"Cisco Systems, Inc; Intel Corporate; Hewlett Packard; Hewlett Packard; F5 Inc.; Cisco Systems, Inc; Cisco Systems, Inc; Locally administered/randomized MAC; Super Micro Computer, Inc.; F5 Inc.; Hewlett Packard; Hewlett Packard; Locally administered/randomized MAC; Hewlett Packard; Hewlett Packard; Hewlett Packard; Hewlett Packard; Hewlett Packard",MISSING_ARP,0000.0c9f.f00a; 001e.676d.9ad4; 0021.5a04.2a1b; 0021.5a04.3ad2; 0023.e904.bc04; 0026.980a.c843; 0026.9822.8bc3; 02c4.7ab3.702e; 0cc4.7ab3.702e; 14a9.d006.c702; 2c27.d716.45f6; 3c4a.926c.a4f4; 7267.f0c6.1fc2; 78e3.b50b.d37d; b499.baa7.555e; b499.baa7.5f86; b499.baa7.6008; b499.baa7.6238,NO,
DDC1-USON-ASW1,124,USON_JCAP_1,,,,,0,0,NOT_CHECKED,,,,,NO_MACS,,NO,VLAN
DDC1-USON-ASW1,125,USON_JCAP_2,,,,,0,0,NOT_CHECKED,,,,,NO_MACS,,NO,VLAN
DDC1-USON-ASW1,126,USON_CITRIX3,,,,,4,0,TRAFFIC_DETECTED,Po2; Eth100/1/1,Po2: IN 15358008 bps / OUT 9941744 bps; Eth100/1/1: IN 37760 bps / OUT 71648 bps,0000.0c9f.f00a; 0026.980a.c843; 0026.9822.8bc3; 14a9.d006.c709,"Cisco Systems, Inc; Cisco Systems, Inc; Cisco Systems, Inc; F5 Inc.",MISSING_ARP,0000.0c9f.f00a; 0026.980a.c843; 0026.9822.8bc3; 14a9.d006.c709,NO,
DDC1-USON-ASW1,127,USON_CITRIX4,,,,,3,0,TRAFFIC_DETECTED,Po2,Po2: IN 15280352 bps / OUT 10464240 bps,0000.0c9f.f00a; 0026.980a.c843; 0026.9822.8bc3,"Cisco Systems, Inc; Cisco Systems, Inc; Cisco Systems, Inc",MISSING_ARP,0000.0c9f.f00a; 0026.980a.c843; 0026.9822.8bc3,NO,
DDC1-USON-ASW1,128,USON_MGMNT,,,,,22,0,TRAFFIC_DETECTED,Po2; Eth140/1/46; Eth142/1/47; Eth140/1/29; Eth140/1/21; Eth140/1/43; Eth140/1/4; Eth146/1/44; Eth146/1/34; Eth144/1/47,Po2: IN 15192032 bps / OUT 9350960 bps; Eth140/1/46: IN 184 bps / OUT 1640 bps; Eth142/1/47: IN 1632 bps / OUT 808 bps; Eth140/1/29: IN 9280 bps / OUT 7616 bps; Eth140/1/21: IN 2712 bps / OUT 3104 bps; Eth140/1/43: IN 14832 bps / OUT 3952 bps; Eth140/1/4: IN 424 bps / OUT 3152 bps; Eth146/1/44: IN 752 bps / OUT 6320 bps; Eth146/1/34: IN 16 bps / OUT 1880 bps; Eth144/1/47: IN 0 bps / OUT 1800 bps,0000.0c9f.f00a; 001b.9700.4f0d; 0021.5a04.cabe; 0021.5a04.cad2; 0023.3353.d390; 0026.980a.c843; 0026.9822.8bc3; 0090.fb51.a3b4; 00c0.ff12.84e8; 00e0.2719.a06e; 1c98.ec1e.284f; 1c98.ec1e.5a5b; 2c27.d716.a84e; 2c27.d716.b802; 2c59.e59a.5b90; 3cd9.2b02.2b54; 9457.a5c4.42b3; b05a.daa7.2de4; b05a.daa7.3471; c4f5.7c7c.b349; e839.35ec.2012; f4ce.46ae.1b87,"Cisco Systems, Inc; Violin Technologies; Hewlett Packard; Hewlett Packard; Cisco Systems, Inc; Cisco Systems, Inc; Cisco Systems, Inc; PORTWELL, INC.; Seagate Cloud Systems Inc; DUX, INC.; Hewlett Packard Enterprise; Hewlett Packard Enterprise; Hewlett Packard; Hewlett Packard; Hewlett Packard; Hewlett Packard; Hewlett Packard; Hewlett Packard; Hewlett Packard; Brocade Communications Systems LLC; Hewlett Packard; Hewlett Packard",MISSING_ARP,0000.0c9f.f00a; 001b.9700.4f0d; 0021.5a04.cabe; 0021.5a04.cad2; 0023.3353.d390; 0026.980a.c843; 0026.9822.8bc3; 0090.fb51.a3b4; 00c0.ff12.84e8; 00e0.2719.a06e; 1c98.ec1e.284f; 1c98.ec1e.5a5b; 2c27.d716.a84e; 2c27.d716.b802; 2c59.e59a.5b90; 3cd9.2b02.2b54; 9457.a5c4.42b3; b05a.daa7.2de4; b05a.daa7.3471; c4f5.7c7c.b349; e839.35ec.2012; f4ce.46ae.1b87,NO,
DDC1-USON-ASW1,129,USON_AD_PRI,,,,,11,0,TRAFFIC_DETECTED,Po2; Po50; Po30,Po2: IN 19790536 bps / OUT 13685312 bps; Po50: IN 256 bps / OUT 72688 bps; Po30: IN 461088 bps / OUT 2433136 bps,0000.0c9f.f00a; 000c.29eb.abe4; 0017.a477.084c; 0017.a477.c024; 0017.a477.c026; 0017.a477.c032; 0026.980a.c843; 0026.9822.8bc3; 0050.569f.1855; 0050.569f.38b9; 0050.569f.ffab,"Cisco Systems, Inc; VMware, Inc.; Hewlett Packard; Hewlett Packard; Hewlett Packard; Hewlett Packard; Cisco Systems, Inc; Cisco Systems, Inc; VMware, Inc.; VMware, Inc.; VMware, Inc.",MISSING_ARP,0000.0c9f.f00a; 000c.29eb.abe4; 0017.a477.084c; 0017.a477.c024; 0017.a477.c026; 0017.a477.c032; 0026.980a.c843; 0026.9822.8bc3; 0050.569f.1855; 0050.569f.38b9; 0050.569f.ffab,NO,
DDC1-USON-ASW1,130,USON_AD_SEC,,,,,4,0,TRAFFIC_DETECTED,Po2; Eth146/1/13,Po2: IN 21290624 bps / OUT 15104536 bps; Eth146/1/13: IN 0 bps / OUT 592 bps,0000.0c9f.f00a; 0026.980a.c843; 0026.9822.8bc3; ac16.2d45.2087,"Cisco Systems, Inc; Cisco Systems, Inc; Cisco Systems, Inc; Hewlett Packard",MISSING_ARP,0000.0c9f.f00a; 0026.980a.c843; 0026.9822.8bc3; ac16.2d45.2087,NO,
DDC1-USON-ASW1,131,DDC_CAJ1,,,,,4,0,TRAFFIC_DETECTED,Po2; Eth140/1/26,Po2: IN 18425264 bps / OUT 12054944 bps; Eth140/1/26: IN 0 bps / OUT 648 bps,0000.0c9f.f00a; 0026.980a.c843; 0026.9822.8bc3; 9457.a560.f1c9,"Cisco Systems, Inc; Cisco Systems, Inc; Cisco Systems, Inc; Hewlett Packard",MISSING_ARP,0000.0c9f.f00a; 0026.980a.c843; 0026.9822.8bc3; 9457.a560.f1c9,NO,
DDC1-USON-ASW1,132,DDC_CAJ2,,,,,2,0,TRAFFIC_DETECTED,Po2,Po2: IN 18161472 bps / OUT 10293360 bps,0000.0c9f.f00a; 0026.9822.8bc3,"Cisco Systems, Inc; Cisco Systems, Inc",MISSING_ARP,0000.0c9f.f00a; 0026.9822.8bc3,NO,
DDC1-USON-ASW1,133,DDC_CAJ3,,,,,2,0,TRAFFIC_DETECTED,Po2,Po2: IN 17585608 bps / OUT 9496424 bps,0000.0c9f.f00a; 0026.9822.8bc3,"Cisco Systems, Inc; Cisco Systems, Inc",MISSING_ARP,0000.0c9f.f00a; 0026.9822.8bc3,NO,
DDC1-USON-ASW1,135,USON_EXCHANGE_PRI,,,,,3,0,TRAFFIC_DETECTED,Po2,Po2: IN 18877648 bps / OUT 13020112 bps,0000.0c9f.f00a; 0026.980a.c843; 0026.9822.8bc3,"Cisco Systems, Inc; Cisco Systems, Inc; Cisco Systems, Inc",MISSING_ARP,0000.0c9f.f00a; 0026.980a.c843; 0026.9822.8bc3,NO,
DDC1-USON-ASW1,136,USON_EXCHANGE_SEC,,,,,2,0,TRAFFIC_DETECTED,Po2,Po2: IN 16945064 bps / OUT 11687112 bps,0000.0c9f.f00a; 0026.9822.8bc3,"Cisco Systems, Inc; Cisco Systems, Inc",MISSING_ARP,0000.0c9f.f00a; 0026.9822.8bc3,NO,
DDC1-USON-ASW1,137,USON_CITRIX_PRI,,,,,2,0,TRAFFIC_DETECTED,Po2,Po2: IN 16945064 bps / OUT 11687112 bps,0000.0c9f.f00a; 0026.9822.8bc3,"Cisco Systems, Inc; Cisco Systems, Inc",MISSING_ARP,0000.0c9f.f00a; 0026.9822.8bc3,NO,
DDC1-USON-ASW1,138,USON_CITRIX_SEC,,,,,2,0,TRAFFIC_DETECTED,Po2,Po2: IN 16413776 bps / OUT 10947144 bps,0000.0c9f.f00a; 0026.9822.8bc3,"Cisco Systems, Inc; Cisco Systems, Inc",MISSING_ARP,0000.0c9f.f00a; 0026.9822.8bc3,NO,
DDC1-USON-ASW1,139,USON_MELIO,,,,,2,0,TRAFFIC_DETECTED,Po2,Po2: IN 17873272 bps / OUT 10475616 bps,0000.0c9f.f00a; 0026.9822.8bc3,"Cisco Systems, Inc; Cisco Systems, Inc",MISSING_ARP,0000.0c9f.f00a; 0026.9822.8bc3,NO,
DDC1-USON-ASW1,140,USON_CITRIX_PVS1,,,,,2,0,TRAFFIC_DETECTED,Po2,Po2: IN 18749000 bps / OUT 10039720 bps,0000.0c9f.f00a; 0026.9822.8bc3,"Cisco Systems, Inc; Cisco Systems, Inc",MISSING_ARP,0000.0c9f.f00a; 0026.9822.8bc3,NO,
DDC1-USON-ASW1,141,USON_CITRIX_PVS2,,,,,2,0,TRAFFIC_DETECTED,Po2,Po2: IN 17975320 bps / OUT 11616568 bps,0000.0c9f.f00a; 0026.9822.8bc3,"Cisco Systems, Inc; Cisco Systems, Inc",MISSING_ARP,0000.0c9f.f00a; 0026.9822.8bc3,NO,
DDC1-USON-ASW1,142,USON_ILO_2,,,,,27,0,TRAFFIC_DETECTED,Po2; Eth140/1/12,Po2: IN 17975320 bps / OUT 11616568 bps; Eth140/1/12: IN 2960 bps / OUT 3408 bps,0000.0c9f.f00a; 0021.5a04.3acb; 0021.5a04.3af5; 0026.980a.c843; 0026.9822.8bc3; 101f.7478.1596; 101f.7478.55da; 2c27.d716.85f8; 2c27.d716.9580; 2c27.d716.f790; 78e3.b50e.448b; 984b.e161.99b1; 984b.e172.acb7; 9c8e.992a.f8c7; 9c8e.992a.fe41; a45d.36fe.947f; b499.ba28.3a85; b499.ba28.3b83; b499.ba28.5c0a; b499.ba28.5c0b; b499.ba28.7ae1; b499.baaa.8d8a; b499.baaa.9424; b499.baaa.996a; f4ce.46ae.2945; f4ce.46ae.acb1; fc15.b413.c072,"Cisco Systems, Inc; Hewlett Packard; Hewlett Packard; Cisco Systems, Inc; Cisco Systems, Inc; Hewlett Packard; Hewlett Packard; Hewlett Packard; Hewlett Packard; Hewlett Packard; Hewlett Packard; Hewlett Packard; Hewlett Packard; Hewlett Packard; Hewlett Packard; Hewlett Packard; Hewlett Packard; Hewlett Packard; Hewlett Packard; Hewlett Packard; Hewlett Packard; Hewlett Packard; Hewlett Packard; Hewlett Packard; Hewlett Packard; Hewlett Packard; Hewlett Packard",MISSING_ARP,0000.0c9f.f00a; 0021.5a04.3acb; 0021.5a04.3af5; 0026.980a.c843; 0026.9822.8bc3; 101f.7478.1596; 101f.7478.55da; 2c27.d716.85f8; 2c27.d716.9580; 2c27.d716.f790; 78e3.b50e.448b; 984b.e161.99b1; 984b.e172.acb7; 9c8e.992a.f8c7; 9c8e.992a.fe41; a45d.36fe.947f; b499.ba28.3a85; b499.ba28.3b83; b499.ba28.5c0a; b499.ba28.5c0b; b499.ba28.7ae1; b499.baaa.8d8a; b499.baaa.9424; b499.baaa.996a; f4ce.46ae.2945; f4ce.46ae.acb1; fc15.b413.c072,NO,
DDC1-USON-ASW1,143,USON_ILO_3,,,,,22,0,TRAFFIC_DETECTED,Po2; Eth142/1/15; Eth142/1/16; Eth142/1/39; Eth142/1/40,Po2: IN 16588216 bps / OUT 9609608 bps; Eth142/1/15: IN 18696 bps / OUT 45160 bps; Eth142/1/16: IN 51424 bps / OUT 12064 bps; Eth142/1/39: IN 632 bps / OUT 1224 bps; Eth142/1/40: IN 544 bps / OUT 1296 bps,0000.0c9f.f00a; 0026.980a.c843; 0026.9822.8bc3; 101f.7478.1556; 101f.7478.1560; 101f.7478.2570; 2c27.d716.0812; 2c27.d716.b8c4; 2c27.d716.b8c8; 2c27.d716.d75e; 2c27.d716.d7aa; 2c27.d716.d7b6; 78e3.b503.98d3; 78e3.b503.e763; 9c8e.9917.2a7e; 9c8e.9917.3a3e; 9c8e.992a.092f; 9c8e.992a.5823; b499.ba28.5a98; b499.ba28.5b86; f4ce.46ae.b909; f4ce.46ae.b927,"Cisco Systems, Inc; Cisco Systems, Inc; Cisco Systems, Inc; Hewlett Packard; Hewlett Packard; Hewlett Packard; Hewlett Packard; Hewlett Packard; Hewlett Packard; Hewlett Packard; Hewlett Packard; Hewlett Packard; Hewlett Packard; Hewlett Packard; Hewlett Packard; Hewlett Packard; Hewlett Packard; Hewlett Packard; Hewlett Packard; Hewlett Packard; Hewlett Packard; Hewlett Packard",MISSING_ARP,0000.0c9f.f00a; 0026.980a.c843; 0026.9822.8bc3; 101f.7478.1556; 101f.7478.1560; 101f.7478.2570; 2c27.d716.0812; 2c27.d716.b8c4; 2c27.d716.b8c8; 2c27.d716.d75e; 2c27.d716.d7aa; 2c27.d716.d7b6; 78e3.b503.98d3; 78e3.b503.e763; 9c8e.9917.2a7e; 9c8e.9917.3a3e; 9c8e.992a.092f; 9c8e.992a.5823; b499.ba28.5a98; b499.ba28.5b86; f4ce.46ae.b909; f4ce.46ae.b927,NO,
DDC1-USON-ASW1,144,USON_SQL,,,,,2,0,TRAFFIC_DETECTED,Po2,Po2: IN 17699096 bps / OUT 10427352 bps,0000.0c9f.f00a; 0026.9822.8bc3,"Cisco Systems, Inc; Cisco Systems, Inc",MISSING_ARP,0000.0c9f.f00a; 0026.9822.8bc3,NO,
DDC1-USON-ASW1,301,USON_DMZ_TMP1,,,,,0,0,NOT_CHECKED,,,,,NO_MACS,,NO,VLAN
DDC1-USON-ASW1,302,USON_DMZ_TMP2,,,,,0,0,NOT_CHECKED,,,,,NO_MACS,,NO,VLAN
DDC1-USON-ASW1,400,USON_ENC_CITRIX01A,,,,,37,0,TRAFFIC_DETECTED,Po2; Eth140/1/34; Eth140/1/23; Eth144/1/12; Eth144/1/20; Eth144/1/19,Po2: IN 18156480 bps / OUT 11378560 bps; Eth140/1/34: IN 41144 bps / OUT 10192 bps; Eth140/1/23: IN 9064 bps / OUT 42368 bps; Eth144/1/12: IN 6888 bps / OUT 1792 bps; Eth144/1/20: IN 18856 bps / OUT 44144 bps; Eth144/1/19: IN 56288 bps / OUT 12688 bps,0000.0c9f.f00a; 0021.5a05.6499; 0021.5a05.7427; 0021.5a05.7428; 0025.b3aa.4a9f; 0026.980a.c843; 0026.9822.8bc3; 18a9.0570.ef4c; 18a9.0571.c239; 18a9.05ea.a30e; 1cc1.de7b.1d1b; 2c27.d716.457c; 2c27.d716.45c4; 2c27.d716.9542; 3863.bb31.69da; 3863.bb31.77f7; 3863.bb31.7904; 3863.bb31.d783; 5065.f3fb.7dd8; 5065.f3fb.8d08; 5065.f3fb.8dd0; 5065.f3fb.9d0c; 7010.6fba.331e; 7010.6fbc.9dd8; 7446.a071.2d04; 7446.a071.2d1b; 78e3.b50b.d3f5; 78e3.b50e.4449; 984b.e161.d20b; 984b.e161.d211; 98f2.b3e9.ac34; 9cb6.5494.a312; b499.ba28.3a84; d8d3.8569.ba96; ecb1.d786.651a; f4ce.46ae.aaa3; f4ce.46ba.8598,"Cisco Systems, Inc; Hewlett Packard; Hewlett Packard; Hewlett Packard; Hewlett Packard; Cisco Systems, Inc; Cisco Systems, Inc; Hewlett Packard; Hewlett Packard; Hewlett Packard; Hewlett Packard; Hewlett Packard; Hewlett Packard; Hewlett Packard; Hewlett Packard; Hewlett Packard; Hewlett Packard; Hewlett Packard; Hewlett Packard; Hewlett Packard; Hewlett Packard; Hewlett Packard; Hewlett Packard Enterprise; Hewlett Packard Enterprise; Hewlett Packard; Hewlett Packard; Hewlett Packard; Hewlett Packard; Hewlett Packard; Hewlett Packard; Hewlett Packard Enterprise; Hewlett Packard; Hewlett Packard; Hewlett Packard; Hewlett Packard; Hewlett Packard; Hewlett Packard",MISSING_ARP,0000.0c9f.f00a; 0021.5a05.6499; 0021.5a05.7427; 0021.5a05.7428; 0025.b3aa.4a9f; 0026.980a.c843; 0026.9822.8bc3; 18a9.0570.ef4c; 18a9.0571.c239; 18a9.05ea.a30e; 1cc1.de7b.1d1b; 2c27.d716.457c; 2c27.d716.45c4; 2c27.d716.9542; 3863.bb31.69da; 3863.bb31.77f7; 3863.bb31.7904; 3863.bb31.d783; 5065.f3fb.7dd8; 5065.f3fb.8d08; 5065.f3fb.8dd0; 5065.f3fb.9d0c; 7010.6fba.331e; 7010.6fbc.9dd8; 7446.a071.2d04; 7446.a071.2d1b; 78e3.b50b.d3f5; 78e3.b50e.4449; 984b.e161.d20b; 984b.e161.d211; 98f2.b3e9.ac34; 9cb6.5494.a312; b499.ba28.3a84; d8d3.8569.ba96; ecb1.d786.651a; f4ce.46ae.aaa3; f4ce.46ba.8598,NO,
DDC1-USON-ASW1,401,USON_ENC_CITRIX01B,,,,,19,0,TRAFFIC_DETECTED,Po2; Eth140/1/6; Eth142/1/14; Eth146/1/38,Po2: IN 15750040 bps / OUT 9237544 bps; Eth140/1/6: IN 9192 bps / OUT 1624 bps; Eth142/1/14: IN 23984 bps / OUT 5808 bps; Eth146/1/38: IN 6248 bps / OUT 2008 bps,0000.0c9f.f00a; 0026.980a.c843; 0026.9822.8bc3; 18a9.05ea.9384; 1c98.ec1e.ca59; 1c98.ec1f.72b5; 2c27.d716.9592; 441e.a15f.b2e5; 7010.6fbc.99d0; 7010.6fbc.9db2; 7010.6fbc.9dd2; 7010.6fc0.22f2; 7446.a071.2d58; 7446.a071.2d6b; 984b.e110.3674; ac16.2dc1.47ce; ac16.2dc1.c66e; d485.6462.27a7; e411.5bd8.19b9,"Cisco Systems, Inc; Cisco Systems, Inc; Cisco Systems, Inc; Hewlett Packard; Hewlett Packard Enterprise; Hewlett Packard Enterprise; Hewlett Packard; Hewlett Packard; Hewlett Packard Enterprise; Hewlett Packard Enterprise; Hewlett Packard Enterprise; Hewlett Packard Enterprise; Hewlett Packard; Hewlett Packard; Hewlett Packard; Hewlett Packard; Hewlett Packard; Hewlett Packard; Hewlett Packard",MISSING_ARP,0000.0c9f.f00a; 0026.980a.c843; 0026.9822.8bc3; 18a9.05ea.9384; 1c98.ec1e.ca59; 1c98.ec1f.72b5; 2c27.d716.9592; 441e.a15f.b2e5; 7010.6fbc.99d0; 7010.6fbc.9db2; 7010.6fbc.9dd2; 7010.6fc0.22f2; 7446.a071.2d58; 7446.a071.2d6b; 984b.e110.3674; ac16.2dc1.47ce; ac16.2dc1.c66e; d485.6462.27a7; e411.5bd8.19b9,NO,
DDC1-USON-ASW1,402,USON_ENC_CITRIX01C,,,,,2,0,TRAFFIC_DETECTED,Po2,Po2: IN 15440968 bps / OUT 9219632 bps,0000.0c9f.f00a; 0026.9822.8bc3,"Cisco Systems, Inc; Cisco Systems, Inc",MISSING_ARP,0000.0c9f.f00a; 0026.9822.8bc3,NO,
DDC1-USON-ASW1,403,USON_ENC_CITRIX01D,,,,,4,0,TRAFFIC_DETECTED,Po2,Po2: IN 16502560 bps / OUT 9015456 bps,0000.0c9f.f00a; 001b.9700.525a; 0026.980a.c843; 0026.9822.8bc3,"Cisco Systems, Inc; Violin Technologies; Cisco Systems, Inc; Cisco Systems, Inc",MISSING_ARP,0000.0c9f.f00a; 001b.9700.525a; 0026.980a.c843; 0026.9822.8bc3,NO,
DDC1-USON-ASW1,404,USON_ENC_CITRIX01E,,,,,2,0,TRAFFIC_DETECTED,Po2,Po2: IN 16273864 bps / OUT 9512152 bps,0000.0c9f.f00a; 0026.9822.8bc3,"Cisco Systems, Inc; Cisco Systems, Inc",MISSING_ARP,0000.0c9f.f00a; 0026.9822.8bc3,NO,
DDC1-USON-ASW1,408,USON_ENC_CITRIX02A,,,,,2,0,TRAFFIC_DETECTED,Po2,Po2: IN 17980376 bps / OUT 8156696 bps,0000.0c9f.f00a; 0026.9822.8bc3,"Cisco Systems, Inc; Cisco Systems, Inc",MISSING_ARP,0000.0c9f.f00a; 0026.9822.8bc3,NO,
DDC1-USON-ASW1,409,USON_ENC_CITRIX02B,,,,,2,0,TRAFFIC_DETECTED,Po2,Po2: IN 17137216 bps / OUT 8434464 bps,0000.0c9f.f00a; 0026.9822.8bc3,"Cisco Systems, Inc; Cisco Systems, Inc",MISSING_ARP,0000.0c9f.f00a; 0026.9822.8bc3,NO,
DDC1-USON-ASW1,410,USON_ENC_CITRIX02C,,,,,2,0,TRAFFIC_DETECTED,Po2,Po2: IN 16443272 bps / OUT 8891376 bps,0000.0c9f.f00a; 0026.9822.8bc3,"Cisco Systems, Inc; Cisco Systems, Inc",MISSING_ARP,0000.0c9f.f00a; 0026.9822.8bc3,NO,
DDC1-USON-ASW1,411,USON_ENC_CITRIX02D,,,,,46,0,TRAFFIC_DETECTED,Po2; Eth142/1/33; Eth142/1/32; Eth146/1/16; Eth146/1/17,Po2: IN 16939456 bps / OUT 10103680 bps; Eth142/1/33: IN 15360 bps / OUT 42184 bps; Eth142/1/32: IN 31648 bps / OUT 7424 bps; Eth146/1/16: IN 46536 bps / OUT 11288 bps; Eth146/1/17: IN 9352 bps / OUT 42840 bps,0000.0c9f.f00a; 0021.5a05.77f4; 0021.5a05.8704; 0021.5a05.8705; 0021.5a05.874b; 0021.5a05.8792; 0021.5a05.a7a5; 0021.5a05.b60f; 0021.5a05.b651; 0021.5a05.b65e; 0021.5a05.d790; 0021.5a05.e7f7; 0021.5a05.f704; 0021.5a05.f70b; 0021.5a05.f78b; 0026.980a.c843; 0026.9822.8bc3; 00fd.45d3.4f54; 00fd.45d3.4fc0; 00fd.45d3.7f9c; 00fd.45d3.7fb4; 00fd.45d3.7fcc; 00fd.45d3.8f0c; 1c98.ec1e.cbd9; 2c27.d716.45fa; 3863.bb31.a700; 3863.bb31.b7fb; 80c1.6e72.b365; 9418.8272.0ccf; 9418.8272.1ecf; 9418.8272.3b67; 9418.8272.8b3d; 9418.8272.8f57; 9418.8272.8f69; 9418.8272.9f15; 9418.8272.be1d; 9418.8272.ca32; 9418.8272.ed2f; 94f1.2840.5a84; 94f1.2840.5aa8; 98f2.b3e6.efc6; 98f2.b3e9.abce; 98f2.b3e9.ac50; 98f2.b3e9.c868; 98f2.b3e9.d2d6; b499.ba28.ea03,"Cisco Systems, Inc; Hewlett Packard; Hewlett Packard; Hewlett Packard; Hewlett Packard; Hewlett Packard; Hewlett Packard; Hewlett Packard; Hewlett Packard; Hewlett Packard; Hewlett Packard; Hewlett Packard; Hewlett Packard; Hewlett Packard; Hewlett Packard; Cisco Systems, Inc; Cisco Systems, Inc; Hewlett Packard Enterprise; Hewlett Packard Enterprise; Hewlett Packard Enterprise; Hewlett Packard Enterprise; Hewlett Packard Enterprise; Hewlett Packard Enterprise; Hewlett Packard Enterprise; Hewlett Packard; Hewlett Packard; Hewlett Packard; Hewlett Packard; Hewlett Packard Enterprise; Hewlett Packard Enterprise; Hewlett Packard Enterprise; Hewlett Packard Enterprise; Hewlett Packard Enterprise; Hewlett Packard Enterprise; Hewlett Packard Enterprise; Hewlett Packard Enterprise; Hewlett Packard Enterprise; Hewlett Packard Enterprise; Hewlett Packard Enterprise; Hewlett Packard Enterprise; Hewlett Packard Enterprise; Hewlett Packard Enterprise; Hewlett Packard Enterprise; Hewlett Packard Enterprise; Hewlett Packard Enterprise; Hewlett Packard",MISSING_ARP,0000.0c9f.f00a; 0021.5a05.77f4; 0021.5a05.8704; 0021.5a05.8705; 0021.5a05.874b; 0021.5a05.8792; 0021.5a05.a7a5; 0021.5a05.b60f; 0021.5a05.b651; 0021.5a05.b65e; 0021.5a05.d790; 0021.5a05.e7f7; 0021.5a05.f704; 0021.5a05.f70b; 0021.5a05.f78b; 0026.980a.c843; 0026.9822.8bc3; 00fd.45d3.4f54; 00fd.45d3.4fc0; 00fd.45d3.7f9c; 00fd.45d3.7fb4; 00fd.45d3.7fcc; 00fd.45d3.8f0c; 1c98.ec1e.cbd9; 2c27.d716.45fa; 3863.bb31.a700; 3863.bb31.b7fb; 80c1.6e72.b365; 9418.8272.0ccf; 9418.8272.1ecf; 9418.8272.3b67; 9418.8272.8b3d; 9418.8272.8f57; 9418.8272.8f69; 9418.8272.9f15; 9418.8272.be1d; 9418.8272.ca32; 9418.8272.ed2f; 94f1.2840.5a84; 94f1.2840.5aa8; 98f2.b3e6.efc6; 98f2.b3e9.abce; 98f2.b3e9.ac50; 98f2.b3e9.c868; 98f2.b3e9.d2d6; b499.ba28.ea03,NO,
DDC1-USON-ASW1,412,USON_ENC_CITRIX02E,,,,,2,0,TRAFFIC_DETECTED,Po2,Po2: IN 17931400 bps / OUT 10155912 bps,0000.0c9f.f00a; 0026.9822.8bc3,"Cisco Systems, Inc; Cisco Systems, Inc",MISSING_ARP,0000.0c9f.f00a; 0026.9822.8bc3,NO,
DDC1-USON-ASW1,415,Kurt-VLAN,,,,,2,0,TRAFFIC_DETECTED,Po2,Po2: IN 15305728 bps / OUT 9500704 bps,0000.0c9f.f00a; 0026.9822.8bc3,"Cisco Systems, Inc; Cisco Systems, Inc",MISSING_ARP,0000.0c9f.f00a; 0026.9822.8bc3,NO,
DDC1-USON-ASW1,416,USON_ENC_CITRIX03A,,,,,2,0,TRAFFIC_DETECTED,Po2,Po2: IN 13987840 bps / OUT 8777968 bps,0000.0c9f.f00a; 0026.9822.8bc3,"Cisco Systems, Inc; Cisco Systems, Inc",MISSING_ARP,0000.0c9f.f00a; 0026.9822.8bc3,NO,
DDC1-USON-ASW1,417,USON_ENC_CITRIX03B,,,,,4,0,TRAFFIC_DETECTED,Po2; Eth100/1/1,Po2: IN 13899112 bps / OUT 8548696 bps; Eth100/1/1: IN 37904 bps / OUT 72704 bps,0000.0c9f.f00a; 0026.980a.c843; 0026.9822.8bc3; 14a9.d006.c70a,"Cisco Systems, Inc; Cisco Systems, Inc; Cisco Systems, Inc; F5 Inc.",MISSING_ARP,0000.0c9f.f00a; 0026.980a.c843; 0026.9822.8bc3; 14a9.d006.c70a,NO,
DDC1-USON-ASW1,418,USON_ENC_CITRIX03C,,,,,2,0,TRAFFIC_DETECTED,Po2,Po2: IN 14035464 bps / OUT 9419512 bps,0000.0c9f.f00a; 0026.9822.8bc3,"Cisco Systems, Inc; Cisco Systems, Inc",MISSING_ARP,0000.0c9f.f00a; 0026.9822.8bc3,NO,
DDC1-USON-ASW1,419,USON_ENC_CITRIX03D,,,,,4,0,TRAFFIC_DETECTED,Po2,Po2: IN 14295152 bps / OUT 9850040 bps,0000.0c9f.f00a; 0026.9822.8bc3; 308d.9930.6f29; 5820.b185.2030,"Cisco Systems, Inc; Cisco Systems, Inc; Hewlett Packard; Hewlett Packard",MISSING_ARP,0000.0c9f.f00a; 0026.9822.8bc3; 308d.9930.6f29; 5820.b185.2030,NO,
DDC1-USON-ASW1,420,USON_ENC_CITRIX03E,,,,,2,0,TRAFFIC_DETECTED,Po2,Po2: IN 14295152 bps / OUT 9850040 bps,0000.0c9f.f00a; 0026.9822.8bc3,"Cisco Systems, Inc; Cisco Systems, Inc",MISSING_ARP,0000.0c9f.f00a; 0026.9822.8bc3,NO,
DDC1-USON-ASW1,426,USON_ENC_CITRIX04C,,,,,2,0,TRAFFIC_DETECTED,Po2,Po2: IN 12649392 bps / OUT 8049544 bps,0000.0c9f.f00a; 0026.9822.8bc3,"Cisco Systems, Inc; Cisco Systems, Inc",MISSING_ARP,0000.0c9f.f00a; 0026.9822.8bc3,NO,
DDC1-USON-ASW1,427,USON_ENC_CITRIX04D,,,,,2,0,TRAFFIC_DETECTED,Po2,Po2: IN 15063872 bps / OUT 8164440 bps,0000.0c9f.f00a; 0026.9822.8bc3,"Cisco Systems, Inc; Cisco Systems, Inc",MISSING_ARP,0000.0c9f.f00a; 0026.9822.8bc3,NO,
DDC1-USON-ASW1,428,USON_ENC_CITRIX04E,,,,,2,0,TRAFFIC_DETECTED,Po2,Po2: IN 16921288 bps / OUT 8252216 bps,0000.0c9f.f00a; 0026.9822.8bc3,"Cisco Systems, Inc; Cisco Systems, Inc",MISSING_ARP,0000.0c9f.f00a; 0026.9822.8bc3,NO,
DDC1-USON-ASW1,432,USON_ENC_CITRIX05A,,,,,2,0,TRAFFIC_DETECTED,Po2,Po2: IN 16439152 bps / OUT 8089024 bps,0000.0c9f.f00a; 0026.9822.8bc3,"Cisco Systems, Inc; Cisco Systems, Inc",MISSING_ARP,0000.0c9f.f00a; 0026.9822.8bc3,NO,
DDC1-USON-ASW1,433,USON_ENC_CITRIX05B,,,,,2,0,TRAFFIC_DETECTED,Po2,Po2: IN 14748640 bps / OUT 7300704 bps,0000.0c9f.f00a; 0026.9822.8bc3,"Cisco Systems, Inc; Cisco Systems, Inc",MISSING_ARP,0000.0c9f.f00a; 0026.9822.8bc3,NO,
DDC1-USON-ASW1,434,USON_ENC_CITRIX05C,,,,,2,0,TRAFFIC_DETECTED,Po2,Po2: IN 14748640 bps / OUT 7300704 bps,0000.0c9f.f00a; 0026.9822.8bc3,"Cisco Systems, Inc; Cisco Systems, Inc",MISSING_ARP,0000.0c9f.f00a; 0026.9822.8bc3,NO,
DDC1-USON-ASW1,435,USON_ENC_CITRIX05D,,,,,2,0,TRAFFIC_DETECTED,Po2,Po2: IN 21016576 bps / OUT 10872280 bps,0000.0c9f.f00a; 0026.9822.8bc3,"Cisco Systems, Inc; Cisco Systems, Inc",MISSING_ARP,0000.0c9f.f00a; 0026.9822.8bc3,NO,
DDC1-USON-ASW1,436,USON_ENC_CITRIX05E,,,,,2,0,TRAFFIC_DETECTED,Po2,Po2: IN 21896536 bps / OUT 12749504 bps,0000.0c9f.f00a; 0026.9822.8bc3,"Cisco Systems, Inc; Cisco Systems, Inc",MISSING_ARP,0000.0c9f.f00a; 0026.9822.8bc3,NO,
DDC1-USON-ASW1,440,USON_ENC_CITRIX06A,,,,,2,0,TRAFFIC_DETECTED,Po2,Po2: IN 21331864 bps / OUT 13783344 bps,0000.0c9f.f00a; 0026.9822.8bc3,"Cisco Systems, Inc; Cisco Systems, Inc",MISSING_ARP,0000.0c9f.f00a; 0026.9822.8bc3,NO,
DDC1-USON-ASW1,441,USON_ENC_CITRIX06B,,,,,3,0,TRAFFIC_DETECTED,Po2,Po2: IN 19408880 bps / OUT 13521360 bps,0000.0c9f.f00a; 0026.980a.c843; 0026.9822.8bc3,"Cisco Systems, Inc; Cisco Systems, Inc; Cisco Systems, Inc",MISSING_ARP,0000.0c9f.f00a; 0026.980a.c843; 0026.9822.8bc3,NO,
DDC1-USON-ASW1,442,USON_ENC_CITRIX06C,,,,,2,0,TRAFFIC_DETECTED,Po2,Po2: IN 16489016 bps / OUT 11821016 bps,0000.0c9f.f00a; 0026.9822.8bc3,"Cisco Systems, Inc; Cisco Systems, Inc",MISSING_ARP,0000.0c9f.f00a; 0026.9822.8bc3,NO,
DDC1-USON-ASW1,443,USON_ENC_CITRIX06D,,,,,2,0,TRAFFIC_DETECTED,Po2,Po2: IN 16489016 bps / OUT 11821016 bps,0000.0c9f.f00a; 0026.9822.8bc3,"Cisco Systems, Inc; Cisco Systems, Inc",MISSING_ARP,0000.0c9f.f00a; 0026.9822.8bc3,NO,
DDC1-USON-ASW1,444,USON_ENC_CITRIX06E,,,,,2,0,TRAFFIC_DETECTED,Po2,Po2: IN 20836040 bps / OUT 13695992 bps,0000.0c9f.f00a; 0026.9822.8bc3,"Cisco Systems, Inc; Cisco Systems, Inc",MISSING_ARP,0000.0c9f.f00a; 0026.9822.8bc3,NO,
DDC1-USON-ASW1,448,USON_ENC_CITRIX07A,,,,,2,0,TRAFFIC_DETECTED,Po2,Po2: IN 18031680 bps / OUT 11863736 bps,0000.0c9f.f00a; 0026.9822.8bc3,"Cisco Systems, Inc; Cisco Systems, Inc",MISSING_ARP,0000.0c9f.f00a; 0026.9822.8bc3,NO,
DDC1-USON-ASW1,449,USON_ENC_CITRIX07B,,,,,2,0,TRAFFIC_DETECTED,Po2,Po2: IN 17781264 bps / OUT 12413656 bps,0000.0c9f.f00a; 0026.9822.8bc3,"Cisco Systems, Inc; Cisco Systems, Inc",MISSING_ARP,0000.0c9f.f00a; 0026.9822.8bc3,NO,
DDC1-USON-ASW1,450,USON_ENC_CITRIX07C,,,,,2,0,TRAFFIC_DETECTED,Po2,Po2: IN 17007176 bps / OUT 12253368 bps,0000.0c9f.f00a; 0026.9822.8bc3,"Cisco Systems, Inc; Cisco Systems, Inc",MISSING_ARP,0000.0c9f.f00a; 0026.9822.8bc3,NO,
DDC1-USON-ASW1,451,USON_ENC_CITRIX07D,,,,,2,0,TRAFFIC_DETECTED,Po2,Po2: IN 15842896 bps / OUT 11272984 bps,0000.0c9f.f00a; 0026.9822.8bc3,"Cisco Systems, Inc; Cisco Systems, Inc",MISSING_ARP,0000.0c9f.f00a; 0026.9822.8bc3,NO,
DDC1-USON-ASW1,452,USON_ENC_CITRIX07E,,,,,2,0,TRAFFIC_DETECTED,Po2,Po2: IN 22418608 bps / OUT 14296752 bps,0000.0c9f.f00a; 0026.9822.8bc3,"Cisco Systems, Inc; Cisco Systems, Inc",MISSING_ARP,0000.0c9f.f00a; 0026.9822.8bc3,NO,
DDC1-USON-ASW1,456,USON_ENC_CITRIX08A,,,,,2,0,TRAFFIC_DETECTED,Po2,Po2: IN 22418608 bps / OUT 14296752 bps,0000.0c9f.f00a; 0026.9822.8bc3,"Cisco Systems, Inc; Cisco Systems, Inc",MISSING_ARP,0000.0c9f.f00a; 0026.9822.8bc3,NO,
DDC1-USON-ASW1,457,USON_ENC_CITRIX08B,,,,,2,0,TRAFFIC_DETECTED,Po2,Po2: IN 19923768 bps / OUT 12114328 bps,0000.0c9f.f00a; 0026.9822.8bc3,"Cisco Systems, Inc; Cisco Systems, Inc",MISSING_ARP,0000.0c9f.f00a; 0026.9822.8bc3,NO,
DDC1-USON-ASW1,458,USON_ENC_CITRIX08C,,,,,2,0,TRAFFIC_DETECTED,Po2,Po2: IN 20752216 bps / OUT 14587696 bps,0000.0c9f.f00a; 0026.9822.8bc3,"Cisco Systems, Inc; Cisco Systems, Inc",MISSING_ARP,0000.0c9f.f00a; 0026.9822.8bc3,NO,
DDC1-USON-ASW1,459,USON_ENC_CITRIX08D,,,,,2,0,TRAFFIC_DETECTED,Po2,Po2: IN 20734576 bps / OUT 15826248 bps,0000.0c9f.f00a; 0026.9822.8bc3,"Cisco Systems, Inc; Cisco Systems, Inc",MISSING_ARP,0000.0c9f.f00a; 0026.9822.8bc3,NO,
DDC1-USON-ASW1,460,USON_ENC_CITRIX08E,,,,,3,0,TRAFFIC_DETECTED,Po2,Po2: IN 19924488 bps / OUT 14449840 bps,0000.0c9f.f00a; 0026.980a.c843; 0026.9822.8bc3,"Cisco Systems, Inc; Cisco Systems, Inc; Cisco Systems, Inc",MISSING_ARP,0000.0c9f.f00a; 0026.980a.c843; 0026.9822.8bc3,NO,
DDC1-USON-ASW1,461,USON_BAK,,,,,1,0,NOT_CHECKED,,,b40c.25e5.4045,Palo Alto Networks,MISSING_ARP,b40c.25e5.4045,NO,
DDC1-USON-ASW1,464,USON_ENC_CITRIX09A,,,,,2,0,TRAFFIC_DETECTED,Po2,Po2: IN 14948312 bps / OUT 9480808 bps,0000.0c9f.f00a; 0026.9822.8bc3,"Cisco Systems, Inc; Cisco Systems, Inc",MISSING_ARP,0000.0c9f.f00a; 0026.9822.8bc3,NO,
DDC1-USON-ASW1,465,USON_ENC_CITRIX09B,,,,,2,0,TRAFFIC_DETECTED,Po2,Po2: IN 15589840 bps / OUT 10900456 bps,0000.0c9f.f00a; 0026.9822.8bc3,"Cisco Systems, Inc; Cisco Systems, Inc",MISSING_ARP,0000.0c9f.f00a; 0026.9822.8bc3,NO,
DDC1-USON-ASW1,466,USON_ENC_CITRIX09C,,,,,2,0,TRAFFIC_DETECTED,Po2,Po2: IN 15025992 bps / OUT 9631136 bps,0000.0c9f.f00a; 0026.9822.8bc3,"Cisco Systems, Inc; Cisco Systems, Inc",MISSING_ARP,0000.0c9f.f00a; 0026.9822.8bc3,NO,
DDC1-USON-ASW1,467,USON_ENC_CITRIX09D,,,,,2,0,TRAFFIC_DETECTED,Po2,Po2: IN 17055216 bps / OUT 10915512 bps,0000.0c9f.f00a; 0026.9822.8bc3,"Cisco Systems, Inc; Cisco Systems, Inc",MISSING_ARP,0000.0c9f.f00a; 0026.9822.8bc3,NO,
DDC1-USON-ASW1,468,USON_ENC_CITRIX09E,,,,,2,0,TRAFFIC_DETECTED,Po2,Po2: IN 14927120 bps / OUT 9923528 bps,0000.0c9f.f00a; 0026.9822.8bc3,"Cisco Systems, Inc; Cisco Systems, Inc",MISSING_ARP,0000.0c9f.f00a; 0026.9822.8bc3,NO,
DDC1-USON-ASW1,469,DDCDIDXTST01-hmc,,,,,0,0,NOT_CHECKED,,,,,NO_MACS,,NO,VLAN
DDC1-USON-ASW1,500,USON_DataDomain_Bak,,,,,3,0,TRAFFIC_DETECTED,Po2,Po2: IN 16613640 bps / OUT 10416480 bps,0000.0c9f.f00a; 0026.980a.c843; 0026.9822.8bc3,"Cisco Systems, Inc; Cisco Systems, Inc; Cisco Systems, Inc",MISSING_ARP,0000.0c9f.f00a; 0026.980a.c843; 0026.9822.8bc3,NO,
DDC1-USON-ASW1,605,RIGHTFAX_SIP_RTR_X_CONNECT,,,,,4,0,TRAFFIC_DETECTED,Po56; Po2; Po13,Po56: IN 651136 bps / OUT 725144 bps; Po2: IN 16541152 bps / OUT 8713792 bps; Po13: IN 175912 bps / OUT 176104 bps,0017.a477.d854; 0017.a477.d858; 0050.569f.444a; 707d.b96a.a960,"Hewlett Packard; Hewlett Packard; VMware, Inc.; Cisco Systems, Inc",MISSING_ARP,0017.a477.d854; 0017.a477.d858; 0050.569f.444a; 707d.b96a.a960,NO,
DDC1-USON-ASW1,800,DDCDXPIDX-HMC,,,,,0,0,NOT_CHECKED,,,,,NO_MACS,,NO,VLAN
DDC1-USON-ASW1,3939,VM_non-routed-2,,,,,0,0,NOT_CHECKED,,,,,NO_MACS,,NO,VLAN
DDC1-USON-ASW1,4092,VM_non-routed,,,,,1,0,NOT_CHECKED,,,e007.1bd0.1c98,Hewlett Packard Enterprise,MISSING_ARP,e007.1bd0.1c98,NO,
DDC1-USON-ASW2,1,default,,,,,0,0,NOT_CHECKED,,,,,NO_MACS,,NO,VLAN
DDC1-USON-ASW2,110,USON_WEB1,,,,,2,0,TRAFFIC_DETECTED,Po2,Po2: IN 20444728 bps / OUT 22533224 bps,0000.0c9f.f00a; 0026.9822.8bc3,"Cisco Systems, Inc; Cisco Systems, Inc",MISSING_ARP,0000.0c9f.f00a; 0026.9822.8bc3,NO,
DDC1-USON-ASW2,111,USON_WEB2,,,,,2,0,TRAFFIC_DETECTED,Po2,Po2: IN 17735448 bps / OUT 21722520 bps,0000.0c9f.f00a; 0026.9822.8bc3,"Cisco Systems, Inc; Cisco Systems, Inc",MISSING_ARP,0000.0c9f.f00a; 0026.9822.8bc3,NO,
DDC1-USON-ASW2,112,USON_APP1,,,,,7,0,TRAFFIC_DETECTED,Po2; Po33; Eth122/1/21,Po2: IN 16026752 bps / OUT 19450336 bps; Po33: IN 12335368 bps / OUT 11101104 bps; Eth122/1/21: IN 40 bps / OUT 3672 bps,0000.0c9f.f00a; 0017.a477.1038; 0017.a477.d83a; 0017.a477.d83e; 0026.980a.c843; 0026.9822.8bc3; 7010.6fef.9070,"Cisco Systems, Inc; Hewlett Packard; Hewlett Packard; Hewlett Packard; Cisco Systems, Inc; Cisco Systems, Inc; Hewlett Packard Enterprise",MISSING_ARP,0000.0c9f.f00a; 0017.a477.1038; 0017.a477.d83a; 0017.a477.d83e; 0026.980a.c843; 0026.9822.8bc3; 7010.6fef.9070,NO,
DDC1-USON-ASW2,113,USON_APP2,,,,,16,0,TRAFFIC_DETECTED,Po2; Eth147/1/23; Eth147/1/10; Eth122/1/6,Po2: IN 18089480 bps / OUT 26610760 bps; Eth147/1/23: IN 17672 bps / OUT 570152 bps; Eth147/1/10: IN 168984 bps / OUT 7664 bps; Eth122/1/6: IN 64 bps / OUT 944 bps,0000.0c9f.f00a; 0015.5dc8.1702; 0015.5dc8.1704; 0015.5dc8.1705; 0015.5dc8.1c01; 0015.5dc8.1c1c; 0015.5dc8.1c1d; 0026.9822.8bc3; ac1f.6bd0.027c; d067.269c.6d7c; e443.4b19.29fc; e443.4b19.29fd; e443.4b1b.c574; e443.4b1b.c575; f848.971e.1728; f848.97ce.df1e,"Cisco Systems, Inc; Microsoft Corporation; Microsoft Corporation; Microsoft Corporation; Microsoft Corporation; Microsoft Corporation; Microsoft Corporation; Cisco Systems, Inc; Super Micro Computer, Inc.; Hewlett Packard Enterprise; Dell Inc.; Dell Inc.; Dell Inc.; Dell Inc.; Hitachi, Ltd.; Hitachi, Ltd.",MISSING_ARP,0000.0c9f.f00a; 0015.5dc8.1702; 0015.5dc8.1704; 0015.5dc8.1705; 0015.5dc8.1c01; 0015.5dc8.1c1c; 0015.5dc8.1c1d; 0026.9822.8bc3; ac1f.6bd0.027c; d067.269c.6d7c; e443.4b19.29fc; e443.4b19.29fd; e443.4b1b.c574; e443.4b1b.c575; f848.971e.1728; f848.97ce.df1e,NO,
DDC1-USON-ASW2,114,USON_DATA1,,,,,7,0,TRAFFIC_DETECTED,Po2,Po2: IN 15341232 bps / OUT 23330888 bps,0000.0c9f.f00a; 0023.e942.5fc4; 0026.9822.8bc3; 00a0.98cf.6f6b; 00a0.98cf.7097; 00a0.98ec.4ecc; 00a0.98ec.4ed8,"Cisco Systems, Inc; F5 Inc.; Cisco Systems, Inc; NetApp; NetApp; NetApp; NetApp",MISSING_ARP,0000.0c9f.f00a; 0023.e942.5fc4; 0026.9822.8bc3; 00a0.98cf.6f6b; 00a0.98cf.7097; 00a0.98ec.4ecc; 00a0.98ec.4ed8,NO,
DDC1-USON-ASW2,115,USON_DATA2,,,,,6,0,TRAFFIC_DETECTED,Po2,Po2: IN 16392752 bps / OUT 24575480 bps,0000.0c9f.f00a; 001e.67d4.ce94; 001e.67d4.ce95; 001e.67f1.81e9; 0026.980a.c843; 0026.9822.8bc3,"Cisco Systems, Inc; Intel Corporate; Intel Corporate; Intel Corporate; Cisco Systems, Inc; Cisco Systems, Inc",MISSING_ARP,0000.0c9f.f00a; 001e.67d4.ce94; 001e.67d4.ce95; 001e.67f1.81e9; 0026.980a.c843; 0026.9822.8bc3,NO,
DDC1-USON-ASW2,116,USON_VSERVER1,,,,,2,0,TRAFFIC_DETECTED,Po2,Po2: IN 16392752 bps / OUT 24575480 bps,0000.0c9f.f00a; 0026.9822.8bc3,"Cisco Systems, Inc; Cisco Systems, Inc",MISSING_ARP,0000.0c9f.f00a; 0026.9822.8bc3,NO,
DDC1-USON-ASW2,117,USON_VSERVER2,,,,,4,0,TRAFFIC_DETECTED,Po2,Po2: IN 17315136 bps / OUT 23793816 bps,0000.0c9f.f00a; 0026.980a.c843; 0026.9822.8bc3; 0050.569f.3ef0,"Cisco Systems, Inc; Cisco Systems, Inc; Cisco Systems, Inc; VMware, Inc.",MISSING_ARP,0000.0c9f.f00a; 0026.980a.c843; 0026.9822.8bc3; 0050.569f.3ef0,NO,
DDC1-USON-ASW2,118,USON_VMMGT,,,,,4,0,TRAFFIC_DETECTED,Po2,Po2: IN 17817816 bps / OUT 22554728 bps,0000.0c9f.f00a; 0017.a477.1c38; 0017.a477.e41c; 0026.9822.8bc3,"Cisco Systems, Inc; Hewlett Packard; Hewlett Packard; Cisco Systems, Inc",MISSING_ARP,0000.0c9f.f00a; 0017.a477.1c38; 0017.a477.e41c; 0026.9822.8bc3,NO,
DDC1-USON-ASW2,119,USON_VMHB,,,,,2,0,TRAFFIC_DETECTED,Po2,Po2: IN 17377960 bps / OUT 22714776 bps,0000.0c9f.f00a; 0026.9822.8bc3,"Cisco Systems, Inc; Cisco Systems, Inc",MISSING_ARP,0000.0c9f.f00a; 0026.9822.8bc3,NO,
DDC1-USON-ASW2,120,USON_IKM,,,,,10,0,TRAFFIC_DETECTED,Po2,Po2: IN 17250576 bps / OUT 22003368 bps,0000.0c9f.f00a; 0017.a477.1022; 0026.980a.c843; 0026.9822.8bc3; 0050.569f.1770; 0050.569f.5eb4; 0050.569f.661b; 0050.569f.7d08; 0050.569f.bbc9; 0050.569f.dfeb,"Cisco Systems, Inc; Hewlett Packard; Cisco Systems, Inc; Cisco Systems, Inc; VMware, Inc.; VMware, Inc.; VMware, Inc.; VMware, Inc.; VMware, Inc.; VMware, Inc.",MISSING_ARP,0000.0c9f.f00a; 0017.a477.1022; 0026.980a.c843; 0026.9822.8bc3; 0050.569f.1770; 0050.569f.5eb4; 0050.569f.661b; 0050.569f.7d08; 0050.569f.bbc9; 0050.569f.dfeb,NO,
DDC1-USON-ASW2,121,VM_MGMT,,,,,5,0,TRAFFIC_DETECTED,Po2,Po2: IN 17250576 bps / OUT 22003368 bps,0000.0c9f.f00a; 0026.980a.c843; 0026.9822.8bc3; 0050.569f.7f3e; 0050.569f.9188,"Cisco Systems, Inc; Cisco Systems, Inc; Cisco Systems, Inc; VMware, Inc.; VMware, Inc.",MISSING_ARP,0000.0c9f.f00a; 0026.980a.c843; 0026.9822.8bc3; 0050.569f.7f3e; 0050.569f.9188,NO,
DDC1-USON-ASW2,122,VM_VMOTION,,,,,8,0,TRAFFIC_DETECTED,Po2,Po2: IN 16518504 bps / OUT 21155544 bps,0000.0c9f.f00a; 0026.980a.c843; 0026.9822.8bc3; 0050.569f.3d37; 0050.569f.479c; 0050.569f.6b6d; 0050.569f.713c; 0050.569f.fa87,"Cisco Systems, Inc; Cisco Systems, Inc; Cisco Systems, Inc; VMware, Inc.; VMware, Inc.; VMware, Inc.; VMware, Inc.; VMware, Inc.",MISSING_ARP,0000.0c9f.f00a; 0026.980a.c843; 0026.9822.8bc3; 0050.569f.3d37; 0050.569f.479c; 0050.569f.6b6d; 0050.569f.713c; 0050.569f.fa87,NO,
DDC1-USON-ASW2,123,USON_ILO_1,,,,,7,0,TRAFFIC_DETECTED,Po2; Eth147/1/3; Eth147/1/1,Po2: IN 15312472 bps / OUT 19733384 bps; Eth147/1/3: IN 22080 bps / OUT 1848 bps; Eth147/1/1: IN 39400 bps / OUT 33184 bps,0000.0c9f.f00a; 0023.e904.bc04; 0026.980a.c843; 0026.9822.8bc3; 14a9.d006.c902; 4a8e.875a.2e36; fa2b.4bb9.8f7c,"Cisco Systems, Inc; F5 Inc.; Cisco Systems, Inc; Cisco Systems, Inc; F5 Inc.; Locally administered/randomized MAC; Locally administered/randomized MAC",MISSING_ARP,0000.0c9f.f00a; 0023.e904.bc04; 0026.980a.c843; 0026.9822.8bc3; 14a9.d006.c902; 4a8e.875a.2e36; fa2b.4bb9.8f7c,NO,
DDC1-USON-ASW2,124,USON_JCAP_1,,,,,0,0,NOT_CHECKED,,,,,NO_MACS,,NO,VLAN
DDC1-USON-ASW2,125,USON_JCAP_2,,,,,0,0,NOT_CHECKED,,,,,NO_MACS,,NO,VLAN
DDC1-USON-ASW2,126,USON_CITRIX3,,,,,3,0,TRAFFIC_DETECTED,Po2,Po2: IN 13110504 bps / OUT 15896784 bps,0000.0c9f.f00a; 0026.980a.c843; 0026.9822.8bc3,"Cisco Systems, Inc; Cisco Systems, Inc; Cisco Systems, Inc",MISSING_ARP,0000.0c9f.f00a; 0026.980a.c843; 0026.9822.8bc3,NO,
DDC1-USON-ASW2,127,USON_CITRIX4,,,,,5,0,TRAFFIC_DETECTED,Po2,Po2: IN 13110504 bps / OUT 15896784 bps,0000.0c9f.f00a; 0026.980a.c843; 0026.9822.8bc3; 0050.569f.9d17; 0050.569f.a498,"Cisco Systems, Inc; Cisco Systems, Inc; Cisco Systems, Inc; VMware, Inc.; VMware, Inc.",MISSING_ARP,0000.0c9f.f00a; 0026.980a.c843; 0026.9822.8bc3; 0050.569f.9d17; 0050.569f.a498,NO,
DDC1-USON-ASW2,128,USON_MGMNT,,,,,13,0,TRAFFIC_DETECTED,Po2; Eth141/1/30; Eth141/1/21; Eth141/1/43; Eth143/1/48; Eth141/1/5; Eth147/1/45; Eth147/1/34; Eth145/1/47,Po2: IN 14236120 bps / OUT 16816488 bps; Eth141/1/30: IN 64448 bps / OUT 33072 bps; Eth141/1/21: IN 40 bps / OUT 1416 bps; Eth141/1/43: IN 0 bps / OUT 1384 bps; Eth143/1/48: IN 0 bps / OUT 1312 bps; Eth141/1/5: IN 64016 bps / OUT 4864 bps; Eth147/1/45: IN 472 bps / OUT 1824 bps; Eth147/1/34: IN 0 bps / OUT 1344 bps; Eth145/1/47: IN 0 bps / OUT 1424 bps,0000.0c9f.f00a; 0023.eb4f.6e5c; 0026.980a.c843; 0026.9822.8bc3; 00c0.ff12.8379; 00e0.2719.a06e; 1c98.ec1e.9ac9; 30e1.7164.5791; 3cd9.2b02.2b54; 8434.9766.6e18; 9418.8247.4c20; 9cb6.547d.831d; d485.64c7.6e52,"Cisco Systems, Inc; Cisco Systems, Inc; Cisco Systems, Inc; Cisco Systems, Inc; Seagate Cloud Systems Inc; DUX, INC.; Hewlett Packard Enterprise; Hewlett Packard; Hewlett Packard; Hewlett Packard; Hewlett Packard Enterprise; Hewlett Packard; Hewlett Packard",MISSING_ARP,0000.0c9f.f00a; 0023.eb4f.6e5c; 0026.980a.c843; 0026.9822.8bc3; 00c0.ff12.8379; 00e0.2719.a06e; 1c98.ec1e.9ac9; 30e1.7164.5791; 3cd9.2b02.2b54; 8434.9766.6e18; 9418.8247.4c20; 9cb6.547d.831d; d485.64c7.6e52,NO,
DDC1-USON-ASW2,129,USON_AD_PRI,,,,,14,0,TRAFFIC_DETECTED,Po2; Po50; Po19; Po30,Po2: IN 16904680 bps / OUT 16453224 bps; Po50: IN 7856104 bps / OUT 6169176 bps; Po19: IN 730248 bps / OUT 615392 bps; Po30: IN 538536 bps / OUT 4242888 bps,0000.0c9f.f00a; 000c.29eb.abe4; 0017.a477.081c; 0017.a477.0820; 0017.a477.8070; 0017.a477.c024; 0017.a477.c026; 0017.a477.c032; 0017.a477.d80a; 0026.980a.c843; 0026.9822.8bc3; 0050.569f.1855; 0050.569f.38b9; 0050.569f.ffab,"Cisco Systems, Inc; VMware, Inc.; Hewlett Packard; Hewlett Packard; Hewlett Packard; Hewlett Packard; Hewlett Packard; Hewlett Packard; Hewlett Packard; Cisco Systems, Inc; Cisco Systems, Inc; VMware, Inc.; VMware, Inc.; VMware, Inc.",MISSING_ARP,0000.0c9f.f00a; 000c.29eb.abe4; 0017.a477.081c; 0017.a477.0820; 0017.a477.8070; 0017.a477.c024; 0017.a477.c026; 0017.a477.c032; 0017.a477.d80a; 0026.980a.c843; 0026.9822.8bc3; 0050.569f.1855; 0050.569f.38b9; 0050.569f.ffab,NO,
DDC1-USON-ASW2,130,USON_AD_SEC,,,,,2,0,TRAFFIC_DETECTED,Po2,Po2: IN 18152256 bps / OUT 15086848 bps,0000.0c9f.f00a; 0026.9822.8bc3,"Cisco Systems, Inc; Cisco Systems, Inc",MISSING_ARP,0000.0c9f.f00a; 0026.9822.8bc3,NO,
DDC1-USON-ASW2,131,DDC_CAJ1,,,,,9,0,TRAFFIC_DETECTED,Po2; Eth141/1/25; Eth141/1/26,Po2: IN 17831976 bps / OUT 15281912 bps; Eth141/1/25: IN 25840 bps / OUT 2840 bps; Eth141/1/26: IN 5280 bps / OUT 2408 bps,0000.0c9f.f00a; 001d.a20f.982c; 0026.9822.8bc3; 50eb.1a38.ff2c; 50eb.1a40.598f; 50eb.1a6a.efc5; 9418.8272.2805; 9457.a560.f1e7; c4f5.7c9a.0e48,"Cisco Systems, Inc; Cisco Systems, Inc; Cisco Systems, Inc; Brocade Communications Systems LLC; Brocade Communications Systems LLC; Brocade Communications Systems LLC; Hewlett Packard Enterprise; Hewlett Packard; Brocade Communications Systems LLC",MISSING_ARP,0000.0c9f.f00a; 001d.a20f.982c; 0026.9822.8bc3; 50eb.1a38.ff2c; 50eb.1a40.598f; 50eb.1a6a.efc5; 9418.8272.2805; 9457.a560.f1e7; c4f5.7c9a.0e48,NO,
DDC1-USON-ASW2,132,DDC_CAJ2,,,,,2,0,TRAFFIC_DETECTED,Po2,Po2: IN 14962264 bps / OUT 12786944 bps,0000.0c9f.f00a; 0026.9822.8bc3,"Cisco Systems, Inc; Cisco Systems, Inc",MISSING_ARP,0000.0c9f.f00a; 0026.9822.8bc3,NO,
DDC1-USON-ASW2,133,DDC_CAJ3,,,,,2,0,TRAFFIC_DETECTED,Po2,Po2: IN 16969120 bps / OUT 16637344 bps,0000.0c9f.f00a; 0026.9822.8bc3,"Cisco Systems, Inc; Cisco Systems, Inc",MISSING_ARP,0000.0c9f.f00a; 0026.9822.8bc3,NO,
DDC1-USON-ASW2,135,USON_EXCHANGE_PRI,,,,,5,0,TRAFFIC_DETECTED,Po2; Po19,Po2: IN 15726592 bps / OUT 15176400 bps; Po19: IN 200272 bps / OUT 116992 bps,0000.0c9f.f00a; 0017.a477.8010; 0017.a477.8018; 0026.980a.c843; 0026.9822.8bc3,"Cisco Systems, Inc; Hewlett Packard; Hewlett Packard; Cisco Systems, Inc; Cisco Systems, Inc",MISSING_ARP,0000.0c9f.f00a; 0017.a477.8010; 0017.a477.8018; 0026.980a.c843; 0026.9822.8bc3,NO,
DDC1-USON-ASW2,136,USON_EXCHANGE_SEC,,,,,2,0,TRAFFIC_DETECTED,Po2,Po2: IN 16666160 bps / OUT 16812376 bps,0000.0c9f.f00a; 0026.9822.8bc3,"Cisco Systems, Inc; Cisco Systems, Inc",MISSING_ARP,0000.0c9f.f00a; 0026.9822.8bc3,NO,
DDC1-USON-ASW2,137,USON_CITRIX_PRI,,,,,2,0,TRAFFIC_DETECTED,Po2,Po2: IN 16666160 bps / OUT 16812376 bps,0000.0c9f.f00a; 0026.9822.8bc3,"Cisco Systems, Inc; Cisco Systems, Inc",MISSING_ARP,0000.0c9f.f00a; 0026.9822.8bc3,NO,
DDC1-USON-ASW2,138,USON_CITRIX_SEC,,,,,2,0,TRAFFIC_DETECTED,Po2,Po2: IN 15947424 bps / OUT 18399560 bps,0000.0c9f.f00a; 0026.9822.8bc3,"Cisco Systems, Inc; Cisco Systems, Inc",MISSING_ARP,0000.0c9f.f00a; 0026.9822.8bc3,NO,
DDC1-USON-ASW2,139,USON_MELIO,,,,,2,0,TRAFFIC_DETECTED,Po2,Po2: IN 15396824 bps / OUT 18034856 bps,0000.0c9f.f00a; 0026.9822.8bc3,"Cisco Systems, Inc; Cisco Systems, Inc",MISSING_ARP,0000.0c9f.f00a; 0026.9822.8bc3,NO,
DDC1-USON-ASW2,140,USON_CITRIX_PVS1,,,,,2,0,TRAFFIC_DETECTED,Po2,Po2: IN 17996408 bps / OUT 20202704 bps,0000.0c9f.f00a; 0026.9822.8bc3,"Cisco Systems, Inc; Cisco Systems, Inc",MISSING_ARP,0000.0c9f.f00a; 0026.9822.8bc3,NO,
DDC1-USON-ASW2,141,USON_CITRIX_PVS2,,,,,2,0,TRAFFIC_DETECTED,Po2,Po2: IN 21569952 bps / OUT 24537936 bps,0000.0c9f.f00a; 0026.9822.8bc3,"Cisco Systems, Inc; Cisco Systems, Inc",MISSING_ARP,0000.0c9f.f00a; 0026.9822.8bc3,NO,
DDC1-USON-ASW2,142,USON_ILO_2,,,,,20,0,TRAFFIC_DETECTED,Po2; Eth141/1/12,Po2: IN 21569952 bps / OUT 24537936 bps; Eth141/1/12: IN 56 bps / OUT 1768 bps,0000.0c9f.f00a; 0021.5a04.3acb; 0021.5a04.3af5; 0026.980a.c843; 0026.9822.8bc3; 2c27.d716.85f8; 2c27.d716.9580; 3cd9.2bfb.5f65; 78e3.b50e.448b; 984b.e161.99b1; 984b.e172.acb7; 9c8e.992a.fe41; b499.ba28.3a85; b499.ba28.3b83; b499.ba28.7ae1; b499.baaa.8d8a; b499.baaa.9424; b499.baaa.996a; f4ce.46ae.2945; fc15.b413.c072,"Cisco Systems, Inc; Hewlett Packard; Hewlett Packard; Cisco Systems, Inc; Cisco Systems, Inc; Hewlett Packard; Hewlett Packard; Hewlett Packard; Hewlett Packard; Hewlett Packard; Hewlett Packard; Hewlett Packard; Hewlett Packard; Hewlett Packard; Hewlett Packard; Hewlett Packard; Hewlett Packard; Hewlett Packard; Hewlett Packard; Hewlett Packard",MISSING_ARP,0000.0c9f.f00a; 0021.5a04.3acb; 0021.5a04.3af5; 0026.980a.c843; 0026.9822.8bc3; 2c27.d716.85f8; 2c27.d716.9580; 3cd9.2bfb.5f65; 78e3.b50e.448b; 984b.e161.99b1; 984b.e172.acb7; 9c8e.992a.fe41; b499.ba28.3a85; b499.ba28.3b83; b499.ba28.7ae1; b499.baaa.8d8a; b499.baaa.9424; b499.baaa.996a; f4ce.46ae.2945; fc15.b413.c072,NO,
DDC1-USON-ASW2,143,USON_ILO_3,,,,,8,0,TRAFFIC_DETECTED,Po2; Po1; Eth143/1/16; Eth143/1/15; Eth143/1/39,Po2: IN 18234112 bps / OUT 19440224 bps; Po1: IN 13125448 bps / OUT 9620152 bps; Eth143/1/16: IN 72 bps / OUT 864 bps; Eth143/1/15: IN 256 bps / OUT 936 bps; Eth143/1/39: IN 72 bps / OUT 864 bps,0000.0c9f.f00a; 0026.980a.c843; 0026.9822.8bc3; 101f.7478.1560; 3cd9.2bfb.0f2f; 3cd9.2bfb.9f71; 78e3.b50e.c76d; 9c8e.9917.2a7e,"Cisco Systems, Inc; Cisco Systems, Inc; Cisco Systems, Inc; Hewlett Packard; Hewlett Packard; Hewlett Packard; Hewlett Packard; Hewlett Packard",MISSING_ARP,0000.0c9f.f00a; 0026.980a.c843; 0026.9822.8bc3; 101f.7478.1560; 3cd9.2bfb.0f2f; 3cd9.2bfb.9f71; 78e3.b50e.c76d; 9c8e.9917.2a7e,NO,
DDC1-USON-ASW2,144,USON_SQL,,,,,2,0,TRAFFIC_DETECTED,Po2,Po2: IN 15989200 bps / OUT 17289120 bps,0000.0c9f.f00a; 0026.9822.8bc3,"Cisco Systems, Inc; Cisco Systems, Inc",MISSING_ARP,0000.0c9f.f00a; 0026.9822.8bc3,NO,
DDC1-USON-ASW2,301,USON_DMZ_TMP1,,,,,0,0,NOT_CHECKED,,,,,NO_MACS,,YES,VLAN
DDC1-USON-ASW2,302,USON_DMZ_TMP2,,,,,0,0,NOT_CHECKED,,,,,NO_MACS,,YES,VLAN
DDC1-USON-ASW2,400,USON_ENC_CITRIX01A,,,,,12,0,TRAFFIC_DETECTED,Po2; Eth145/1/12; Eth145/1/20; Eth141/1/23; Eth141/1/34; Eth145/1/19,Po2: IN 15198472 bps / OUT 16991240 bps; Eth145/1/12: IN 0 bps / OUT 1224 bps; Eth145/1/20: IN 128 bps / OUT 1200 bps; Eth141/1/23: IN 0 bps / OUT 1184 bps; Eth141/1/34: IN 0 bps / OUT 1200 bps; Eth145/1/19: IN 608 bps / OUT 1784 bps,0000.0c9f.f00a; 0026.980a.c843; 0026.9822.8bc3; 18a9.0570.ef0f; 18a9.0570.ef4d; 3863.bb31.69db; 3863.bb31.7905; 78e3.b50b.d3f5; 78e3.b50e.4449; 984b.e161.d20b; 984b.e161.d211; f4ce.46ba.8599,"Cisco Systems, Inc; Cisco Systems, Inc; Cisco Systems, Inc; Hewlett Packard; Hewlett Packard; Hewlett Packard; Hewlett Packard; Hewlett Packard; Hewlett Packard; Hewlett Packard; Hewlett Packard; Hewlett Packard",MISSING_ARP,0000.0c9f.f00a; 0026.980a.c843; 0026.9822.8bc3; 18a9.0570.ef0f; 18a9.0570.ef4d; 3863.bb31.69db; 3863.bb31.7905; 78e3.b50b.d3f5; 78e3.b50e.4449; 984b.e161.d20b; 984b.e161.d211; f4ce.46ba.8599,NO,
DDC1-USON-ASW2,401,USON_ENC_CITRIX01B,,,,,34,0,TRAFFIC_DETECTED,Po2; Eth141/1/8; Eth147/1/38; Eth147/1/37; Eth143/1/14,Po2: IN 13333296 bps / OUT 15192808 bps; Eth141/1/8: IN 5064 bps / OUT 29840 bps; Eth147/1/38: IN 22840 bps / OUT 7208 bps; Eth147/1/37: IN 24208 bps / OUT 8312 bps; Eth143/1/14: IN 0 bps / OUT 728 bps,0000.0c9f.f00a; 0021.5a04.6dee; 0021.5a04.7d0f; 0026.980a.c843; 0026.9822.8bc3; 18a9.05ea.9384; 1c98.ec1e.ca59; 1c98.ec1f.72b5; 2c27.d716.45b2; 2c27.d716.45c2; 2c27.d716.9592; 3863.bb2c.bdf7; 3863.bb2c.cd34; 3863.bb2d.00fd; 3863.bb2d.1071; 7010.6fb2.777a; 7010.6fb2.77f8; 7010.6fbc.99d0; 7010.6fbc.9db2; 7010.6fbc.9dd2; 7010.6fc0.22f2; 7446.a071.2d58; 7446.a071.2d6b; 78e3.b50b.93c5; 78e3.b50b.f3f3; 80c1.6e7f.a27b; 984b.e110.4628; ac16.2dc1.d6ab; ac16.2dc1.ddcf; c434.6bc3.2feb; c434.6bc3.3f96; d485.6462.27a6; f4ce.46ae.293a; f4ce.46ae.2948,"Cisco Systems, Inc; Hewlett Packard; Hewlett Packard; Cisco Systems, Inc; Cisco Systems, Inc; Hewlett Packard; Hewlett Packard Enterprise; Hewlett Packard Enterprise; Hewlett Packard; Hewlett Packard; Hewlett Packard; Hewlett Packard; Hewlett Packard; Hewlett Packard; Hewlett Packard; Hewlett Packard Enterprise; Hewlett Packard Enterprise; Hewlett Packard Enterprise; Hewlett Packard Enterprise; Hewlett Packard Enterprise; Hewlett Packard Enterprise; Hewlett Packard; Hewlett Packard; Hewlett Packard; Hewlett Packard; Hewlett Packard; Hewlett Packard; Hewlett Packard; Hewlett Packard; Hewlett Packard; Hewlett Packard; Hewlett Packard; Hewlett Packard; Hewlett Packard",MISSING_ARP,0000.0c9f.f00a; 0021.5a04.6dee; 0021.5a04.7d0f; 0026.980a.c843; 0026.9822.8bc3; 18a9.05ea.9384; 1c98.ec1e.ca59; 1c98.ec1f.72b5; 2c27.d716.45b2; 2c27.d716.45c2; 2c27.d716.9592; 3863.bb2c.bdf7; 3863.bb2c.cd34; 3863.bb2d.00fd; 3863.bb2d.1071; 7010.6fb2.777a; 7010.6fb2.77f8; 7010.6fbc.99d0; 7010.6fbc.9db2; 7010.6fbc.9dd2; 7010.6fc0.22f2; 7446.a071.2d58; 7446.a071.2d6b; 78e3.b50b.93c5; 78e3.b50b.f3f3; 80c1.6e7f.a27b; 984b.e110.4628; ac16.2dc1.d6ab; ac16.2dc1.ddcf; c434.6bc3.2feb; c434.6bc3.3f96; d485.6462.27a6; f4ce.46ae.293a; f4ce.46ae.2948,NO,
DDC1-USON-ASW2,402,USON_ENC_CITRIX01C,,,,,2,0,TRAFFIC_DETECTED,Po2,Po2: IN 18310416 bps / OUT 18052480 bps,0000.0c9f.f00a; 0026.9822.8bc3,"Cisco Systems, Inc; Cisco Systems, Inc",MISSING_ARP,0000.0c9f.f00a; 0026.9822.8bc3,NO,
DDC1-USON-ASW2,403,USON_ENC_CITRIX01D,,,,,4,0,TRAFFIC_DETECTED,Po2,Po2: IN 18310416 bps / OUT 18052480 bps,0000.0c9f.f00a; 001b.9700.525a; 0026.980a.c843; 0026.9822.8bc3,"Cisco Systems, Inc; Violin Technologies; Cisco Systems, Inc; Cisco Systems, Inc",MISSING_ARP,0000.0c9f.f00a; 001b.9700.525a; 0026.980a.c843; 0026.9822.8bc3,NO,
DDC1-USON-ASW2,404,USON_ENC_CITRIX01E,,,,,2,0,TRAFFIC_DETECTED,Po2,Po2: IN 19131008 bps / OUT 19932712 bps,0000.0c9f.f00a; 0026.9822.8bc3,"Cisco Systems, Inc; Cisco Systems, Inc",MISSING_ARP,0000.0c9f.f00a; 0026.9822.8bc3,NO,
DDC1-USON-ASW2,408,USON_ENC_CITRIX02A,,,,,2,0,TRAFFIC_DETECTED,Po2,Po2: IN 21069976 bps / OUT 22296496 bps,0000.0c9f.f00a; 0026.9822.8bc3,"Cisco Systems, Inc; Cisco Systems, Inc",MISSING_ARP,0000.0c9f.f00a; 0026.9822.8bc3,NO,
DDC1-USON-ASW2,409,USON_ENC_CITRIX02B,,,,,2,0,TRAFFIC_DETECTED,Po2,Po2: IN 19969976 bps / OUT 19203032 bps,0000.0c9f.f00a; 0026.9822.8bc3,"Cisco Systems, Inc; Cisco Systems, Inc",MISSING_ARP,0000.0c9f.f00a; 0026.9822.8bc3,NO,
DDC1-USON-ASW2,410,USON_ENC_CITRIX02C,,,,,2,0,TRAFFIC_DETECTED,Po2,Po2: IN 24544112 bps / OUT 22860992 bps,0000.0c9f.f00a; 0026.9822.8bc3,"Cisco Systems, Inc; Cisco Systems, Inc",MISSING_ARP,0000.0c9f.f00a; 0026.9822.8bc3,NO,
DDC1-USON-ASW2,411,USON_ENC_CITRIX02D,,,,,27,0,TRAFFIC_DETECTED,Po2; Eth147/1/16; Eth143/1/33; Eth143/1/32; Eth147/1/17,Po2: IN 24544112 bps / OUT 22860992 bps; Eth147/1/16: IN 200 bps / OUT 1528 bps; Eth143/1/33: IN 88 bps / OUT 1472 bps; Eth143/1/32: IN 88 bps / OUT 1472 bps; Eth147/1/17: IN 0 bps / OUT 1344 bps,0000.0c9f.f00a; 0021.5a05.874b; 0021.5a05.a7c2; 0021.5a05.b60f; 0021.5a05.b651; 0021.5a05.b65e; 0026.980a.c843; 0026.9822.8bc3; 00fd.45d3.4fc0; 00fd.45d3.7f9c; 00fd.45d3.7fb4; 00fd.45d3.7fcc; 1c98.ec1e.cbd9; 3863.bb31.a701; 3863.bb31.b7fb; 9418.8272.0ccf; 9418.8272.1ecf; 9418.8272.2e11; 9418.8272.3b67; 9418.8272.5edb; 9418.8272.8f57; 9418.8272.9f15; 9418.8272.ca33; 9418.8272.ed2f; 98f2.b3e6.efc6; 98f2.b3e9.ac50; 98f2.b3e9.c868,"Cisco Systems, Inc; Hewlett Packard; Hewlett Packard; Hewlett Packard; Hewlett Packard; Hewlett Packard; Cisco Systems, Inc; Cisco Systems, Inc; Hewlett Packard Enterprise; Hewlett Packard Enterprise; Hewlett Packard Enterprise; Hewlett Packard Enterprise; Hewlett Packard Enterprise; Hewlett Packard; Hewlett Packard; Hewlett Packard Enterprise; Hewlett Packard Enterprise; Hewlett Packard Enterprise; Hewlett Packard Enterprise; Hewlett Packard Enterprise; Hewlett Packard Enterprise; Hewlett Packard Enterprise; Hewlett Packard Enterprise; Hewlett Packard Enterprise; Hewlett Packard Enterprise; Hewlett Packard Enterprise; Hewlett Packard Enterprise",MISSING_ARP,0000.0c9f.f00a; 0021.5a05.874b; 0021.5a05.a7c2; 0021.5a05.b60f; 0021.5a05.b651; 0021.5a05.b65e; 0026.980a.c843; 0026.9822.8bc3; 00fd.45d3.4fc0; 00fd.45d3.7f9c; 00fd.45d3.7fb4; 00fd.45d3.7fcc; 1c98.ec1e.cbd9; 3863.bb31.a701; 3863.bb31.b7fb; 9418.8272.0ccf; 9418.8272.1ecf; 9418.8272.2e11; 9418.8272.3b67; 9418.8272.5edb; 9418.8272.8f57; 9418.8272.9f15; 9418.8272.ca33; 9418.8272.ed2f; 98f2.b3e6.efc6; 98f2.b3e9.ac50; 98f2.b3e9.c868,NO,
DDC1-USON-ASW2,412,USON_ENC_CITRIX02E,,,,,2,0,TRAFFIC_DETECTED,Po2,Po2: IN 22242608 bps / OUT 26340264 bps,0000.0c9f.f00a; 0026.9822.8bc3,"Cisco Systems, Inc; Cisco Systems, Inc",MISSING_ARP,0000.0c9f.f00a; 0026.9822.8bc3,NO,
DDC1-USON-ASW2,415,Kurt-VLAN,,,,,2,0,TRAFFIC_DETECTED,Po2,Po2: IN 21837784 bps / OUT 24399344 bps,0000.0c9f.f00a; 0026.9822.8bc3,"Cisco Systems, Inc; Cisco Systems, Inc",MISSING_ARP,0000.0c9f.f00a; 0026.9822.8bc3,NO,
DDC1-USON-ASW2,416,USON_ENC_CITRIX03A,,,,,2,0,TRAFFIC_DETECTED,Po2,Po2: IN 21837784 bps / OUT 24399344 bps,0000.0c9f.f00a; 0026.9822.8bc3,"Cisco Systems, Inc; Cisco Systems, Inc",MISSING_ARP,0000.0c9f.f00a; 0026.9822.8bc3,NO,
DDC1-USON-ASW2,417,USON_ENC_CITRIX03B,,,,,2,0,TRAFFIC_DETECTED,Po2,Po2: IN 29721824 bps / OUT 28225808 bps,0000.0c9f.f00a; 0026.9822.8bc3,"Cisco Systems, Inc; Cisco Systems, Inc",MISSING_ARP,0000.0c9f.f00a; 0026.9822.8bc3,NO,
DDC1-USON-ASW2,418,USON_ENC_CITRIX03C,,,,,2,0,TRAFFIC_DETECTED,Po2,Po2: IN 33382016 bps / OUT 32489040 bps,0000.0c9f.f00a; 0026.9822.8bc3,"Cisco Systems, Inc; Cisco Systems, Inc",MISSING_ARP,0000.0c9f.f00a; 0026.9822.8bc3,NO,
DDC1-USON-ASW2,419,USON_ENC_CITRIX03D,,,,,4,0,TRAFFIC_DETECTED,Po2,Po2: IN 26738184 bps / OUT 30214272 bps,0000.0c9f.f00a; 0026.9822.8bc3; 308d.9930.6f29; 5820.b185.2030,"Cisco Systems, Inc; Cisco Systems, Inc; Hewlett Packard; Hewlett Packard",MISSING_ARP,0000.0c9f.f00a; 0026.9822.8bc3; 308d.9930.6f29; 5820.b185.2030,NO,
DDC1-USON-ASW2,420,USON_ENC_CITRIX03E,,,,,2,0,TRAFFIC_DETECTED,Po2,Po2: IN 24422464 bps / OUT 28342312 bps,0000.0c9f.f00a; 0026.9822.8bc3,"Cisco Systems, Inc; Cisco Systems, Inc",MISSING_ARP,0000.0c9f.f00a; 0026.9822.8bc3,NO,
DDC1-USON-ASW2,426,USON_ENC_CITRIX04C,,,,,2,0,TRAFFIC_DETECTED,Po2,Po2: IN 24422464 bps / OUT 28342312 bps,0000.0c9f.f00a; 0026.9822.8bc3,"Cisco Systems, Inc; Cisco Systems, Inc",MISSING_ARP,0000.0c9f.f00a; 0026.9822.8bc3,NO,
DDC1-USON-ASW2,427,USON_ENC_CITRIX04D,,,,,2,0,TRAFFIC_DETECTED,Po2,Po2: IN 22567296 bps / OUT 25917216 bps,0000.0c9f.f00a; 0026.9822.8bc3,"Cisco Systems, Inc; Cisco Systems, Inc",MISSING_ARP,0000.0c9f.f00a; 0026.9822.8bc3,NO,
DDC1-USON-ASW2,428,USON_ENC_CITRIX04E,,,,,2,0,TRAFFIC_DETECTED,Po2,Po2: IN 23738320 bps / OUT 25838736 bps,0000.0c9f.f00a; 0026.9822.8bc3,"Cisco Systems, Inc; Cisco Systems, Inc",MISSING_ARP,0000.0c9f.f00a; 0026.9822.8bc3,NO,
DDC1-USON-ASW2,432,USON_ENC_CITRIX05A,,,,,2,0,TRAFFIC_DETECTED,Po2,Po2: IN 24643536 bps / OUT 35935920 bps,0000.0c9f.f00a; 0026.9822.8bc3,"Cisco Systems, Inc; Cisco Systems, Inc",MISSING_ARP,0000.0c9f.f00a; 0026.9822.8bc3,NO,
DDC1-USON-ASW2,433,USON_ENC_CITRIX05B,,,,,2,0,TRAFFIC_DETECTED,Po2,Po2: IN 22950672 bps / OUT 38403912 bps,0000.0c9f.f00a; 0026.9822.8bc3,"Cisco Systems, Inc; Cisco Systems, Inc",MISSING_ARP,0000.0c9f.f00a; 0026.9822.8bc3,NO,
DDC1-USON-ASW2,434,USON_ENC_CITRIX05C,,,,,2,0,TRAFFIC_DETECTED,Po2,Po2: IN 22950672 bps / OUT 38403912 bps,0000.0c9f.f00a; 0026.9822.8bc3,"Cisco Systems, Inc; Cisco Systems, Inc",MISSING_ARP,0000.0c9f.f00a; 0026.9822.8bc3,NO,
DDC1-USON-ASW2,435,USON_ENC_CITRIX05D,,,,,2,0,TRAFFIC_DETECTED,Po2,Po2: IN 25440472 bps / OUT 33970824 bps,0000.0c9f.f00a; 0026.9822.8bc3,"Cisco Systems, Inc; Cisco Systems, Inc",MISSING_ARP,0000.0c9f.f00a; 0026.9822.8bc3,NO,
DDC1-USON-ASW2,436,USON_ENC_CITRIX05E,,,,,2,0,TRAFFIC_DETECTED,Po2,Po2: IN 22294520 bps / OUT 29390240 bps,0000.0c9f.f00a; 0026.9822.8bc3,"Cisco Systems, Inc; Cisco Systems, Inc",MISSING_ARP,0000.0c9f.f00a; 0026.9822.8bc3,NO,
DDC1-USON-ASW2,440,USON_ENC_CITRIX06A,,,,,2,0,TRAFFIC_DETECTED,Po2,Po2: IN 20454744 bps / OUT 27570272 bps,0000.0c9f.f00a; 0026.9822.8bc3,"Cisco Systems, Inc; Cisco Systems, Inc",MISSING_ARP,0000.0c9f.f00a; 0026.9822.8bc3,NO,
DDC1-USON-ASW2,441,USON_ENC_CITRIX06B,,,,,3,0,TRAFFIC_DETECTED,Po2,Po2: IN 20454744 bps / OUT 27570272 bps,0000.0c9f.f00a; 0026.980a.c843; 0026.9822.8bc3,"Cisco Systems, Inc; Cisco Systems, Inc; Cisco Systems, Inc",MISSING_ARP,0000.0c9f.f00a; 0026.980a.c843; 0026.9822.8bc3,NO,
DDC1-USON-ASW2,442,USON_ENC_CITRIX06C,,,,,2,0,TRAFFIC_DETECTED,Po2,Po2: IN 21048656 bps / OUT 30352368 bps,0000.0c9f.f00a; 0026.9822.8bc3,"Cisco Systems, Inc; Cisco Systems, Inc",MISSING_ARP,0000.0c9f.f00a; 0026.9822.8bc3,NO,
DDC1-USON-ASW2,443,USON_ENC_CITRIX06D,,,,,2,0,TRAFFIC_DETECTED,Po2,Po2: IN 19723864 bps / OUT 27234160 bps,0000.0c9f.f00a; 0026.9822.8bc3,"Cisco Systems, Inc; Cisco Systems, Inc",MISSING_ARP,0000.0c9f.f00a; 0026.9822.8bc3,NO,
DDC1-USON-ASW2,444,USON_ENC_CITRIX06E,,,,,2,0,TRAFFIC_DETECTED,Po2,Po2: IN 18606336 bps / OUT 21881896 bps,0000.0c9f.f00a; 0026.9822.8bc3,"Cisco Systems, Inc; Cisco Systems, Inc",MISSING_ARP,0000.0c9f.f00a; 0026.9822.8bc3,NO,
DDC1-USON-ASW2,448,USON_ENC_CITRIX07A,,,,,2,0,TRAFFIC_DETECTED,Po2,Po2: IN 14342800 bps / OUT 18955400 bps,0000.0c9f.f00a; 0026.9822.8bc3,"Cisco Systems, Inc; Cisco Systems, Inc",MISSING_ARP,0000.0c9f.f00a; 0026.9822.8bc3,NO,
DDC1-USON-ASW2,449,USON_ENC_CITRIX07B,,,,,2,0,TRAFFIC_DETECTED,Po2,Po2: IN 20040552 bps / OUT 26186712 bps,0000.0c9f.f00a; 0026.9822.8bc3,"Cisco Systems, Inc; Cisco Systems, Inc",MISSING_ARP,0000.0c9f.f00a; 0026.9822.8bc3,NO,
DDC1-USON-ASW2,450,USON_ENC_CITRIX07C,,,,,2,0,TRAFFIC_DETECTED,Po2,Po2: IN 20040552 bps / OUT 26186712 bps,0000.0c9f.f00a; 0026.9822.8bc3,"Cisco Systems, Inc; Cisco Systems, Inc",MISSING_ARP,0000.0c9f.f00a; 0026.9822.8bc3,NO,
DDC1-USON-ASW2,451,USON_ENC_CITRIX07D,,,,,2,0,TRAFFIC_DETECTED,Po2,Po2: IN 25667976 bps / OUT 24592848 bps,0000.0c9f.f00a; 0026.9822.8bc3,"Cisco Systems, Inc; Cisco Systems, Inc",MISSING_ARP,0000.0c9f.f00a; 0026.9822.8bc3,NO,
DDC1-USON-ASW2,452,USON_ENC_CITRIX07E,,,,,2,0,TRAFFIC_DETECTED,Po2,Po2: IN 23333184 bps / OUT 22482200 bps,0000.0c9f.f00a; 0026.9822.8bc3,"Cisco Systems, Inc; Cisco Systems, Inc",MISSING_ARP,0000.0c9f.f00a; 0026.9822.8bc3,NO,
DDC1-USON-ASW2,456,USON_ENC_CITRIX08A,,,,,2,0,TRAFFIC_DETECTED,Po2,Po2: IN 18866360 bps / OUT 19657136 bps,0000.0c9f.f00a; 0026.9822.8bc3,"Cisco Systems, Inc; Cisco Systems, Inc",MISSING_ARP,0000.0c9f.f00a; 0026.9822.8bc3,NO,
DDC1-USON-ASW2,457,USON_ENC_CITRIX08B,,,,,2,0,TRAFFIC_DETECTED,Po2,Po2: IN 20144184 bps / OUT 19811240 bps,0000.0c9f.f00a; 0026.9822.8bc3,"Cisco Systems, Inc; Cisco Systems, Inc",MISSING_ARP,0000.0c9f.f00a; 0026.9822.8bc3,NO,
DDC1-USON-ASW2,458,USON_ENC_CITRIX08C,,,,,2,0,TRAFFIC_DETECTED,Po2,Po2: IN 20144184 bps / OUT 19811240 bps,0000.0c9f.f00a; 0026.9822.8bc3,"Cisco Systems, Inc; Cisco Systems, Inc",MISSING_ARP,0000.0c9f.f00a; 0026.9822.8bc3,NO,
DDC1-USON-ASW2,459,USON_ENC_CITRIX08D,,,,,2,0,TRAFFIC_DETECTED,Po2,Po2: IN 22163464 bps / OUT 24275600 bps,0000.0c9f.f00a; 0026.9822.8bc3,"Cisco Systems, Inc; Cisco Systems, Inc",MISSING_ARP,0000.0c9f.f00a; 0026.9822.8bc3,NO,
DDC1-USON-ASW2,460,USON_ENC_CITRIX08E,,,,,3,0,TRAFFIC_DETECTED,Po2,Po2: IN 26152792 bps / OUT 27173184 bps,0000.0c9f.f00a; 0026.980a.c843; 0026.9822.8bc3,"Cisco Systems, Inc; Cisco Systems, Inc; Cisco Systems, Inc",MISSING_ARP,0000.0c9f.f00a; 0026.980a.c843; 0026.9822.8bc3,NO,
DDC1-USON-ASW2,461,USON_BAK,,,,,1,0,NOT_CHECKED,,,b40c.25e5.4045,Palo Alto Networks,MISSING_ARP,b40c.25e5.4045,NO,
DDC1-USON-ASW2,464,USON_ENC_CITRIX09A,,,,,2,0,TRAFFIC_DETECTED,Po2,Po2: IN 22321176 bps / OUT 28138128 bps,0000.0c9f.f00a; 0026.9822.8bc3,"Cisco Systems, Inc; Cisco Systems, Inc",MISSING_ARP,0000.0c9f.f00a; 0026.9822.8bc3,NO,
DDC1-USON-ASW2,465,USON_ENC_CITRIX09B,,,,,2,0,TRAFFIC_DETECTED,Po2,Po2: IN 20626136 bps / OUT 27340744 bps,0000.0c9f.f00a; 0026.9822.8bc3,"Cisco Systems, Inc; Cisco Systems, Inc",MISSING_ARP,0000.0c9f.f00a; 0026.9822.8bc3,NO,
DDC1-USON-ASW2,466,USON_ENC_CITRIX09C,,,,,2,0,TRAFFIC_DETECTED,Po2,Po2: IN 22641160 bps / OUT 27411560 bps,0000.0c9f.f00a; 0026.9822.8bc3,"Cisco Systems, Inc; Cisco Systems, Inc",MISSING_ARP,0000.0c9f.f00a; 0026.9822.8bc3,NO,
DDC1-USON-ASW2,467,USON_ENC_CITRIX09D,,,,,2,0,TRAFFIC_DETECTED,Po2,Po2: IN 26983024 bps / OUT 35530184 bps,0000.0c9f.f00a; 0026.9822.8bc3,"Cisco Systems, Inc; Cisco Systems, Inc",MISSING_ARP,0000.0c9f.f00a; 0026.9822.8bc3,NO,
DDC1-USON-ASW2,468,USON_ENC_CITRIX09E,,,,,2,0,TRAFFIC_DETECTED,Po2,Po2: IN 29500792 bps / OUT 37440560 bps,0000.0c9f.f00a; 0026.9822.8bc3,"Cisco Systems, Inc; Cisco Systems, Inc",MISSING_ARP,0000.0c9f.f00a; 0026.9822.8bc3,NO,
DDC1-USON-ASW2,469,DDCDIDXTST01-hmc,,,,,0,0,NOT_CHECKED,,,,,NO_MACS,,NO,VLAN
DDC1-USON-ASW2,500,USON_DataDomain_Bak,,,,,2,0,TRAFFIC_DETECTED,Po2,Po2: IN 19520248 bps / OUT 65855136 bps,0000.0c9f.f00a; 0026.9822.8bc3,"Cisco Systems, Inc; Cisco Systems, Inc",MISSING_ARP,0000.0c9f.f00a; 0026.9822.8bc3,NO,
DDC1-USON-ASW2,605,RIGHTFAX_SIP_RTR_X_CONNECT,,,,,3,0,TRAFFIC_DETECTED,Po56; Po13,Po56: IN 583120 bps / OUT 554448 bps; Po13: IN 296 bps / OUT 760 bps,0017.a477.d856; 0017.a477.d85a; 380e.4d33.0390,"Hewlett Packard; Hewlett Packard; Cisco Systems, Inc",MISSING_ARP,0017.a477.d856; 0017.a477.d85a; 380e.4d33.0390,NO,
DDC1-USON-ASW2,800,DDCDXPIDX-HMC,,,,,0,0,NOT_CHECKED,,,,,NO_MACS,,NO,VLAN
DDC1-USON-ASW2,3939,VM_non-routed-2,,,,,0,0,NOT_CHECKED,,,,,NO_MACS,,NO,VLAN
DDC1-USON-ASW2,4092,VM_non-routed,,,,,3,0,TRAFFIC_DETECTED,Po50; Eth122/1/20,Po50: IN 8701584 bps / OUT 7904088 bps; Eth122/1/20: IN 40 bps / OUT 88 bps,0017.a477.0824; 0017.a477.0826; 7010.6fef.9078,Hewlett Packard; Hewlett Packard; Hewlett Packard Enterprise,MISSING_ARP,0017.a477.0824; 0017.a477.0826; 7010.6fef.9078,YES,
DDC1-USON-ASW3,1,default,,547f.ee02.3a41,"Cisco Systems, Inc",,2,0,TRAFFIC_DETECTED,Po2,Po2: IN 189774552 bps / OUT 224383256 bps,1a2e.3af0.74dd; 4257.b8dc.d574,Locally administered/randomized MAC; Locally administered/randomized MAC,MISSING_ARP,1a2e.3af0.74dd; 4257.b8dc.d574,NO,
DDC1-USON-ASW3,110,USON_WEB1,,,,,2,0,TRAFFIC_DETECTED,Po2,Po2: IN 202661744 bps / OUT 232373592 bps,0000.0c9f.f00a; 0026.9822.8bc3,"Cisco Systems, Inc; Cisco Systems, Inc",MISSING_ARP,0000.0c9f.f00a; 0026.9822.8bc3,NO,
DDC1-USON-ASW3,111,USON_WEB2,,,,,5,0,TRAFFIC_DETECTED,Po2; Po14,Po2: IN 187065456 bps / OUT 238091464 bps; Po14: IN 41584 bps / OUT 86272 bps,0000.0c9f.f00a; 0017.a477.9430; 0017.a477.9434; 0026.980a.c843; 0026.9822.8bc3,"Cisco Systems, Inc; Hewlett Packard; Hewlett Packard; Cisco Systems, Inc; Cisco Systems, Inc",MISSING_ARP,0000.0c9f.f00a; 0017.a477.9430; 0017.a477.9434; 0026.980a.c843; 0026.9822.8bc3,NO,
DDC1-USON-ASW3,112,USON_APP1,,,,,8,0,TRAFFIC_DETECTED,Po2; Po28; Eth100/1/10,Po2: IN 178401896 bps / OUT 222869840 bps; Po28: IN 10120 bps / OUT 73432 bps; Eth100/1/10: IN 25088 bps / OUT 28264 bps,0000.0c9f.f00a; 0017.a477.103a; 0017.a477.d83a; 0017.a477.d83c; 0026.980a.c843; 0026.9822.8bc3; 7010.6fef.9070; 98f2.b3a3.8b30,"Cisco Systems, Inc; Hewlett Packard; Hewlett Packard; Hewlett Packard; Cisco Systems, Inc; Cisco Systems, Inc; Hewlett Packard Enterprise; Hewlett Packard Enterprise",MISSING_ARP,0000.0c9f.f00a; 0017.a477.103a; 0017.a477.d83a; 0017.a477.d83c; 0026.980a.c843; 0026.9822.8bc3; 7010.6fef.9070; 98f2.b3a3.8b30,NO,
DDC1-USON-ASW3,113,USON_APP2,,,,,14,0,TRAFFIC_DETECTED,Po2; Eth144/1/6; Eth144/1/10; Eth144/1/25; Eth144/1/7; Eth144/1/8; Eth144/1/5,Po2: IN 162389256 bps / OUT 194997888 bps; Eth144/1/6: IN 553064 bps / OUT 33136 bps; Eth144/1/10: IN 277376 bps / OUT 272344 bps; Eth144/1/25: IN 57553328 bps / OUT 59234088 bps; Eth144/1/7: IN 768 bps / OUT 2416 bps; Eth144/1/8: IN 2664 bps / OUT 2816 bps; Eth144/1/5: IN 36199680 bps / OUT 7728 bps,0000.0c9f.f00a; 0015.5dc8.1704; 0015.5dc8.1c1c; 0026.980a.c843; 0026.9822.8bc3; 0835.71a0.71cf; 3cec.ef7a.dd29; ac1f.6bd0.027c; d067.269c.6d7c; d067.269c.6d7f; d094.6678.4bb0; e443.4b19.29fc; e443.4b1b.c574; f848.97ce.df1e,"Cisco Systems, Inc; Microsoft Corporation; Microsoft Corporation; Cisco Systems, Inc; Cisco Systems, Inc; CASwell INC.; Super Micro Computer, Inc.; Super Micro Computer, Inc.; Hewlett Packard Enterprise; Hewlett Packard Enterprise; Dell Inc.; Dell Inc.; Dell Inc.; Hitachi, Ltd.",MISSING_ARP,0000.0c9f.f00a; 0015.5dc8.1704; 0015.5dc8.1c1c; 0026.980a.c843; 0026.9822.8bc3; 0835.71a0.71cf; 3cec.ef7a.dd29; ac1f.6bd0.027c; d067.269c.6d7c; d067.269c.6d7f; d094.6678.4bb0; e443.4b19.29fc; e443.4b1b.c574; f848.97ce.df1e,NO,
DDC1-USON-ASW3,114,USON_DATA1,,,,,6,0,TRAFFIC_DETECTED,Po2; Eth144/1/24; Eth1/5; Eth1/6,Po2: IN 169031592 bps / OUT 215534800 bps; Eth144/1/24: IN 672 bps / OUT 888 bps; Eth1/5: IN 3307048 bps / OUT 1039448 bps; Eth1/6: IN 144 bps / OUT 1760 bps,0000.0c9f.f00a; 0023.e942.5fc4; 0026.980a.c843; 0026.9822.8bc3; 00a0.98cf.6f6b; 00a0.98ec.4ecc,"Cisco Systems, Inc; F5 Inc.; Cisco Systems, Inc; Cisco Systems, Inc; NetApp; NetApp",MISSING_ARP,0000.0c9f.f00a; 0023.e942.5fc4; 0026.980a.c843; 0026.9822.8bc3; 00a0.98cf.6f6b; 00a0.98ec.4ecc,NO,
DDC1-USON-ASW3,115,USON_DATA2,,,,,5,0,TRAFFIC_DETECTED,Po2; Po26,Po2: IN 140348864 bps / OUT 237612552 bps; Po26: IN 128 bps / OUT 200 bps,0000.0c9f.f00a; 001e.67c8.22c6; 001e.67f1.81e9; 0026.980a.c843; 0026.9822.8bc3,"Cisco Systems, Inc; Intel Corporate; Intel Corporate; Cisco Systems, Inc; Cisco Systems, Inc",MISSING_ARP,0000.0c9f.f00a; 001e.67c8.22c6; 001e.67f1.81e9; 0026.980a.c843; 0026.9822.8bc3,NO,
DDC1-USON-ASW3,116,USON_VSERVER1,,,,,2,0,TRAFFIC_DETECTED,Po2,Po2: IN 140348864 bps / OUT 237612552 bps,0000.0c9f.f00a; 0026.9822.8bc3,"Cisco Systems, Inc; Cisco Systems, Inc",MISSING_ARP,0000.0c9f.f00a; 0026.9822.8bc3,NO,
DDC1-USON-ASW3,117,USON_VSERVER2,,,,,3,0,TRAFFIC_DETECTED,Po2,Po2: IN 132272008 bps / OUT 201530120 bps,0000.0c9f.f00a; 0026.980a.c843; 0026.9822.8bc3,"Cisco Systems, Inc; Cisco Systems, Inc; Cisco Systems, Inc",MISSING_ARP,0000.0c9f.f00a; 0026.980a.c843; 0026.9822.8bc3,NO,
DDC1-USON-ASW3,118,USON_VMMGT,,,,,7,0,TRAFFIC_DETECTED,Po2; Po29; Po16,Po2: IN 112377456 bps / OUT 196477336 bps; Po29: IN 157162592 bps / OUT 64702200 bps; Po16: IN 347400 bps / OUT 106128 bps,0000.0c9f.f00a; 0017.a477.1c38; 0017.a477.1c98; 0017.a477.e41c; 0017.a477.e460; 0026.980a.c843; 0026.9822.8bc3,"Cisco Systems, Inc; Hewlett Packard; Hewlett Packard; Hewlett Packard; Hewlett Packard; Cisco Systems, Inc; Cisco Systems, Inc",MISSING_ARP,0000.0c9f.f00a; 0017.a477.1c38; 0017.a477.1c98; 0017.a477.e41c; 0017.a477.e460; 0026.980a.c843; 0026.9822.8bc3,NO,
DDC1-USON-ASW3,119,USON_VMHB,,,,,2,0,TRAFFIC_DETECTED,Po2,Po2: IN 104427264 bps / OUT 197074736 bps,0000.0c9f.f00a; 0026.9822.8bc3,"Cisco Systems, Inc; Cisco Systems, Inc",MISSING_ARP,0000.0c9f.f00a; 0026.9822.8bc3,NO,
DDC1-USON-ASW3,120,USON_IKM,,,,,5,0,TRAFFIC_DETECTED,Po2; Po28; Po29,Po2: IN 110089296 bps / OUT 187930312 bps; Po28: IN 43936 bps / OUT 73016 bps; Po29: IN 131528104 bps / OUT 35258424 bps,0000.0c9f.f00a; 0017.a477.1024; 0026.980a.c843; 0026.9822.8bc3; 0050.569f.bbc9,"Cisco Systems, Inc; Hewlett Packard; Cisco Systems, Inc; Cisco Systems, Inc; VMware, Inc.",MISSING_ARP,0000.0c9f.f00a; 0017.a477.1024; 0026.980a.c843; 0026.9822.8bc3; 0050.569f.bbc9,NO,
DDC1-USON-ASW3,121,VM_MGMT,,,,,4,0,TRAFFIC_DETECTED,Po2; Po29,Po2: IN 101414192 bps / OUT 174298368 bps; Po29: IN 137989896 bps / OUT 35415560 bps,0000.0c9f.f00a; 000c.2956.5bf4; 0026.980a.c843; 0026.9822.8bc3,"Cisco Systems, Inc; VMware, Inc.; Cisco Systems, Inc; Cisco Systems, Inc",MISSING_ARP,0000.0c9f.f00a; 000c.2956.5bf4; 0026.980a.c843; 0026.9822.8bc3,NO,
DDC1-USON-ASW3,122,VM_VMOTION,,,,,4,0,TRAFFIC_DETECTED,Po2; Po29,Po2: IN 89419440 bps / OUT 180386240 bps; Po29: IN 136694288 bps / OUT 34843896 bps,0000.0c9f.f00a; 0026.980a.c843; 0026.9822.8bc3; 0050.569f.713c,"Cisco Systems, Inc; Cisco Systems, Inc; Cisco Systems, Inc; VMware, Inc.",MISSING_ARP,0000.0c9f.f00a; 0026.980a.c843; 0026.9822.8bc3; 0050.569f.713c,NO,
DDC1-USON-ASW3,123,USON_ILO_1,,,,,12,0,TRAFFIC_DETECTED,Po2,Po2: IN 90490376 bps / OUT 177713704 bps,0000.0c9f.f00a; 0026.9822.8bc3; 02c4.7ab3.702e; 14a9.d006.c702; 2c27.d716.4564; 2c27.d716.45f6; 3c4a.926c.a4f4; 4a8e.875a.2e36; 7267.f0c6.1fc2; b499.baa7.5f86; b499.baa7.6008; b499.baa7.6238,"Cisco Systems, Inc; Cisco Systems, Inc; Locally administered/randomized MAC; F5 Inc.; Hewlett Packard; Hewlett Packard; Hewlett Packard; Locally administered/randomized MAC; Locally administered/randomized MAC; Hewlett Packard; Hewlett Packard; Hewlett Packard",MISSING_ARP,0000.0c9f.f00a; 0026.9822.8bc3; 02c4.7ab3.702e; 14a9.d006.c702; 2c27.d716.4564; 2c27.d716.45f6; 3c4a.926c.a4f4; 4a8e.875a.2e36; 7267.f0c6.1fc2; b499.baa7.5f86; b499.baa7.6008; b499.baa7.6238,NO,
DDC1-USON-ASW3,124,USON_JCAP_1,,,,,0,0,NOT_CHECKED,,,,,NO_MACS,,NO,VLAN
DDC1-USON-ASW3,125,USON_JCAP_2,,,,,0,0,NOT_CHECKED,,,,,NO_MACS,,NO,VLAN
DDC1-USON-ASW3,126,USO_CITRIX3,,,,,3,0,TRAFFIC_DETECTED,Po2,Po2: IN 86937176 bps / OUT 163455864 bps,0000.0c9f.f00a; 0026.980a.c843; 0026.9822.8bc3,"Cisco Systems, Inc; Cisco Systems, Inc; Cisco Systems, Inc",MISSING_ARP,0000.0c9f.f00a; 0026.980a.c843; 0026.9822.8bc3,NO,
DDC1-USON-ASW3,127,USON_CITRIX4,,,,,3,0,TRAFFIC_DETECTED,Po2,Po2: IN 80406016 bps / OUT 171800936 bps,0000.0c9f.f00a; 0026.980a.c843; 0026.9822.8bc3,"Cisco Systems, Inc; Cisco Systems, Inc; Cisco Systems, Inc",MISSING_ARP,0000.0c9f.f00a; 0026.980a.c843; 0026.9822.8bc3,NO,
DDC1-USON-ASW3,128,USON_MGMNT,,,,,17,0,TRAFFIC_DETECTED,Po2; Eth142/1/2; Eth146/1/37; Eth144/1/9,Po2: IN 73279640 bps / OUT 169664568 bps; Eth142/1/2: IN 672 bps / OUT 2608 bps; Eth146/1/37: IN 1368 bps / OUT 2784 bps; Eth144/1/9: IN 4920 bps / OUT 3784 bps,0000.0c9f.f00a; 001b.9700.4f0d; 0021.5a04.cabe; 0021.5a04.cad2; 0026.980a.c843; 0026.9822.8bc3; 0090.fb51.a3b4; 00e0.2719.a06e; 1c98.ec1e.5a5b; 2c27.d716.a84e; 2c27.d716.b802; 30e1.7164.5791; 9418.8246.4ee0; d485.64c7.6e52; e839.35ec.2012; f4ce.46ae.1b87; fc15.b48d.43e2,"Cisco Systems, Inc; Violin Technologies; Hewlett Packard; Hewlett Packard; Cisco Systems, Inc; Cisco Systems, Inc; PORTWELL, INC.; DUX, INC.; Hewlett Packard Enterprise; Hewlett Packard; Hewlett Packard; Hewlett Packard; Hewlett Packard Enterprise; Hewlett Packard; Hewlett Packard; Hewlett Packard; Hewlett Packard",MISSING_ARP,0000.0c9f.f00a; 001b.9700.4f0d; 0021.5a04.cabe; 0021.5a04.cad2; 0026.980a.c843; 0026.9822.8bc3; 0090.fb51.a3b4; 00e0.2719.a06e; 1c98.ec1e.5a5b; 2c27.d716.a84e; 2c27.d716.b802; 30e1.7164.5791; 9418.8246.4ee0; d485.64c7.6e52; e839.35ec.2012; f4ce.46ae.1b87; fc15.b48d.43e2,NO,
DDC1-USON-ASW3,129,USON_AD_PRI,,,,,13,0,TRAFFIC_DETECTED,Po2; Po29,Po2: IN 82041312 bps / OUT 167580536 bps; Po29: IN 133692960 bps / OUT 34670240 bps,0000.0c9f.f00a; 000c.29eb.abe4; 0017.a477.081c; 0017.a477.0820; 0017.a477.084c; 0017.a477.8070; 0017.a477.c024; 0017.a477.c026; 0017.a477.c032; 0017.a477.d80a; 0026.980a.c843; 0026.9822.8bc3; 0050.569f.1855,"Cisco Systems, Inc; VMware, Inc.; Hewlett Packard; Hewlett Packard; Hewlett Packard; Hewlett Packard; Hewlett Packard; Hewlett Packard; Hewlett Packard; Hewlett Packard; Cisco Systems, Inc; Cisco Systems, Inc; VMware, Inc.",MISSING_ARP,0000.0c9f.f00a; 000c.29eb.abe4; 0017.a477.081c; 0017.a477.0820; 0017.a477.084c; 0017.a477.8070; 0017.a477.c024; 0017.a477.c026; 0017.a477.c032; 0017.a477.d80a; 0026.980a.c843; 0026.9822.8bc3; 0050.569f.1855,NO,
DDC1-USON-ASW3,130,USON_AD_SEC,,,,,2,0,TRAFFIC_DETECTED,Po2,Po2: IN 69951712 bps / OUT 162028744 bps,0000.0c9f.f00a; 0026.9822.8bc3,"Cisco Systems, Inc; Cisco Systems, Inc",MISSING_ARP,0000.0c9f.f00a; 0026.9822.8bc3,NO,
DDC1-USON-ASW3,135,USON_EXCHANGE_PRI,,,,,5,0,TRAFFIC_DETECTED,Po2,Po2: IN 61175816 bps / OUT 163689664 bps,0000.0c9f.f00a; 0017.a477.8010; 0017.a477.8018; 0026.980a.c843; 0026.9822.8bc3,"Cisco Systems, Inc; Hewlett Packard; Hewlett Packard; Cisco Systems, Inc; Cisco Systems, Inc",MISSING_ARP,0000.0c9f.f00a; 0017.a477.8010; 0017.a477.8018; 0026.980a.c843; 0026.9822.8bc3,NO,
DDC1-USON-ASW3,136,USON_EXCHANGE_SEC,,,,,2,0,TRAFFIC_DETECTED,Po2,Po2: IN 60903952 bps / OUT 165610928 bps,0000.0c9f.f00a; 0026.9822.8bc3,"Cisco Systems, Inc; Cisco Systems, Inc",MISSING_ARP,0000.0c9f.f00a; 0026.9822.8bc3,NO,
DDC1-USON-ASW3,137,USON_CITRIX_PRI,,,,,2,0,TRAFFIC_DETECTED,Po2,Po2: IN 61010216 bps / OUT 162812960 bps,0000.0c9f.f00a; 0026.9822.8bc3,"Cisco Systems, Inc; Cisco Systems, Inc",MISSING_ARP,0000.0c9f.f00a; 0026.9822.8bc3,NO,
DDC1-USON-ASW3,138,USON_CITRIX_SEC,,,,,2,0,TRAFFIC_DETECTED,Po2,Po2: IN 63822808 bps / OUT 154954848 bps,0000.0c9f.f00a; 0026.9822.8bc3,"Cisco Systems, Inc; Cisco Systems, Inc",MISSING_ARP,0000.0c9f.f00a; 0026.9822.8bc3,NO,
DDC1-USON-ASW3,139,USON_MELIO,,,,,2,0,TRAFFIC_DETECTED,Po2,Po2: IN 49557136 bps / OUT 146747272 bps,0000.0c9f.f00a; 0026.9822.8bc3,"Cisco Systems, Inc; Cisco Systems, Inc",MISSING_ARP,0000.0c9f.f00a; 0026.9822.8bc3,NO,
DDC1-USON-ASW3,140,USON_CITRIX_PVS1,,,,,2,0,TRAFFIC_DETECTED,Po2,Po2: IN 49557136 bps / OUT 146747272 bps,0000.0c9f.f00a; 0026.9822.8bc3,"Cisco Systems, Inc; Cisco Systems, Inc",MISSING_ARP,0000.0c9f.f00a; 0026.9822.8bc3,NO,
DDC1-USON-ASW3,141,USON_CITRIX_PVS2,,,,,2,0,TRAFFIC_DETECTED,Po2,Po2: IN 60527872 bps / OUT 141567080 bps,0000.0c9f.f00a; 0026.9822.8bc3,"Cisco Systems, Inc; Cisco Systems, Inc",MISSING_ARP,0000.0c9f.f00a; 0026.9822.8bc3,NO,
DDC1-USON-ASW3,142,USON_ILO_2,,,,,23,0,TRAFFIC_DETECTED,Po2; Eth140/1/12; Eth142/1/47; Eth142/1/48; Eth140/1/28,Po2: IN 52262040 bps / OUT 139989480 bps; Eth140/1/12: IN 11560 bps / OUT 4672 bps; Eth142/1/47: IN 58032 bps / OUT 37880 bps; Eth142/1/48: IN 37728 bps / OUT 60288 bps; Eth140/1/28: IN 968 bps / OUT 2440 bps,0000.0c9f.f00a; 0026.980a.c843; 0026.9822.8bc3; 101f.7478.1596; 101f.7478.55da; 101f.7478.7534; 2c27.d716.28bc; 2c27.d716.8850; 2c27.d716.9522; 984b.e161.99b1; 984b.e172.acb7; 9c8e.992a.094d; 9c8e.992a.fe41; a45d.36fe.947f; b499.ba28.3a85; b499.ba28.3b83; b499.ba28.5c0a; b499.ba28.5c0b; b499.ba28.7ae1; b499.ba28.ad45; f4ce.46ae.2945; f4ce.46ae.acb1; fc15.b413.c072,"Cisco Systems, Inc; Cisco Systems, Inc; Cisco Systems, Inc; Hewlett Packard; Hewlett Packard; Hewlett Packard; Hewlett Packard; Hewlett Packard; Hewlett Packard; Hewlett Packard; Hewlett Packard; Hewlett Packard; Hewlett Packard; Hewlett Packard; Hewlett Packard; Hewlett Packard; Hewlett Packard; Hewlett Packard; Hewlett Packard; Hewlett Packard; Hewlett Packard; Hewlett Packard; Hewlett Packard",MISSING_ARP,0000.0c9f.f00a; 0026.980a.c843; 0026.9822.8bc3; 101f.7478.1596; 101f.7478.55da; 101f.7478.7534; 2c27.d716.28bc; 2c27.d716.8850; 2c27.d716.9522; 984b.e161.99b1; 984b.e172.acb7; 9c8e.992a.094d; 9c8e.992a.fe41; a45d.36fe.947f; b499.ba28.3a85; b499.ba28.3b83; b499.ba28.5c0a; b499.ba28.5c0b; b499.ba28.7ae1; b499.ba28.ad45; f4ce.46ae.2945; f4ce.46ae.acb1; fc15.b413.c072,NO,
DDC1-USON-ASW3,143,USON_ILO_3,,,,,19,0,TRAFFIC_DETECTED,Po2; Eth142/1/43; Eth142/1/46; Eth142/1/45,Po2: IN 48435416 bps / OUT 132821520 bps; Eth142/1/43: IN 7344 bps / OUT 2592 bps; Eth142/1/46: IN 1560 bps / OUT 3432 bps; Eth142/1/45: IN 2704 bps / OUT 2480 bps,0000.0c9f.f00a; 0026.980a.c843; 0026.9822.8bc3; 101f.7478.2570; 18a9.0571.620f; 2c27.d716.0812; 2c27.d716.0822; 2c27.d716.9504; 2c27.d716.9540; 2c27.d716.b8c4; 2c27.d716.b8c8; 3cd9.2bfb.0f2f; 3cd9.2bfb.9f71; 984b.e172.1d5b; 984b.e179.848d; 9c8e.9917.3a3e; 9c8e.992a.092f; 9c8e.992a.5823; f4ce.46ae.b909,"Cisco Systems, Inc; Cisco Systems, Inc; Cisco Systems, Inc; Hewlett Packard; Hewlett Packard; Hewlett Packard; Hewlett Packard; Hewlett Packard; Hewlett Packard; Hewlett Packard; Hewlett Packard; Hewlett Packard; Hewlett Packard; Hewlett Packard; Hewlett Packard; Hewlett Packard; Hewlett Packard; Hewlett Packard; Hewlett Packard",MISSING_ARP,0000.0c9f.f00a; 0026.980a.c843; 0026.9822.8bc3; 101f.7478.2570; 18a9.0571.620f; 2c27.d716.0812; 2c27.d716.0822; 2c27.d716.9504; 2c27.d716.9540; 2c27.d716.b8c4; 2c27.d716.b8c8; 3cd9.2bfb.0f2f; 3cd9.2bfb.9f71; 984b.e172.1d5b; 984b.e179.848d; 9c8e.9917.3a3e; 9c8e.992a.092f; 9c8e.992a.5823; f4ce.46ae.b909,NO,
DDC1-USON-ASW3,144,USON_SQL,,,,,2,0,TRAFFIC_DETECTED,Po2,Po2: IN 47504752 bps / OUT 137828168 bps,0000.0c9f.f00a; 0026.9822.8bc3,"Cisco Systems, Inc; Cisco Systems, Inc",MISSING_ARP,0000.0c9f.f00a; 0026.9822.8bc3,NO,
DDC1-USON-ASW3,301,USON_DMZ_TMP1,,,,,0,0,NOT_CHECKED,,,,,NO_MACS,,YES,VLAN
DDC1-USON-ASW3,302,USON_DMZ_TMP2,,,,,0,0,NOT_CHECKED,,,,,NO_MACS,,YES,VLAN
DDC1-USON-ASW3,400,USON_ENC_CITRIX01A,,,,,16,0,TRAFFIC_DETECTED,Po2; Eth140/1/34; Eth140/1/35,Po2: IN 51426888 bps / OUT 142309312 bps; Eth140/1/34: IN 480 bps / OUT 1496 bps; Eth140/1/35: IN 0 bps / OUT 1120 bps,0000.0c9f.f00a; 0026.980a.c843; 0026.9822.8bc3; 18a9.0570.ef4d; 18a9.0571.c239; 1cc1.de7b.1d1b; 3863.bb31.69db; 3863.bb31.7905; 5065.f3fb.8dd0; 7010.6fbc.9dd8; 7446.a071.2d04; 78e3.b50b.d3f5; 78e3.b50e.4449; b499.ba28.3a84; d8d3.8569.ba96; f4ce.46ba.8599,"Cisco Systems, Inc; Cisco Systems, Inc; Cisco Systems, Inc; Hewlett Packard; Hewlett Packard; Hewlett Packard; Hewlett Packard; Hewlett Packard; Hewlett Packard; Hewlett Packard Enterprise; Hewlett Packard; Hewlett Packard; Hewlett Packard; Hewlett Packard; Hewlett Packard; Hewlett Packard",MISSING_ARP,0000.0c9f.f00a; 0026.980a.c843; 0026.9822.8bc3; 18a9.0570.ef4d; 18a9.0571.c239; 1cc1.de7b.1d1b; 3863.bb31.69db; 3863.bb31.7905; 5065.f3fb.8dd0; 7010.6fbc.9dd8; 7446.a071.2d04; 78e3.b50b.d3f5; 78e3.b50e.4449; b499.ba28.3a84; d8d3.8569.ba96; f4ce.46ba.8599,NO,
DDC1-USON-ASW3,401,USON_ENC_CITRIX01B,,,,,19,0,TRAFFIC_DETECTED,Po2; Eth146/1/44,Po2: IN 59230664 bps / OUT 151222264 bps; Eth146/1/44: IN 1568 bps / OUT 984 bps,0000.0c9f.f00a; 0026.980a.c843; 0026.9822.8bc3; 18a9.05ea.9384; 1c98.ec1e.ca59; 1c98.ec1f.72b4; 2c27.d716.9592; 3863.bb2d.1071; 7010.6fb2.777a; 7010.6fb2.77f8; 7010.6fbc.99d0; 7010.6fbc.9db2; 7010.6fbc.9dd2; 7010.6fc0.22f2; 7446.a071.2d58; 7446.a071.2d6b; 984b.e110.3674; 984b.e110.4628; d485.6462.27a7,"Cisco Systems, Inc; Cisco Systems, Inc; Cisco Systems, Inc; Hewlett Packard; Hewlett Packard Enterprise; Hewlett Packard Enterprise; Hewlett Packard; Hewlett Packard; Hewlett Packard Enterprise; Hewlett Packard Enterprise; Hewlett Packard Enterprise; Hewlett Packard Enterprise; Hewlett Packard Enterprise; Hewlett Packard Enterprise; Hewlett Packard; Hewlett Packard; Hewlett Packard; Hewlett Packard; Hewlett Packard",MISSING_ARP,0000.0c9f.f00a; 0026.980a.c843; 0026.9822.8bc3; 18a9.05ea.9384; 1c98.ec1e.ca59; 1c98.ec1f.72b4; 2c27.d716.9592; 3863.bb2d.1071; 7010.6fb2.777a; 7010.6fb2.77f8; 7010.6fbc.99d0; 7010.6fbc.9db2; 7010.6fbc.9dd2; 7010.6fc0.22f2; 7446.a071.2d58; 7446.a071.2d6b; 984b.e110.3674; 984b.e110.4628; d485.6462.27a7,NO,
DDC1-USON-ASW3,402,USON_ENC_CITRIX01C,,,,,2,0,TRAFFIC_DETECTED,Po2,Po2: IN 57909312 bps / OUT 153506072 bps,0000.0c9f.f00a; 0026.9822.8bc3,"Cisco Systems, Inc; Cisco Systems, Inc",MISSING_ARP,0000.0c9f.f00a; 0026.9822.8bc3,NO,
DDC1-USON-ASW3,403,USON_ENC_CITRIX01D,,,,,4,0,TRAFFIC_DETECTED,Po2; Eth146/1/31,Po2: IN 57424376 bps / OUT 153769504 bps; Eth146/1/31: IN 32 bps / OUT 1144 bps,0000.0c9f.f00a; 001b.9700.5259; 0026.980a.c843; 0026.9822.8bc3,"Cisco Systems, Inc; Violin Technologies; Cisco Systems, Inc; Cisco Systems, Inc",MISSING_ARP,0000.0c9f.f00a; 001b.9700.5259; 0026.980a.c843; 0026.9822.8bc3,NO,
DDC1-USON-ASW3,404,USON_ENC_CITRIX01E,,,,,2,0,TRAFFIC_DETECTED,Po2,Po2: IN 58644480 bps / OUT 155864336 bps,0000.0c9f.f00a; 0026.9822.8bc3,"Cisco Systems, Inc; Cisco Systems, Inc",MISSING_ARP,0000.0c9f.f00a; 0026.9822.8bc3,NO,
DDC1-USON-ASW3,408,USON_ENC_CITRIX02A,,,,,2,0,TRAFFIC_DETECTED,Po2,Po2: IN 55344984 bps / OUT 163311472 bps,0000.0c9f.f00a; 0026.9822.8bc3,"Cisco Systems, Inc; Cisco Systems, Inc",MISSING_ARP,0000.0c9f.f00a; 0026.9822.8bc3,NO,
DDC1-USON-ASW3,409,USON_ENC_CITRIX02B,,,,,2,0,TRAFFIC_DETECTED,Po2,Po2: IN 55344984 bps / OUT 163311472 bps,0000.0c9f.f00a; 0026.9822.8bc3,"Cisco Systems, Inc; Cisco Systems, Inc",MISSING_ARP,0000.0c9f.f00a; 0026.9822.8bc3,NO,
DDC1-USON-ASW3,410,USON_ENC_CITRIX02C,,,,,2,0,TRAFFIC_DETECTED,Po2,Po2: IN 66752256 bps / OUT 162127936 bps,0000.0c9f.f00a; 0026.9822.8bc3,"Cisco Systems, Inc; Cisco Systems, Inc",MISSING_ARP,0000.0c9f.f00a; 0026.9822.8bc3,NO,
DDC1-USON-ASW3,411,USON_ENC_CITRIX02D,,,,,41,0,TRAFFIC_DETECTED,Po2; Eth146/1/42; Eth146/1/41; Eth146/1/43; Eth146/1/40,Po2: IN 83599744 bps / OUT 177663800 bps; Eth146/1/42: IN 47376 bps / OUT 12008 bps; Eth146/1/41: IN 1264 bps / OUT 2624 bps; Eth146/1/43: IN 26480 bps / OUT 51120 bps; Eth146/1/40: IN 1264 bps / OUT 2736 bps,0000.0c9f.f00a; 0021.5a05.8705; 0021.5a05.874b; 0021.5a05.a7a5; 0021.5a05.a7c2; 0021.5a05.b60f; 0021.5a05.b651; 0021.5a05.b65e; 0021.5a05.e7f7; 0021.5a05.f701; 0021.5a05.f70b; 0021.5a05.f78b; 0026.980a.c843; 0026.9822.8bc3; 00fd.45d3.4fc0; 00fd.45d3.7f9c; 00fd.45d3.7fb4; 00fd.45d3.7fcc; 1c98.ec1e.cbd8; 2c27.d716.45fa; 3863.bb31.a701; 3863.bb31.b7fa; 80c1.6e72.b365; 9418.8272.0ccf; 9418.8272.2e11; 9418.8272.3b67; 9418.8272.5edb; 9418.8272.8b3d; 9418.8272.8f57; 9418.8272.8f69; 9418.8272.9f15; 9418.8272.be1d; 9418.8272.ca33; 94f1.2840.3a3c; 94f1.2840.5aa8; 98f2.b3e6.efc6; 98f2.b3e9.abce; 98f2.b3e9.ac50; 98f2.b3e9.c868; 98f2.b3e9.d2d6; b499.ba28.ea03,"Cisco Systems, Inc; Hewlett Packard; Hewlett Packard; Hewlett Packard; Hewlett Packard; Hewlett Packard; Hewlett Packard; Hewlett Packard; Hewlett Packard; Hewlett Packard; Hewlett Packard; Hewlett Packard; Cisco Systems, Inc; Cisco Systems, Inc; Hewlett Packard Enterprise; Hewlett Packard Enterprise; Hewlett Packard Enterprise; Hewlett Packard Enterprise; Hewlett Packard Enterprise; Hewlett Packard; Hewlett Packard; Hewlett Packard; Hewlett Packard; Hewlett Packard Enterprise; Hewlett Packard Enterprise; Hewlett Packard Enterprise; Hewlett Packard Enterprise; Hewlett Packard Enterprise; Hewlett Packard Enterprise; Hewlett Packard Enterprise; Hewlett Packard Enterprise; Hewlett Packard Enterprise; Hewlett Packard Enterprise; Hewlett Packard Enterprise; Hewlett Packard Enterprise; Hewlett Packard Enterprise; Hewlett Packard Enterprise; Hewlett Packard Enterprise; Hewlett Packard Enterprise; Hewlett Packard Enterprise; Hewlett Packard",MISSING_ARP,0000.0c9f.f00a; 0021.5a05.8705; 0021.5a05.874b; 0021.5a05.a7a5; 0021.5a05.a7c2; 0021.5a05.b60f; 0021.5a05.b651; 0021.5a05.b65e; 0021.5a05.e7f7; 0021.5a05.f701; 0021.5a05.f70b; 0021.5a05.f78b; 0026.980a.c843; 0026.9822.8bc3; 00fd.45d3.4fc0; 00fd.45d3.7f9c; 00fd.45d3.7fb4; 00fd.45d3.7fcc; 1c98.ec1e.cbd8; 2c27.d716.45fa; 3863.bb31.a701; 3863.bb31.b7fa; 80c1.6e72.b365; 9418.8272.0ccf; 9418.8272.2e11; 9418.8272.3b67; 9418.8272.5edb; 9418.8272.8b3d; 9418.8272.8f57; 9418.8272.8f69; 9418.8272.9f15; 9418.8272.be1d; 9418.8272.ca33; 94f1.2840.3a3c; 94f1.2840.5aa8; 98f2.b3e6.efc6; 98f2.b3e9.abce; 98f2.b3e9.ac50; 98f2.b3e9.c868; 98f2.b3e9.d2d6; b499.ba28.ea03,NO,
DDC1-USON-ASW3,412,USON_ENC_CITRIX02E,,,,,2,0,TRAFFIC_DETECTED,Po2,Po2: IN 139078176 bps / OUT 241664400 bps,0000.0c9f.f00a; 0026.9822.8bc3,"Cisco Systems, Inc; Cisco Systems, Inc",MISSING_ARP,0000.0c9f.f00a; 0026.9822.8bc3,NO,
DDC1-USON-ASW3,416,USON_ENC_CITRIX03A,,,,,2,0,TRAFFIC_DETECTED,Po2,Po2: IN 139078176 bps / OUT 241664400 bps,0000.0c9f.f00a; 0026.9822.8bc3,"Cisco Systems, Inc; Cisco Systems, Inc",MISSING_ARP,0000.0c9f.f00a; 0026.9822.8bc3,NO,
DDC1-USON-ASW3,417,USON_ENC_CITRIX03B,,,,,2,0,TRAFFIC_DETECTED,Po2,Po2: IN 116833488 bps / OUT 226926544 bps,0000.0c9f.f00a; 0026.9822.8bc3,"Cisco Systems, Inc; Cisco Systems, Inc",MISSING_ARP,0000.0c9f.f00a; 0026.9822.8bc3,NO,
DDC1-USON-ASW3,418,USON_ENC_CITRIX03C,,,,,3,0,TRAFFIC_DETECTED,Po2,Po2: IN 112857440 bps / OUT 199503248 bps,0000.0c9f.f00a; 0026.980a.c843; 0026.9822.8bc3,"Cisco Systems, Inc; Cisco Systems, Inc; Cisco Systems, Inc",MISSING_ARP,0000.0c9f.f00a; 0026.980a.c843; 0026.9822.8bc3,NO,
DDC1-USON-ASW3,419,USON_ENC_CITRIX03D,,,,,4,0,TRAFFIC_DETECTED,Po2; Eth101/1/18,Po2: IN 109906968 bps / OUT 206473920 bps; Eth101/1/18: IN 1352 bps / OUT 952 bps,0000.0c9f.f00a; 0026.980a.c843; 0026.9822.8bc3; 308d.9930.6f29,"Cisco Systems, Inc; Cisco Systems, Inc; Cisco Systems, Inc; Hewlett Packard",MISSING_ARP,0000.0c9f.f00a; 0026.980a.c843; 0026.9822.8bc3; 308d.9930.6f29,NO,
DDC1-USON-ASW3,420,USON_ENC_CITRIX03E,,,,,2,0,TRAFFIC_DETECTED,Po2,Po2: IN 106048920 bps / OUT 204810072 bps,0000.0c9f.f00a; 0026.9822.8bc3,"Cisco Systems, Inc; Cisco Systems, Inc",MISSING_ARP,0000.0c9f.f00a; 0026.9822.8bc3,NO,
DDC1-USON-ASW3,424,USON_ENC_CITRIX04A,,,,,2,0,TRAFFIC_DETECTED,Po2,Po2: IN 78480520 bps / OUT 198293768 bps,0000.0c9f.f00a; 0026.9822.8bc3,"Cisco Systems, Inc; Cisco Systems, Inc",MISSING_ARP,0000.0c9f.f00a; 0026.9822.8bc3,NO,
DDC1-USON-ASW3,425,USON_ENC_CITRIX04B,,,,,2,0,TRAFFIC_DETECTED,Po2,Po2: IN 62316704 bps / OUT 176871872 bps,0000.0c9f.f00a; 0026.9822.8bc3,"Cisco Systems, Inc; Cisco Systems, Inc",MISSING_ARP,0000.0c9f.f00a; 0026.9822.8bc3,NO,
DDC1-USON-ASW3,426,USON_ENC_CITRIX04C,,,,,2,0,TRAFFIC_DETECTED,Po2,Po2: IN 67165144 bps / OUT 167346344 bps,0000.0c9f.f00a; 0026.9822.8bc3,"Cisco Systems, Inc; Cisco Systems, Inc",MISSING_ARP,0000.0c9f.f00a; 0026.9822.8bc3,NO,
DDC1-USON-ASW3,427,USON_ENC_CITRIX04D,,,,,2,0,TRAFFIC_DETECTED,Po2,Po2: IN 67165144 bps / OUT 167346344 bps,0000.0c9f.f00a; 0026.9822.8bc3,"Cisco Systems, Inc; Cisco Systems, Inc",MISSING_ARP,0000.0c9f.f00a; 0026.9822.8bc3,NO,
DDC1-USON-ASW3,428,USON_ENC_CITRIX04E,,,,,2,0,TRAFFIC_DETECTED,Po2,Po2: IN 57542312 bps / OUT 170269496 bps,0000.0c9f.f00a; 0026.9822.8bc3,"Cisco Systems, Inc; Cisco Systems, Inc",MISSING_ARP,0000.0c9f.f00a; 0026.9822.8bc3,NO,
DDC1-USON-ASW3,432,USON_ENC_CITRIX05A,,,,,2,0,TRAFFIC_DETECTED,Po2,Po2: IN 47508312 bps / OUT 174068568 bps,0000.0c9f.f00a; 0026.9822.8bc3,"Cisco Systems, Inc; Cisco Systems, Inc",MISSING_ARP,0000.0c9f.f00a; 0026.9822.8bc3,NO,
DDC1-USON-ASW3,433,USON_ENC_CITRIX05B,,,,,2,0,TRAFFIC_DETECTED,Po2,Po2: IN 55815472 bps / OUT 169434944 bps,0000.0c9f.f00a; 0026.9822.8bc3,"Cisco Systems, Inc; Cisco Systems, Inc",MISSING_ARP,0000.0c9f.f00a; 0026.9822.8bc3,NO,
DDC1-USON-ASW3,434,USON_ENC_CITRIX05C,,,,,2,0,TRAFFIC_DETECTED,Po2,Po2: IN 57424632 bps / OUT 158512536 bps,0000.0c9f.f00a; 0026.9822.8bc3,"Cisco Systems, Inc; Cisco Systems, Inc",MISSING_ARP,0000.0c9f.f00a; 0026.9822.8bc3,NO,
DDC1-USON-ASW3,435,USON_ENC_CITRIX05D,,,,,2,0,TRAFFIC_DETECTED,Po2,Po2: IN 57424632 bps / OUT 158512536 bps,0000.0c9f.f00a; 0026.9822.8bc3,"Cisco Systems, Inc; Cisco Systems, Inc",MISSING_ARP,0000.0c9f.f00a; 0026.9822.8bc3,NO,
DDC1-USON-ASW3,436,USON_ENC_CITRIX05E,,,,,2,0,TRAFFIC_DETECTED,Po2,Po2: IN 51694544 bps / OUT 152692376 bps,0000.0c9f.f00a; 0026.9822.8bc3,"Cisco Systems, Inc; Cisco Systems, Inc",MISSING_ARP,0000.0c9f.f00a; 0026.9822.8bc3,NO,
DDC1-USON-ASW3,440,USON_ENC_CITRIX06A,,,,,2,0,TRAFFIC_DETECTED,Po2,Po2: IN 49115512 bps / OUT 152872472 bps,0000.0c9f.f00a; 0026.9822.8bc3,"Cisco Systems, Inc; Cisco Systems, Inc",MISSING_ARP,0000.0c9f.f00a; 0026.9822.8bc3,NO,
DDC1-USON-ASW3,441,USON_ENC_CITRIX06B,,,,,3,0,TRAFFIC_DETECTED,Po2,Po2: IN 52964592 bps / OUT 149755496 bps,0000.0c9f.f00a; 0026.980a.c843; 0026.9822.8bc3,"Cisco Systems, Inc; Cisco Systems, Inc; Cisco Systems, Inc",MISSING_ARP,0000.0c9f.f00a; 0026.980a.c843; 0026.9822.8bc3,NO,
DDC1-USON-ASW3,442,USON_ENC_CITRIX06C,,,,,2,0,TRAFFIC_DETECTED,Po2,Po2: IN 52964592 bps / OUT 149755496 bps,0000.0c9f.f00a; 0026.9822.8bc3,"Cisco Systems, Inc; Cisco Systems, Inc",MISSING_ARP,0000.0c9f.f00a; 0026.9822.8bc3,NO,
DDC1-USON-ASW3,443,USON_ENC_CITRIX06D,,,,,2,0,TRAFFIC_DETECTED,Po2,Po2: IN 58548480 bps / OUT 139281928 bps,0000.0c9f.f00a; 0026.9822.8bc3,"Cisco Systems, Inc; Cisco Systems, Inc",MISSING_ARP,0000.0c9f.f00a; 0026.9822.8bc3,NO,
DDC1-USON-ASW3,444,USON_ENC_CITRIX06E,,,,,2,0,TRAFFIC_DETECTED,Po2,Po2: IN 48179416 bps / OUT 136186192 bps,0000.0c9f.f00a; 0026.9822.8bc3,"Cisco Systems, Inc; Cisco Systems, Inc",MISSING_ARP,0000.0c9f.f00a; 0026.9822.8bc3,NO,
DDC1-USON-ASW3,448,USON_ENC_CITRIX07A,,,,,2,0,TRAFFIC_DETECTED,Po2,Po2: IN 43377424 bps / OUT 138644496 bps,0000.0c9f.f00a; 0026.9822.8bc3,"Cisco Systems, Inc; Cisco Systems, Inc",MISSING_ARP,0000.0c9f.f00a; 0026.9822.8bc3,NO,
DDC1-USON-ASW3,449,USON_ENC_CITRIX07B,,,,,2,0,TRAFFIC_DETECTED,Po2,Po2: IN 56746600 bps / OUT 141065952 bps,0000.0c9f.f00a; 0026.9822.8bc3,"Cisco Systems, Inc; Cisco Systems, Inc",MISSING_ARP,0000.0c9f.f00a; 0026.9822.8bc3,NO,
DDC1-USON-ASW3,450,USON_ENC_CITRIX07C,,,,,2,0,TRAFFIC_DETECTED,Po2,Po2: IN 58445272 bps / OUT 153528808 bps,0000.0c9f.f00a; 0026.9822.8bc3,"Cisco Systems, Inc; Cisco Systems, Inc",MISSING_ARP,0000.0c9f.f00a; 0026.9822.8bc3,NO,
DDC1-USON-ASW3,451,USON_ENC_CITRIX07D,,,,,2,0,TRAFFIC_DETECTED,Po2,Po2: IN 58445272 bps / OUT 153528808 bps,0000.0c9f.f00a; 0026.9822.8bc3,"Cisco Systems, Inc; Cisco Systems, Inc",MISSING_ARP,0000.0c9f.f00a; 0026.9822.8bc3,NO,
DDC1-USON-ASW3,452,USON_ENC_CITRIX07E,,,,,2,0,TRAFFIC_DETECTED,Po2,Po2: IN 50660504 bps / OUT 148855920 bps,0000.0c9f.f00a; 0026.9822.8bc3,"Cisco Systems, Inc; Cisco Systems, Inc",MISSING_ARP,0000.0c9f.f00a; 0026.9822.8bc3,NO,
DDC1-USON-ASW3,456,USON_ENC_CITRIX08A,,,,,2,0,TRAFFIC_DETECTED,Po2,Po2: IN 56795456 bps / OUT 152373736 bps,0000.0c9f.f00a; 0026.9822.8bc3,"Cisco Systems, Inc; Cisco Systems, Inc",MISSING_ARP,0000.0c9f.f00a; 0026.9822.8bc3,NO,
DDC1-USON-ASW3,457,USON_ENC_CITRIX08B,,,,,2,0,TRAFFIC_DETECTED,Po2,Po2: IN 57684168 bps / OUT 158845152 bps,0000.0c9f.f00a; 0026.9822.8bc3,"Cisco Systems, Inc; Cisco Systems, Inc",MISSING_ARP,0000.0c9f.f00a; 0026.9822.8bc3,NO,
DDC1-USON-ASW3,458,USON_ENC_CITRIX08C,,,,,2,0,TRAFFIC_DETECTED,Po2,Po2: IN 57684168 bps / OUT 158845152 bps,0000.0c9f.f00a; 0026.9822.8bc3,"Cisco Systems, Inc; Cisco Systems, Inc",MISSING_ARP,0000.0c9f.f00a; 0026.9822.8bc3,NO,
DDC1-USON-ASW3,459,USON_ENC_CITRIX08D,,,,,2,0,TRAFFIC_DETECTED,Po2,Po2: IN 63805240 bps / OUT 160516248 bps,0000.0c9f.f00a; 0026.9822.8bc3,"Cisco Systems, Inc; Cisco Systems, Inc",MISSING_ARP,0000.0c9f.f00a; 0026.9822.8bc3,NO,
DDC1-USON-ASW3,460,USON_ENC_CITRIX08E,,,,,3,0,TRAFFIC_DETECTED,Po2,Po2: IN 80048080 bps / OUT 184092008 bps,0000.0c9f.f00a; 0026.980a.c843; 0026.9822.8bc3,"Cisco Systems, Inc; Cisco Systems, Inc; Cisco Systems, Inc",MISSING_ARP,0000.0c9f.f00a; 0026.980a.c843; 0026.9822.8bc3,NO,
DDC1-USON-ASW3,461,USON_BAK,,,,,2,0,TRAFFIC_DETECTED,Eth142/1/1,Eth142/1/1: IN 48 bps / OUT 80 bps,0024.9811.b393; b40c.25e5.4045,"Cisco Systems, Inc; Palo Alto Networks",MISSING_ARP,0024.9811.b393; b40c.25e5.4045,NO,
DDC1-USON-ASW3,464,USON_ENC_CITRIX09A,,,,,2,0,TRAFFIC_DETECTED,Po2,Po2: IN 74443800 bps / OUT 172324864 bps,0000.0c9f.f00a; 0026.9822.8bc3,"Cisco Systems, Inc; Cisco Systems, Inc",MISSING_ARP,0000.0c9f.f00a; 0026.9822.8bc3,NO,
DDC1-USON-ASW3,465,USON_ENC_CITRIX09B,,,,,2,0,TRAFFIC_DETECTED,Po2,Po2: IN 71884880 bps / OUT 174089744 bps,0000.0c9f.f00a; 0026.9822.8bc3,"Cisco Systems, Inc; Cisco Systems, Inc",MISSING_ARP,0000.0c9f.f00a; 0026.9822.8bc3,NO,
DDC1-USON-ASW3,466,USON_ENC_CITRIX09C,,,,,2,0,TRAFFIC_DETECTED,Po2,Po2: IN 76801032 bps / OUT 183661488 bps,0000.0c9f.f00a; 0026.9822.8bc3,"Cisco Systems, Inc; Cisco Systems, Inc",MISSING_ARP,0000.0c9f.f00a; 0026.9822.8bc3,NO,
DDC1-USON-ASW3,467,USON_ENC_CITRIX09D,,,,,2,0,TRAFFIC_DETECTED,Po2,Po2: IN 76801032 bps / OUT 183661488 bps,0000.0c9f.f00a; 0026.9822.8bc3,"Cisco Systems, Inc; Cisco Systems, Inc",MISSING_ARP,0000.0c9f.f00a; 0026.9822.8bc3,NO,
DDC1-USON-ASW3,468,USON_ENC_CITRIX09E,,,,,2,0,TRAFFIC_DETECTED,Po2,Po2: IN 56598696 bps / OUT 183621272 bps,0000.0c9f.f00a; 0026.9822.8bc3,"Cisco Systems, Inc; Cisco Systems, Inc",MISSING_ARP,0000.0c9f.f00a; 0026.9822.8bc3,NO,
DDC1-USON-ASW3,500,USON_DataDomain_Bak,,,,,2,0,TRAFFIC_DETECTED,Po2,Po2: IN 56132432 bps / OUT 181022944 bps,0000.0c9f.f00a; 0026.9822.8bc3,"Cisco Systems, Inc; Cisco Systems, Inc",MISSING_ARP,0000.0c9f.f00a; 0026.9822.8bc3,NO,
DDC1-USON-ASW3,605,RIGHTFAX_SIP_RTR_X_CONNECT,,,,,4,0,TRAFFIC_DETECTED,Po2,Po2: IN 83810328 bps / OUT 199471120 bps,0017.a477.d856; 0017.a477.d858; 380e.4d33.0390; 707d.b96a.a960,"Hewlett Packard; Hewlett Packard; Cisco Systems, Inc; Cisco Systems, Inc",MISSING_ARP,0017.a477.d856; 0017.a477.d858; 380e.4d33.0390; 707d.b96a.a960,NO,
DDC1-USON-ASW3,800,DDCDXPIDX-HMC,,,,,0,0,NOT_CHECKED,,,,,NO_MACS,,NO,VLAN
DDC1-USON-ASW3,3939,VM_non-routed-2,,,,,0,0,NOT_CHECKED,,,,,NO_MACS,,NO,VLAN
DDC1-USON-ASW3,4092,VM_non-routed,,547f.ee02.3a41,"Cisco Systems, Inc",DDC-SD3-B2P3 (Cell 3),1,0,NOT_CHECKED,,,308d.9930.6f21,Hewlett Packard,MISSING_ARP,308d.9930.6f21,YES,
DDC1-USON-ASW4,1,default,,547f.ee14.d3c1,"Cisco Systems, Inc",,0,0,NOT_CHECKED,,,,,NO_MACS,,NO,VLAN
DDC1-USON-ASW4,110,USON_WEB1,,,,,2,0,TRAFFIC_DETECTED,Po2,Po2: IN 37956192 bps / OUT 118261504 bps,0000.0c9f.f00a; 0026.9822.8bc3,"Cisco Systems, Inc; Cisco Systems, Inc",MISSING_ARP,0000.0c9f.f00a; 0026.9822.8bc3,NO,
DDC1-USON-ASW4,111,USON_WEB2,,,,,3,0,TRAFFIC_DETECTED,Po2,Po2: IN 38148216 bps / OUT 114569864 bps,0000.0c9f.f00a; 0026.980a.c843; 0026.9822.8bc3,"Cisco Systems, Inc; Cisco Systems, Inc; Cisco Systems, Inc",MISSING_ARP,0000.0c9f.f00a; 0026.980a.c843; 0026.9822.8bc3,NO,
DDC1-USON-ASW4,112,USON_APP1,,,,,8,0,TRAFFIC_DETECTED,Po2; Po27,Po2: IN 37452728 bps / OUT 107825272 bps; Po27: IN 32112 bps / OUT 87048 bps,0000.0c9f.f00a; 0017.a477.1038; 0017.a477.d83a; 0017.a477.d83c; 0026.980a.c843; 0026.9822.8bc3; 7010.6fef.9070; e007.1bd0.1c90,"Cisco Systems, Inc; Hewlett Packard; Hewlett Packard; Hewlett Packard; Cisco Systems, Inc; Cisco Systems, Inc; Hewlett Packard Enterprise; Hewlett Packard Enterprise",MISSING_ARP,0000.0c9f.f00a; 0017.a477.1038; 0017.a477.d83a; 0017.a477.d83c; 0026.980a.c843; 0026.9822.8bc3; 7010.6fef.9070; e007.1bd0.1c90,NO,
DDC1-USON-ASW4,113,USON_APP2,,,,,13,0,TRAFFIC_DETECTED,Po2; Eth145/1/5; Eth145/1/6; Eth145/1/8,Po2: IN 36552824 bps / OUT 109385048 bps; Eth145/1/5: IN 12963968 bps / OUT 8883648 bps; Eth145/1/6: IN 108360 bps / OUT 32120 bps; Eth145/1/8: IN 1944 bps / OUT 2096 bps,0000.0c9f.f00a; 0015.5dc8.1701; 0015.5dc8.1702; 0015.5dc8.1705; 0015.5dc8.1c01; 0015.5dc8.1c1d; 0026.980a.c843; 0026.9822.8bc3; ac1f.6bd0.027c; d094.6677.643f; e443.4b19.29fd; e443.4b1b.c575; f848.97ce.df1e,"Cisco Systems, Inc; Microsoft Corporation; Microsoft Corporation; Microsoft Corporation; Microsoft Corporation; Microsoft Corporation; Cisco Systems, Inc; Cisco Systems, Inc; Super Micro Computer, Inc.; Dell Inc.; Dell Inc.; Dell Inc.; Hitachi, Ltd.",MISSING_ARP,0000.0c9f.f00a; 0015.5dc8.1701; 0015.5dc8.1702; 0015.5dc8.1705; 0015.5dc8.1c01; 0015.5dc8.1c1d; 0026.980a.c843; 0026.9822.8bc3; ac1f.6bd0.027c; d094.6677.643f; e443.4b19.29fd; e443.4b1b.c575; f848.97ce.df1e,NO,
DDC1-USON-ASW4,114,USON_DATA1,,,,,5,0,TRAFFIC_DETECTED,Po2; Eth1/5; Eth1/6,Po2: IN 36034704 bps / OUT 109953480 bps; Eth1/5: IN 1903968 bps / OUT 1760160 bps; Eth1/6: IN 104 bps / OUT 1912 bps,0000.0c9f.f00a; 0026.980a.c843; 0026.9822.8bc3; 00a0.98cf.7097; 00a0.98ec.4ed8,"Cisco Systems, Inc; Cisco Systems, Inc; Cisco Systems, Inc; NetApp; NetApp",MISSING_ARP,0000.0c9f.f00a; 0026.980a.c843; 0026.9822.8bc3; 00a0.98cf.7097; 00a0.98ec.4ed8,NO,
DDC1-USON-ASW4,115,USON_DATA2,,,,,7,0,TRAFFIC_DETECTED,Po2; Eth147/1/48; Eth147/1/47; Po26,Po2: IN 37162024 bps / OUT 114325832 bps; Eth147/1/48: IN 102048 bps / OUT 1632 bps; Eth147/1/47: IN 10440 bps / OUT 24072 bps; Po26: IN 24 bps / OUT 2712 bps,0000.0c9f.f00a; 001e.67c8.22c6; 001e.67d4.ce94; 001e.67d4.ce95; 001e.67f1.81e9; 0026.980a.c843; 0026.9822.8bc3,"Cisco Systems, Inc; Intel Corporate; Intel Corporate; Intel Corporate; Intel Corporate; Cisco Systems, Inc; Cisco Systems, Inc",MISSING_ARP,0000.0c9f.f00a; 001e.67c8.22c6; 001e.67d4.ce94; 001e.67d4.ce95; 001e.67f1.81e9; 0026.980a.c843; 0026.9822.8bc3,NO,
DDC1-USON-ASW4,116,USON_VSERVER1,,,,,2,0,TRAFFIC_DETECTED,Po2,Po2: IN 35850968 bps / OUT 111342848 bps,0000.0c9f.f00a; 0026.9822.8bc3,"Cisco Systems, Inc; Cisco Systems, Inc",MISSING_ARP,0000.0c9f.f00a; 0026.9822.8bc3,NO,
DDC1-USON-ASW4,117,USON_VSERVER2,,,,,5,0,TRAFFIC_DETECTED,Po2; Po19; Po28,Po2: IN 36731040 bps / OUT 108398720 bps; Po19: IN 99215904 bps / OUT 27955696 bps; Po28: IN 6205944 bps / OUT 9197408 bps,0000.0c9f.f00a; 0026.980a.c843; 0026.9822.8bc3; 0050.569c.0006; 0050.569f.3ef0,"Cisco Systems, Inc; Cisco Systems, Inc; Cisco Systems, Inc; VMware, Inc.; VMware, Inc.",MISSING_ARP,0000.0c9f.f00a; 0026.980a.c843; 0026.9822.8bc3; 0050.569c.0006; 0050.569f.3ef0,NO,
DDC1-USON-ASW4,118,USON_VMMGT,,,,,6,0,TRAFFIC_DETECTED,Po2; Po19,Po2: IN 37427272 bps / OUT 127247872 bps; Po19: IN 99343776 bps / OUT 28157120 bps,0000.0c9f.f00a; 0017.a477.0c4c; 0017.a477.0c50; 0017.a477.0c54; 0026.980a.c843; 0026.9822.8bc3,"Cisco Systems, Inc; Hewlett Packard; Hewlett Packard; Hewlett Packard; Cisco Systems, Inc; Cisco Systems, Inc",MISSING_ARP,0000.0c9f.f00a; 0017.a477.0c4c; 0017.a477.0c50; 0017.a477.0c54; 0026.980a.c843; 0026.9822.8bc3,NO,
DDC1-USON-ASW4,119,USON_VMHB,,,,,6,0,TRAFFIC_DETECTED,Po2; Po19,Po2: IN 38266552 bps / OUT 132143280 bps; Po19: IN 101313152 bps / OUT 28574744 bps,0000.0c9f.f00a; 0026.980a.c843; 0026.9822.8bc3; 0050.566e.84e9; 0050.566e.a925; 0050.566f.495b,"Cisco Systems, Inc; Cisco Systems, Inc; Cisco Systems, Inc; VMware, Inc.; VMware, Inc.; VMware, Inc.",MISSING_ARP,0000.0c9f.f00a; 0026.980a.c843; 0026.9822.8bc3; 0050.566e.84e9; 0050.566e.a925; 0050.566f.495b,NO,
DDC1-USON-ASW4,120,USON_IKM,,,,,9,0,TRAFFIC_DETECTED,Po2; Po27; Po19,Po2: IN 38372728 bps / OUT 142009824 bps; Po27: IN 71672 bps / OUT 100432 bps; Po19: IN 96838592 bps / OUT 28839088 bps,0000.0c9f.f00a; 0017.a477.1022; 0026.980a.c843; 0026.9822.8bc3; 0050.569f.1770; 0050.569f.5eb4; 0050.569f.661b; 0050.569f.7d08; 0050.569f.dfeb,"Cisco Systems, Inc; Hewlett Packard; Cisco Systems, Inc; Cisco Systems, Inc; VMware, Inc.; VMware, Inc.; VMware, Inc.; VMware, Inc.; VMware, Inc.",MISSING_ARP,0000.0c9f.f00a; 0017.a477.1022; 0026.980a.c843; 0026.9822.8bc3; 0050.569f.1770; 0050.569f.5eb4; 0050.569f.661b; 0050.569f.7d08; 0050.569f.dfeb,NO,
DDC1-USON-ASW4,121,VM_MGMT,,,,,7,0,TRAFFIC_DETECTED,Po2; Po19,Po2: IN 36746360 bps / OUT 146308544 bps; Po19: IN 100859496 bps / OUT 28915832 bps,0000.0c9f.f00a; 0026.980a.c843; 0026.9822.8bc3; 0050.569f.4448; 0050.569f.7f3e; 0050.569f.9188; 0050.569f.eca0,"Cisco Systems, Inc; Cisco Systems, Inc; Cisco Systems, Inc; VMware, Inc.; VMware, Inc.; VMware, Inc.; VMware, Inc.",MISSING_ARP,0000.0c9f.f00a; 0026.980a.c843; 0026.9822.8bc3; 0050.569f.4448; 0050.569f.7f3e; 0050.569f.9188; 0050.569f.eca0,NO,
DDC1-USON-ASW4,122,VM_VMOTION,,,,,7,0,TRAFFIC_DETECTED,Po2; Po19; Po28,Po2: IN 36746360 bps / OUT 146308544 bps; Po19: IN 106461416 bps / OUT 29098376 bps; Po28: IN 6637576 bps / OUT 9403200 bps,0000.0c9f.f00a; 0026.980a.c843; 0026.9822.8bc3; 0050.569f.3d37; 0050.569f.479c; 0050.569f.6b6d; 0050.569f.fa87,"Cisco Systems, Inc; Cisco Systems, Inc; Cisco Systems, Inc; VMware, Inc.; VMware, Inc.; VMware, Inc.; VMware, Inc.",MISSING_ARP,0000.0c9f.f00a; 0026.980a.c843; 0026.9822.8bc3; 0050.569f.3d37; 0050.569f.479c; 0050.569f.6b6d; 0050.569f.fa87,NO,
DDC1-USON-ASW4,123,USON_ILO_1,,,,,11,0,TRAFFIC_DETECTED,Po2; Eth145/1/23; Eth145/1/24,Po2: IN 37473920 bps / OUT 155077904 bps; Eth145/1/23: IN 696 bps / OUT 912 bps; Eth145/1/24: IN 0 bps / OUT 1608 bps,0000.0c9f.f00a; 0023.e904.bc04; 0023.e942.5fc1; 0026.980a.c843; 0026.9822.8bc3; 2c27.d716.45f6; 3c4a.926c.a4f4; b499.baa7.5f86; b499.baa7.6008; b499.baa7.6238; fa2b.4bb9.8f7c,"Cisco Systems, Inc; F5 Inc.; F5 Inc.; Cisco Systems, Inc; Cisco Systems, Inc; Hewlett Packard; Hewlett Packard; Hewlett Packard; Hewlett Packard; Hewlett Packard; Locally administered/randomized MAC",MISSING_ARP,0000.0c9f.f00a; 0023.e904.bc04; 0023.e942.5fc1; 0026.980a.c843; 0026.9822.8bc3; 2c27.d716.45f6; 3c4a.926c.a4f4; b499.baa7.5f86; b499.baa7.6008; b499.baa7.6238; fa2b.4bb9.8f7c,NO,
DDC1-USON-ASW4,124,USON_JCAP_1,,,,,0,0,NOT_CHECKED,,,,,NO_MACS,,NO,VLAN
DDC1-USON-ASW4,125,USON_JCAP_2,,,,,0,0,NOT_CHECKED,,,,,NO_MACS,,NO,VLAN
DDC1-USON-ASW4,126,USON_CIRTIX3,,,,,3,0,TRAFFIC_DETECTED,Po2,Po2: IN 37347376 bps / OUT 163161352 bps,0000.0c9f.f00a; 0026.980a.c843; 0026.9822.8bc3,"Cisco Systems, Inc; Cisco Systems, Inc; Cisco Systems, Inc",MISSING_ARP,0000.0c9f.f00a; 0026.980a.c843; 0026.9822.8bc3,NO,
DDC1-USON-ASW4,127,USON_CITRIX4,,,,,5,0,TRAFFIC_DETECTED,Po2; Po19,Po2: IN 36318504 bps / OUT 152942296 bps; Po19: IN 128168440 bps / OUT 31079136 bps,0000.0c9f.f00a; 0026.980a.c843; 0026.9822.8bc3; 0050.569f.9d17; 0050.569f.a498,"Cisco Systems, Inc; Cisco Systems, Inc; Cisco Systems, Inc; VMware, Inc.; VMware, Inc.",MISSING_ARP,0000.0c9f.f00a; 0026.980a.c843; 0026.9822.8bc3; 0050.569f.9d17; 0050.569f.a498,NO,
DDC1-USON-ASW4,128,USON_MGMNT,,,,,13,0,TRAFFIC_DETECTED,Po2; Eth141/1/37,Po2: IN 37218200 bps / OUT 149498432 bps; Eth141/1/37: IN 32 bps / OUT 1704 bps,0000.0c9f.f00a; 001b.9700.4f0d; 0021.5a04.cabe; 0021.5a04.cad2; 0026.980a.c843; 0026.9822.8bc3; 1c98.ec1e.5a5b; 2c27.d716.a84e; 2c27.d716.b802; 30e1.7164.5791; 3cd9.2b02.2b54; d485.64c7.6e52; f4ce.46ae.1b87,"Cisco Systems, Inc; Violin Technologies; Hewlett Packard; Hewlett Packard; Cisco Systems, Inc; Cisco Systems, Inc; Hewlett Packard Enterprise; Hewlett Packard; Hewlett Packard; Hewlett Packard; Hewlett Packard; Hewlett Packard; Hewlett Packard",MISSING_ARP,0000.0c9f.f00a; 001b.9700.4f0d; 0021.5a04.cabe; 0021.5a04.cad2; 0026.980a.c843; 0026.9822.8bc3; 1c98.ec1e.5a5b; 2c27.d716.a84e; 2c27.d716.b802; 30e1.7164.5791; 3cd9.2b02.2b54; d485.64c7.6e52; f4ce.46ae.1b87,NO,
DDC1-USON-ASW4,129,USON_AD_PRI,,,,,13,0,TRAFFIC_DETECTED,Po2; Po19,Po2: IN 34839064 bps / OUT 143973368 bps; Po19: IN 126410896 bps / OUT 30135472 bps,0000.0c9f.f00a; 0017.a477.081c; 0017.a477.0820; 0017.a477.084c; 0017.a477.8070; 0017.a477.c024; 0017.a477.c026; 0017.a477.c032; 0017.a477.d80a; 0026.980a.c843; 0026.9822.8bc3; 0050.569f.38b9; 0050.569f.ffab,"Cisco Systems, Inc; Hewlett Packard; Hewlett Packard; Hewlett Packard; Hewlett Packard; Hewlett Packard; Hewlett Packard; Hewlett Packard; Hewlett Packard; Cisco Systems, Inc; Cisco Systems, Inc; VMware, Inc.; VMware, Inc.",MISSING_ARP,0000.0c9f.f00a; 0017.a477.081c; 0017.a477.0820; 0017.a477.084c; 0017.a477.8070; 0017.a477.c024; 0017.a477.c026; 0017.a477.c032; 0017.a477.d80a; 0026.980a.c843; 0026.9822.8bc3; 0050.569f.38b9; 0050.569f.ffab,NO,
DDC1-USON-ASW4,130,USON_AD_SEC,,,,,2,0,TRAFFIC_DETECTED,Po2,Po2: IN 34513424 bps / OUT 141148992 bps,0000.0c9f.f00a; 0026.9822.8bc3,"Cisco Systems, Inc; Cisco Systems, Inc",MISSING_ARP,0000.0c9f.f00a; 0026.9822.8bc3,NO,
DDC1-USON-ASW4,135,USON_EXCHANGE_PRI,,,,,5,0,TRAFFIC_DETECTED,Po2,Po2: IN 35515464 bps / OUT 144316368 bps,0000.0c9f.f00a; 0017.a477.8010; 0017.a477.8018; 0026.980a.c843; 0026.9822.8bc3,"Cisco Systems, Inc; Hewlett Packard; Hewlett Packard; Cisco Systems, Inc; Cisco Systems, Inc",MISSING_ARP,0000.0c9f.f00a; 0017.a477.8010; 0017.a477.8018; 0026.980a.c843; 0026.9822.8bc3,NO,
DDC1-USON-ASW4,136,USON_EXCHANGE_SEC,,,,,3,0,TRAFFIC_DETECTED,Po2; Po26,Po2: IN 35515464 bps / OUT 144316368 bps; Po26: IN 224 bps / OUT 2584 bps,0000.0c9f.f00a; 001e.67f1.81e9; 0026.9822.8bc3,"Cisco Systems, Inc; Intel Corporate; Cisco Systems, Inc",MISSING_ARP,0000.0c9f.f00a; 001e.67f1.81e9; 0026.9822.8bc3,NO,
DDC1-USON-ASW4,137,USON_CITRIX_PRI,,,,,2,0,TRAFFIC_DETECTED,Po2,Po2: IN 35707616 bps / OUT 149975616 bps,0000.0c9f.f00a; 0026.9822.8bc3,"Cisco Systems, Inc; Cisco Systems, Inc",MISSING_ARP,0000.0c9f.f00a; 0026.9822.8bc3,NO,
DDC1-USON-ASW4,138,USON_CITRIX_SEC,,,,,2,0,TRAFFIC_DETECTED,Po2,Po2: IN 36381680 bps / OUT 173823464 bps,0000.0c9f.f00a; 0026.9822.8bc3,"Cisco Systems, Inc; Cisco Systems, Inc",MISSING_ARP,0000.0c9f.f00a; 0026.9822.8bc3,NO,
DDC1-USON-ASW4,139,USON_MELIO,,,,,2,0,TRAFFIC_DETECTED,Po2,Po2: IN 35250152 bps / OUT 154283512 bps,0000.0c9f.f00a; 0026.9822.8bc3,"Cisco Systems, Inc; Cisco Systems, Inc",MISSING_ARP,0000.0c9f.f00a; 0026.9822.8bc3,NO,
DDC1-USON-ASW4,140,USON_CITRIX_PVS1,,,,,2,0,TRAFFIC_DETECTED,Po2,Po2: IN 35250152 bps / OUT 154283512 bps,0000.0c9f.f00a; 0026.9822.8bc3,"Cisco Systems, Inc; Cisco Systems, Inc",MISSING_ARP,0000.0c9f.f00a; 0026.9822.8bc3,NO,
DDC1-USON-ASW4,141,USON_CITRIX_PVS2,,,,,2,0,TRAFFIC_DETECTED,Po2,Po2: IN 36458048 bps / OUT 146178616 bps,0000.0c9f.f00a; 0026.9822.8bc3,"Cisco Systems, Inc; Cisco Systems, Inc",MISSING_ARP,0000.0c9f.f00a; 0026.9822.8bc3,NO,
DDC1-USON-ASW4,142,USON_ILO_2,,,,,20,0,TRAFFIC_DETECTED,Po2; Eth141/1/28; Eth141/1/27; Eth141/1/10; Eth143/1/48,Po2: IN 37973768 bps / OUT 141720456 bps; Eth141/1/28: IN 12296 bps / OUT 4016 bps; Eth141/1/27: IN 1288 bps / OUT 840 bps; Eth141/1/10: IN 72 bps / OUT 1808 bps; Eth143/1/48: IN 472 bps / OUT 2288 bps,0000.0c9f.f00a; 0021.5a04.3ac2; 0021.5a04.3acb; 0021.5a04.3af5; 0021.5a04.4a17; 0026.980a.c843; 0026.9822.8bc3; 101f.7478.1596; 2c27.d716.85f8; 2c27.d716.9580; 3cd9.2bfb.9f53; 78e3.b50e.448b; 984b.e179.7563; 9c8e.9915.b103; a45d.36fe.947f; b499.ba28.5c0a; b499.ba28.5c0b; b499.baaa.8d8a; b499.baaa.9424; b499.baaa.996a,"Cisco Systems, Inc; Hewlett Packard; Hewlett Packard; Hewlett Packard; Hewlett Packard; Cisco Systems, Inc; Cisco Systems, Inc; Hewlett Packard; Hewlett Packard; Hewlett Packard; Hewlett Packard; Hewlett Packard; Hewlett Packard; Hewlett Packard; Hewlett Packard; Hewlett Packard; Hewlett Packard; Hewlett Packard; Hewlett Packard; Hewlett Packard",MISSING_ARP,0000.0c9f.f00a; 0021.5a04.3ac2; 0021.5a04.3acb; 0021.5a04.3af5; 0021.5a04.4a17; 0026.980a.c843; 0026.9822.8bc3; 101f.7478.1596; 2c27.d716.85f8; 2c27.d716.9580; 3cd9.2bfb.9f53; 78e3.b50e.448b; 984b.e179.7563; 9c8e.9915.b103; a45d.36fe.947f; b499.ba28.5c0a; b499.ba28.5c0b; b499.baaa.8d8a; b499.baaa.9424; b499.baaa.996a,NO,
DDC1-USON-ASW4,143,USON_ILO_3,,,,,20,0,TRAFFIC_DETECTED,Po2; Eth143/1/44; Eth143/1/43; Eth143/1/45; Eth143/1/46,Po2: IN 39048360 bps / OUT 135462784 bps; Eth143/1/44: IN 544 bps / OUT 1328 bps; Eth143/1/43: IN 1000 bps / OUT 1344 bps; Eth143/1/45: IN 56 bps / OUT 816 bps; Eth143/1/46: IN 64 bps / OUT 800 bps,0000.0c9f.f00a; 0021.5a04.ca7f; 0021.5a04.cac2; 0021.5a04.da93; 0021.5a04.dab2; 0026.980a.c843; 0026.9822.8bc3; 2c27.d716.d7ba; 2c27.d716.d89e; 3cd9.2bfb.0f2f; 3cd9.2bfb.9f71; 78e3.b50e.a785; 78e3.b50e.b75d; 9c8e.9915.415d; 9c8e.9917.2a7e; 9c8e.9917.3a3e; 9c8e.992a.092f; 9c8e.992a.5823; d8d3.85dd.1d47; f4ce.46ae.b927,"Cisco Systems, Inc; Hewlett Packard; Hewlett Packard; Hewlett Packard; Hewlett Packard; Cisco Systems, Inc; Cisco Systems, Inc; Hewlett Packard; Hewlett Packard; Hewlett Packard; Hewlett Packard; Hewlett Packard; Hewlett Packard; Hewlett Packard; Hewlett Packard; Hewlett Packard; Hewlett Packard; Hewlett Packard; Hewlett Packard; Hewlett Packard",MISSING_ARP,0000.0c9f.f00a; 0021.5a04.ca7f; 0021.5a04.cac2; 0021.5a04.da93; 0021.5a04.dab2; 0026.980a.c843; 0026.9822.8bc3; 2c27.d716.d7ba; 2c27.d716.d89e; 3cd9.2bfb.0f2f; 3cd9.2bfb.9f71; 78e3.b50e.a785; 78e3.b50e.b75d; 9c8e.9915.415d; 9c8e.9917.2a7e; 9c8e.9917.3a3e; 9c8e.992a.092f; 9c8e.992a.5823; d8d3.85dd.1d47; f4ce.46ae.b927,NO,
DDC1-USON-ASW4,144,USON_SQL,,,,,2,0,TRAFFIC_DETECTED,Po2,Po2: IN 57143632 bps / OUT 129886064 bps,0000.0c9f.f00a; 0026.9822.8bc3,"Cisco Systems, Inc; Cisco Systems, Inc",MISSING_ARP,0000.0c9f.f00a; 0026.9822.8bc3,NO,
DDC1-USON-ASW4,301,USON_DMZ_TMP1,,,,,0,0,NOT_CHECKED,,,,,NO_MACS,,NO,VLAN
DDC1-USON-ASW4,302,USON_DMZ_TMP2,,,,,0,0,NOT_CHECKED,,,,,NO_MACS,,NO,VLAN
DDC1-USON-ASW4,400,USON_ENC_CITRIX01A,,,,,23,0,TRAFFIC_DETECTED,Po2; Eth141/1/12; Eth141/1/11,Po2: IN 49529592 bps / OUT 126559864 bps; Eth141/1/12: IN 14864 bps / OUT 3656 bps; Eth141/1/11: IN 6944 bps / OUT 2456 bps,0000.0c9f.f00a; 0021.5a05.7280; 0021.5a05.8263; 0026.980a.c843; 0026.9822.8bc3; 18a9.0570.ef4d; 18a9.0571.c239; 1cc1.de7b.1d1b; 2c27.d716.458a; 2c27.d716.45b0; 2c27.d716.45c4; 3863.bb31.69db; 3863.bb31.7905; 7446.a071.2d1b; 78e3.b50b.d3f4; 78e3.b50e.4448; 984b.e161.d20b; 984b.e161.d211; 9cb6.5494.a312; d8d3.8569.ba96; ecb1.d786.651a; f4ce.46ae.aaa3; f4ce.46ba.8599,"Cisco Systems, Inc; Hewlett Packard; Hewlett Packard; Cisco Systems, Inc; Cisco Systems, Inc; Hewlett Packard; Hewlett Packard; Hewlett Packard; Hewlett Packard; Hewlett Packard; Hewlett Packard; Hewlett Packard; Hewlett Packard; Hewlett Packard; Hewlett Packard; Hewlett Packard; Hewlett Packard; Hewlett Packard; Hewlett Packard; Hewlett Packard; Hewlett Packard; Hewlett Packard; Hewlett Packard",MISSING_ARP,0000.0c9f.f00a; 0021.5a05.7280; 0021.5a05.8263; 0026.980a.c843; 0026.9822.8bc3; 18a9.0570.ef4d; 18a9.0571.c239; 1cc1.de7b.1d1b; 2c27.d716.458a; 2c27.d716.45b0; 2c27.d716.45c4; 3863.bb31.69db; 3863.bb31.7905; 7446.a071.2d1b; 78e3.b50b.d3f4; 78e3.b50e.4448; 984b.e161.d20b; 984b.e161.d211; 9cb6.5494.a312; d8d3.8569.ba96; ecb1.d786.651a; f4ce.46ae.aaa3; f4ce.46ba.8599,NO,
DDC1-USON-ASW4,401,USON_ENC_CITRIX01B,,,,,10,0,TRAFFIC_DETECTED,Po2; Eth147/1/44,Po2: IN 46374144 bps / OUT 124152728 bps; Eth147/1/44: IN 0 bps / OUT 712 bps,0000.0c9f.f00a; 0026.980a.c843; 0026.9822.8bc3; 1c98.ec1f.72b5; 3863.bb2d.00fd; 7010.6fb2.777a; ac16.2dc1.c66e; ac16.2dc1.d6ab; c434.6bc3.2feb; d485.6462.27a7,"Cisco Systems, Inc; Cisco Systems, Inc; Cisco Systems, Inc; Hewlett Packard Enterprise; Hewlett Packard; Hewlett Packard Enterprise; Hewlett Packard; Hewlett Packard; Hewlett Packard; Hewlett Packard",MISSING_ARP,0000.0c9f.f00a; 0026.980a.c843; 0026.9822.8bc3; 1c98.ec1f.72b5; 3863.bb2d.00fd; 7010.6fb2.777a; ac16.2dc1.c66e; ac16.2dc1.d6ab; c434.6bc3.2feb; d485.6462.27a7,NO,
DDC1-USON-ASW4,402,USON_ENC_CITRIX01C,,,,,2,0,TRAFFIC_DETECTED,Po2,Po2: IN 53138456 bps / OUT 144734960 bps,0000.0c9f.f00a; 0026.9822.8bc3,"Cisco Systems, Inc; Cisco Systems, Inc",MISSING_ARP,0000.0c9f.f00a; 0026.9822.8bc3,NO,
DDC1-USON-ASW4,403,USON_ENC_CITRIX01D,,,,,4,0,TRAFFIC_DETECTED,Po2; Eth147/1/31,Po2: IN 53138456 bps / OUT 144734960 bps; Eth147/1/31: IN 64 bps / OUT 1008 bps,0000.0c9f.f00a; 001b.9700.525a; 0026.980a.c843; 0026.9822.8bc3,"Cisco Systems, Inc; Violin Technologies; Cisco Systems, Inc; Cisco Systems, Inc",MISSING_ARP,0000.0c9f.f00a; 001b.9700.525a; 0026.980a.c843; 0026.9822.8bc3,NO,
DDC1-USON-ASW4,404,USON_ENC_CITRIX01E,,,,,2,0,TRAFFIC_DETECTED,Po2,Po2: IN 38265824 bps / OUT 137580208 bps,0000.0c9f.f00a; 0026.9822.8bc3,"Cisco Systems, Inc; Cisco Systems, Inc",MISSING_ARP,0000.0c9f.f00a; 0026.9822.8bc3,NO,
DDC1-USON-ASW4,408,USON_ENC_CITRIX02A,,,,,2,0,TRAFFIC_DETECTED,Po2,Po2: IN 37516656 bps / OUT 129091640 bps,0000.0c9f.f00a; 0026.9822.8bc3,"Cisco Systems, Inc; Cisco Systems, Inc",MISSING_ARP,0000.0c9f.f00a; 0026.9822.8bc3,NO,
DDC1-USON-ASW4,409,USON_ENC_CITRIX02B,,,,,2,0,TRAFFIC_DETECTED,Po2,Po2: IN 37685048 bps / OUT 127529264 bps,0000.0c9f.f00a; 0026.9822.8bc3,"Cisco Systems, Inc; Cisco Systems, Inc",MISSING_ARP,0000.0c9f.f00a; 0026.9822.8bc3,NO,
DDC1-USON-ASW4,410,USON_ENC_CITRIX02C,,,,,2,0,TRAFFIC_DETECTED,Po2,Po2: IN 36537440 bps / OUT 127089008 bps,0000.0c9f.f00a; 0026.9822.8bc3,"Cisco Systems, Inc; Cisco Systems, Inc",MISSING_ARP,0000.0c9f.f00a; 0026.9822.8bc3,NO,
DDC1-USON-ASW4,411,USON_ENC_CITRIX02D,,,,,22,0,TRAFFIC_DETECTED,Po2; Eth147/1/40; Eth147/1/41; Eth147/1/42; Eth147/1/43,Po2: IN 36537440 bps / OUT 127089008 bps; Eth147/1/40: IN 0 bps / OUT 1344 bps; Eth147/1/41: IN 200 bps / OUT 1512 bps; Eth147/1/42: IN 24 bps / OUT 1312 bps; Eth147/1/43: IN 0 bps / OUT 1392 bps,0000.0c9f.f00a; 0021.5a05.8704; 0021.5a05.a7a5; 0021.5a05.d790; 0021.5a05.f704; 0021.5a05.f70b; 0026.980a.c843; 0026.9822.8bc3; 1c98.ec1e.cbd9; 2c27.d716.45fa; 3863.bb31.a701; 3863.bb31.b7fb; 80c1.6e72.b365; 9418.8272.1ecf; 9418.8272.2e11; 9418.8272.5edb; 9418.8272.8b3d; 9418.8272.8f69; 9418.8272.be1d; 9418.8272.ca33; 9418.8272.ed2f; b499.ba28.ea03,"Cisco Systems, Inc; Hewlett Packard; Hewlett Packard; Hewlett Packard; Hewlett Packard; Hewlett Packard; Cisco Systems, Inc; Cisco Systems, Inc; Hewlett Packard Enterprise; Hewlett Packard; Hewlett Packard; Hewlett Packard; Hewlett Packard; Hewlett Packard Enterprise; Hewlett Packard Enterprise; Hewlett Packard Enterprise; Hewlett Packard Enterprise; Hewlett Packard Enterprise; Hewlett Packard Enterprise; Hewlett Packard Enterprise; Hewlett Packard Enterprise; Hewlett Packard",MISSING_ARP,0000.0c9f.f00a; 0021.5a05.8704; 0021.5a05.a7a5; 0021.5a05.d790; 0021.5a05.f704; 0021.5a05.f70b; 0026.980a.c843; 0026.9822.8bc3; 1c98.ec1e.cbd9; 2c27.d716.45fa; 3863.bb31.a701; 3863.bb31.b7fb; 80c1.6e72.b365; 9418.8272.1ecf; 9418.8272.2e11; 9418.8272.5edb; 9418.8272.8b3d; 9418.8272.8f69; 9418.8272.be1d; 9418.8272.ca33; 9418.8272.ed2f; b499.ba28.ea03,NO,
DDC1-USON-ASW4,412,USON_ENC_CITRIX02E,,,,,2,0,TRAFFIC_DETECTED,Po2,Po2: IN 36531560 bps / OUT 118475968 bps,0000.0c9f.f00a; 0026.9822.8bc3,"Cisco Systems, Inc; Cisco Systems, Inc",MISSING_ARP,0000.0c9f.f00a; 0026.9822.8bc3,NO,
DDC1-USON-ASW4,416,USON_ENC_CITRIX03A,,,,,2,0,TRAFFIC_DETECTED,Po2,Po2: IN 36486080 bps / OUT 121463424 bps,0000.0c9f.f00a; 0026.9822.8bc3,"Cisco Systems, Inc; Cisco Systems, Inc",MISSING_ARP,0000.0c9f.f00a; 0026.9822.8bc3,NO,
DDC1-USON-ASW4,417,USON_ENC_CITRIX03B,,,,,2,0,TRAFFIC_DETECTED,Po2,Po2: IN 36427464 bps / OUT 119796232 bps,0000.0c9f.f00a; 0026.9822.8bc3,"Cisco Systems, Inc; Cisco Systems, Inc",MISSING_ARP,0000.0c9f.f00a; 0026.9822.8bc3,NO,
DDC1-USON-ASW4,418,USON_ENC_CITRIX03C,,,,,7,0,TRAFFIC_DETECTED,Po2; Po28; Po19,Po2: IN 36427464 bps / OUT 119796232 bps; Po28: IN 7089320 bps / OUT 9175232 bps; Po19: IN 109743016 bps / OUT 30735792 bps,0000.0c9f.f00a; 001e.4920.b4ff; 001e.4948.5cff; 0026.980a.c843; 0026.9822.8bc3; 0050.569f.468a; 0050.569f.6ba3,"Cisco Systems, Inc; Cisco Systems, Inc; Cisco Systems, Inc; Cisco Systems, Inc; Cisco Systems, Inc; VMware, Inc.; VMware, Inc.",MISSING_ARP,0000.0c9f.f00a; 001e.4920.b4ff; 001e.4948.5cff; 0026.980a.c843; 0026.9822.8bc3; 0050.569f.468a; 0050.569f.6ba3,NO,
DDC1-USON-ASW4,419,USON_ENC_CITRIX03D,,,,,3,0,TRAFFIC_DETECTED,Po2; Eth121/1/18,Po2: IN 35494968 bps / OUT 113618008 bps; Eth121/1/18: IN 15744 bps / OUT 9944 bps,0000.0c9f.f00a; 0026.9822.8bc3; 5820.b185.2030,"Cisco Systems, Inc; Cisco Systems, Inc; Hewlett Packard",MISSING_ARP,0000.0c9f.f00a; 0026.9822.8bc3; 5820.b185.2030,NO,
DDC1-USON-ASW4,420,USON_ENC_CITRIX03E,,,,,2,0,TRAFFIC_DETECTED,Po2,Po2: IN 35494968 bps / OUT 113618008 bps,0000.0c9f.f00a; 0026.9822.8bc3,"Cisco Systems, Inc; Cisco Systems, Inc",MISSING_ARP,0000.0c9f.f00a; 0026.9822.8bc3,NO,
DDC1-USON-ASW4,424,USON_ENC_CITRIX04A,,,,,2,0,TRAFFIC_DETECTED,Po2,Po2: IN 35025432 bps / OUT 113605696 bps,0000.0c9f.f00a; 0026.9822.8bc3,"Cisco Systems, Inc; Cisco Systems, Inc",MISSING_ARP,0000.0c9f.f00a; 0026.9822.8bc3,NO,
DDC1-USON-ASW4,425,USON_ENC_CITRIX04B,,,,,2,0,TRAFFIC_DETECTED,Po2,Po2: IN 48496464 bps / OUT 116723560 bps,0000.0c9f.f00a; 0026.9822.8bc3,"Cisco Systems, Inc; Cisco Systems, Inc",MISSING_ARP,0000.0c9f.f00a; 0026.9822.8bc3,NO,
DDC1-USON-ASW4,426,USON_ENC_CITRIX04C,,,,,2,0,TRAFFIC_DETECTED,Po2,Po2: IN 53540792 bps / OUT 115357744 bps,0000.0c9f.f00a; 0026.9822.8bc3,"Cisco Systems, Inc; Cisco Systems, Inc",MISSING_ARP,0000.0c9f.f00a; 0026.9822.8bc3,NO,
DDC1-USON-ASW4,427,USON_ENC_CITRIX04D,,,,,2,0,TRAFFIC_DETECTED,Po2,Po2: IN 53540792 bps / OUT 115357744 bps,0000.0c9f.f00a; 0026.9822.8bc3,"Cisco Systems, Inc; Cisco Systems, Inc",MISSING_ARP,0000.0c9f.f00a; 0026.9822.8bc3,NO,
DDC1-USON-ASW4,428,USON_ENC_CITRIX04E,,,,,2,0,TRAFFIC_DETECTED,Po2,Po2: IN 48871880 bps / OUT 113955096 bps,0000.0c9f.f00a; 0026.9822.8bc3,"Cisco Systems, Inc; Cisco Systems, Inc",MISSING_ARP,0000.0c9f.f00a; 0026.9822.8bc3,NO,
DDC1-USON-ASW4,432,USON_ENC_CITRIX05A,,,,,2,0,TRAFFIC_DETECTED,Po2,Po2: IN 44381848 bps / OUT 116098096 bps,0000.0c9f.f00a; 0026.9822.8bc3,"Cisco Systems, Inc; Cisco Systems, Inc",MISSING_ARP,0000.0c9f.f00a; 0026.9822.8bc3,NO,
DDC1-USON-ASW4,433,USON_ENC_CITRIX05B,,,,,2,0,TRAFFIC_DETECTED,Po2,Po2: IN 41966016 bps / OUT 122868488 bps,0000.0c9f.f00a; 0026.9822.8bc3,"Cisco Systems, Inc; Cisco Systems, Inc",MISSING_ARP,0000.0c9f.f00a; 0026.9822.8bc3,NO,
DDC1-USON-ASW4,434,USON_ENC_CITRIX05C,,,,,2,0,TRAFFIC_DETECTED,Po2,Po2: IN 41966016 bps / OUT 122868488 bps,0000.0c9f.f00a; 0026.9822.8bc3,"Cisco Systems, Inc; Cisco Systems, Inc",MISSING_ARP,0000.0c9f.f00a; 0026.9822.8bc3,NO,
DDC1-USON-ASW4,435,USON_ENC_CITRIX05D,,,,,2,0,TRAFFIC_DETECTED,Po2,Po2: IN 46243464 bps / OUT 124715776 bps,0000.0c9f.f00a; 0026.9822.8bc3,"Cisco Systems, Inc; Cisco Systems, Inc",MISSING_ARP,0000.0c9f.f00a; 0026.9822.8bc3,NO,
DDC1-USON-ASW4,436,USON_ENC_CITRIX05E,,,,,2,0,TRAFFIC_DETECTED,Po2,Po2: IN 40402888 bps / OUT 126505136 bps,0000.0c9f.f00a; 0026.9822.8bc3,"Cisco Systems, Inc; Cisco Systems, Inc",MISSING_ARP,0000.0c9f.f00a; 0026.9822.8bc3,NO,
DDC1-USON-ASW4,440,USON_ENC_CITRIX06A,,,,,2,0,TRAFFIC_DETECTED,Po2,Po2: IN 35338392 bps / OUT 127592776 bps,0000.0c9f.f00a; 0026.9822.8bc3,"Cisco Systems, Inc; Cisco Systems, Inc",MISSING_ARP,0000.0c9f.f00a; 0026.9822.8bc3,NO,
DDC1-USON-ASW4,441,USON_ENC_CITRIX06B,,,,,3,0,TRAFFIC_DETECTED,Po2,Po2: IN 35202224 bps / OUT 126820752 bps,0000.0c9f.f00a; 0026.980a.c843; 0026.9822.8bc3,"Cisco Systems, Inc; Cisco Systems, Inc; Cisco Systems, Inc",MISSING_ARP,0000.0c9f.f00a; 0026.980a.c843; 0026.9822.8bc3,NO,
DDC1-USON-ASW4,442,USON_ENC_CITRIX06C,,,,,2,0,TRAFFIC_DETECTED,Po2,Po2: IN 35590528 bps / OUT 138174936 bps,0000.0c9f.f00a; 0026.9822.8bc3,"Cisco Systems, Inc; Cisco Systems, Inc",MISSING_ARP,0000.0c9f.f00a; 0026.9822.8bc3,NO,
DDC1-USON-ASW4,443,USON_ENC_CITRIX06D,,,,,2,0,TRAFFIC_DETECTED,Po2,Po2: IN 35590528 bps / OUT 138174936 bps,0000.0c9f.f00a; 0026.9822.8bc3,"Cisco Systems, Inc; Cisco Systems, Inc",MISSING_ARP,0000.0c9f.f00a; 0026.9822.8bc3,NO,
DDC1-USON-ASW4,444,USON_ENC_CITRIX06E,,,,,2,0,TRAFFIC_DETECTED,Po2,Po2: IN 35565608 bps / OUT 145153096 bps,0000.0c9f.f00a; 0026.9822.8bc3,"Cisco Systems, Inc; Cisco Systems, Inc",MISSING_ARP,0000.0c9f.f00a; 0026.9822.8bc3,NO,
DDC1-USON-ASW4,448,USON_ENC_CITRIX07A,,,,,2,0,TRAFFIC_DETECTED,Po2,Po2: IN 35581608 bps / OUT 136953488 bps,0000.0c9f.f00a; 0026.9822.8bc3,"Cisco Systems, Inc; Cisco Systems, Inc",MISSING_ARP,0000.0c9f.f00a; 0026.9822.8bc3,NO,
DDC1-USON-ASW4,449,USON_ENC_CITRIX07B,,,,,2,0,TRAFFIC_DETECTED,Po2,Po2: IN 36999144 bps / OUT 133333104 bps,0000.0c9f.f00a; 0026.9822.8bc3,"Cisco Systems, Inc; Cisco Systems, Inc",MISSING_ARP,0000.0c9f.f00a; 0026.9822.8bc3,NO,
DDC1-USON-ASW4,450,USON_ENC_CITRIX07C,,,,,2,0,TRAFFIC_DETECTED,Po2,Po2: IN 36999144 bps / OUT 133333104 bps,0000.0c9f.f00a; 0026.9822.8bc3,"Cisco Systems, Inc; Cisco Systems, Inc",MISSING_ARP,0000.0c9f.f00a; 0026.9822.8bc3,NO,
DDC1-USON-ASW4,451,USON_ENC_CITRIX07D,,,,,2,0,TRAFFIC_DETECTED,Po2,Po2: IN 36595832 bps / OUT 131816840 bps,0000.0c9f.f00a; 0026.9822.8bc3,"Cisco Systems, Inc; Cisco Systems, Inc",MISSING_ARP,0000.0c9f.f00a; 0026.9822.8bc3,NO,
DDC1-USON-ASW4,452,USON_ENC_CITRIX07E,,,,,2,0,TRAFFIC_DETECTED,Po2,Po2: IN 36140368 bps / OUT 140714752 bps,0000.0c9f.f00a; 0026.9822.8bc3,"Cisco Systems, Inc; Cisco Systems, Inc",MISSING_ARP,0000.0c9f.f00a; 0026.9822.8bc3,NO,
DDC1-USON-ASW4,456,USON_ENC_CITRIX08A,,,,,2,0,TRAFFIC_DETECTED,Po2,Po2: IN 36648552 bps / OUT 134877400 bps,0000.0c9f.f00a; 0026.9822.8bc3,"Cisco Systems, Inc; Cisco Systems, Inc",MISSING_ARP,0000.0c9f.f00a; 0026.9822.8bc3,NO,
DDC1-USON-ASW4,457,USON_ENC_CITRIX08B,,,,,2,0,TRAFFIC_DETECTED,Po2,Po2: IN 42187024 bps / OUT 128356480 bps,0000.0c9f.f00a; 0026.9822.8bc3,"Cisco Systems, Inc; Cisco Systems, Inc",MISSING_ARP,0000.0c9f.f00a; 0026.9822.8bc3,NO,
DDC1-USON-ASW4,458,USON_ENC_CITRIX08C,,,,,2,0,TRAFFIC_DETECTED,Po2,Po2: IN 42187024 bps / OUT 128356480 bps,0000.0c9f.f00a; 0026.9822.8bc3,"Cisco Systems, Inc; Cisco Systems, Inc",MISSING_ARP,0000.0c9f.f00a; 0026.9822.8bc3,NO,
DDC1-USON-ASW4,459,USON_ENC_CITRIX08D,,,,,2,0,TRAFFIC_DETECTED,Po2,Po2: IN 59964176 bps / OUT 132373608 bps,0000.0c9f.f00a; 0026.9822.8bc3,"Cisco Systems, Inc; Cisco Systems, Inc",MISSING_ARP,0000.0c9f.f00a; 0026.9822.8bc3,NO,
DDC1-USON-ASW4,460,USON_ENC_CITRIX08E,,,,,3,0,TRAFFIC_DETECTED,Po2,Po2: IN 51972864 bps / OUT 134798072 bps,0000.0c9f.f00a; 0026.980a.c843; 0026.9822.8bc3,"Cisco Systems, Inc; Cisco Systems, Inc; Cisco Systems, Inc",MISSING_ARP,0000.0c9f.f00a; 0026.980a.c843; 0026.9822.8bc3,NO,
DDC1-USON-ASW4,461,USON_BAK,,,,,1,0,NOT_CHECKED,,,0024.9811.bc13,"Cisco Systems, Inc",MISSING_ARP,0024.9811.bc13,NO,
DDC1-USON-ASW4,464,USON_ENC_CITRIX09A,,,,,2,0,TRAFFIC_DETECTED,Po2,Po2: IN 47486232 bps / OUT 138864712 bps,0000.0c9f.f00a; 0026.9822.8bc3,"Cisco Systems, Inc; Cisco Systems, Inc",MISSING_ARP,0000.0c9f.f00a; 0026.9822.8bc3,NO,
DDC1-USON-ASW4,465,USON_ENC_CITRIX09B,,,,,2,0,TRAFFIC_DETECTED,Po2,Po2: IN 44650640 bps / OUT 130467664 bps,0000.0c9f.f00a; 0026.9822.8bc3,"Cisco Systems, Inc; Cisco Systems, Inc",MISSING_ARP,0000.0c9f.f00a; 0026.9822.8bc3,NO,
DDC1-USON-ASW4,466,USON_ENC_CITRIX09C,,,,,2,0,TRAFFIC_DETECTED,Po2,Po2: IN 43692768 bps / OUT 129189752 bps,0000.0c9f.f00a; 0026.9822.8bc3,"Cisco Systems, Inc; Cisco Systems, Inc",MISSING_ARP,0000.0c9f.f00a; 0026.9822.8bc3,NO,
DDC1-USON-ASW4,467,USON_ENC_CITRIX09D,,,,,2,0,TRAFFIC_DETECTED,Po2,Po2: IN 47810184 bps / OUT 129927360 bps,0000.0c9f.f00a; 0026.9822.8bc3,"Cisco Systems, Inc; Cisco Systems, Inc",MISSING_ARP,0000.0c9f.f00a; 0026.9822.8bc3,NO,
DDC1-USON-ASW4,468,USON_ENC_CITRIX09E,,,,,2,0,TRAFFIC_DETECTED,Po2,Po2: IN 46701904 bps / OUT 128457912 bps,0000.0c9f.f00a; 0026.9822.8bc3,"Cisco Systems, Inc; Cisco Systems, Inc",MISSING_ARP,0000.0c9f.f00a; 0026.9822.8bc3,NO,
DDC1-USON-ASW4,500,USON_DataDomain_Bak,,,,,3,0,TRAFFIC_DETECTED,Po2,Po2: IN 46701904 bps / OUT 128457912 bps,0000.0c9f.f00a; 0026.980a.c843; 0026.9822.8bc3,"Cisco Systems, Inc; Cisco Systems, Inc; Cisco Systems, Inc",MISSING_ARP,0000.0c9f.f00a; 0026.980a.c843; 0026.9822.8bc3,NO,
DDC1-USON-ASW4,605,RIGHTFAX_SIP_RTR_X_CONNECT,,,,,4,0,TRAFFIC_DETECTED,Po2,Po2: IN 62073896 bps / OUT 132617088 bps,0017.a477.d856; 0017.a477.d858; 380e.4d33.0390; 707d.b96a.a960,"Hewlett Packard; Hewlett Packard; Cisco Systems, Inc; Cisco Systems, Inc",MISSING_ARP,0017.a477.d856; 0017.a477.d858; 380e.4d33.0390; 707d.b96a.a960,NO,
DDC1-USON-ASW4,800,DDCDXPIDX-HMC,,,,,0,0,NOT_CHECKED,,,,,NO_MACS,,NO,VLAN
DDC1-USON-ASW4,3939,VM_non-routed-2,,,,,0,0,NOT_CHECKED,,,,,NO_MACS,,NO,VLAN
DDC1-USON-ASW4,4092,VM_non-routed,,,,,0,0,NOT_CHECKED,,,,,NO_MACS,,NO,VLAN
DDC1-USON-ASW5,1,default,,,,,0,0,NOT_CHECKED,,,,,NO_MACS,,NO,VLAN
DDC1-USON-ASW5,350,USON_ISPDMZ_VIP,,,,,2,0,TRAFFIC_DETECTED,Po14; Eth1/21,Po14: IN 82304 bps / OUT 104576 bps; Eth1/21: IN 83496 bps / OUT 135168 bps,8296.fd64.6755; b40c.25e5.0047,Locally administered/randomized MAC; Palo Alto Networks,MISSING_ARP,8296.fd64.6755; b40c.25e5.0047,NO,
DDC1-USON-ASW5,351,USON_ISPDMZ_SVR1,,,,,2,0,TRAFFIC_DETECTED,Po14; Eth1/21,Po14: IN 73280 bps / OUT 104624 bps; Eth1/21: IN 83496 bps / OUT 135168 bps,8296.fd64.6755; b40c.25e5.0047,Locally administered/randomized MAC; Palo Alto Networks,MISSING_ARP,8296.fd64.6755; b40c.25e5.0047,NO,
DDC1-USON-ASW5,352,USON_ISPDMZ_SVR2,,,,,1,0,NOT_CHECKED,,,b40c.25e5.0047,Palo Alto Networks,MISSING_ARP,b40c.25e5.0047,NO,
DDC1-USON-ASW5,353,USON_ISPDMZ_OAMGT,,,,,14,0,TRAFFIC_DETECTED,Eth101/1/48; Eth101/1/13; Eth101/1/14; Po15; Po14; Eth101/1/47; Eth1/21,Eth101/1/48: IN 28136 bps / OUT 39864 bps; Eth101/1/13: IN 50000 bps / OUT 11464 bps; Eth101/1/14: IN 128 bps / OUT 240 bps; Po15: IN 24304 bps / OUT 21640 bps; Po14: IN 82456 bps / OUT 102608 bps; Eth101/1/47: IN 104 bps / OUT 224 bps; Eth1/21: IN 82096 bps / OUT 133200 bps,101f.7478.2498; 101f.7478.24a8; 101f.7478.7526; 101f.7478.752c; 3cd9.2bfb.9f2f; 3cd9.2bfb.9fc7; 7a8b.c95e.2e68; 8296.fd64.6755; 9c8e.992a.c8f5; 9c8e.992a.e8fb; b40c.25e5.0047; b499.ba28.4a30; b499.ba28.4b36; f4ce.46ae.2938,Hewlett Packard; Hewlett Packard; Hewlett Packard; Hewlett Packard; Hewlett Packard; Hewlett Packard; Locally administered/randomized MAC; Locally administered/randomized MAC; Hewlett Packard; Hewlett Packard; Palo Alto Networks; Hewlett Packard; Hewlett Packard; Hewlett Packard,MISSING_ARP,101f.7478.2498; 101f.7478.24a8; 101f.7478.7526; 101f.7478.752c; 3cd9.2bfb.9f2f; 3cd9.2bfb.9fc7; 7a8b.c95e.2e68; 8296.fd64.6755; 9c8e.992a.c8f5; 9c8e.992a.e8fb; b40c.25e5.0047; b499.ba28.4a30; b499.ba28.4b36; f4ce.46ae.2938,NO,
DDC1-USON-ASW5,355,USON_ISPDMZ_MGMT,,,,,1,0,NOT_CHECKED,,,b40c.25e5.0047,Palo Alto Networks,MISSING_ARP,b40c.25e5.0047,NO,
DDC1-USON-ASW5,3939,VM_non-routed-2,,,,,0,0,NOT_CHECKED,,,,,NO_MACS,,NO,VLAN
DDC1-USON-ASW6,1,default,,,,,0,0,NOT_CHECKED,,,,,NO_MACS,,YES,VLAN
DDC1-USON-ASW6,350,USON_ISPDMZ_VIP,,,,,1,0,NOT_CHECKED,,,8296.fd64.6755,Locally administered/randomized MAC,MISSING_ARP,8296.fd64.6755,YES,
DDC1-USON-ASW6,351,USON_ISPDMZ_SVR1,,,,,1,0,NOT_CHECKED,,,8296.fd64.6755,Locally administered/randomized MAC,MISSING_ARP,8296.fd64.6755,YES,
DDC1-USON-ASW6,352,USON_ISPDMZ_SVR2,,,,,0,0,NOT_CHECKED,,,,,NO_MACS,,YES,VLAN
DDC1-USON-ASW6,353,USON_ISPDMZ_OAMGT,,,,,2,0,TRAFFIC_DETECTED,Po15; Po14,Po15: IN 9208 bps / OUT 7792 bps; Po14: IN 70168 bps / OUT 9360 bps,7a8b.c95e.2e68; 8296.fd64.6755,Locally administered/randomized MAC; Locally administered/randomized MAC,MISSING_ARP,7a8b.c95e.2e68; 8296.fd64.6755,YES,
DDC1-USON-ASW6,355,USON_ISPDMZ_MGMT,,,,,0,0,NOT_CHECKED,,,,,NO_MACS,,YES,VLAN
DDC1-USON-ASW6,3939,VM_non-routed-2,,,,,0,0,NOT_CHECKED,,,,,NO_MACS,,YES,VLAN
DDC1-USON-DSW1,1,default,,0026.980a.c843,"Cisco Systems, Inc",,2,0,TRAFFIC_DETECTED,Po13; Po12,Po13: IN 1008 bps / OUT 65576 bps; Po12: IN 12724512 bps / OUT 4182672 bps,1a2e.3af0.74dd; 4257.b8dc.d574,Locally administered/randomized MAC; Locally administered/randomized MAC,MISSING_ARP,1a2e.3af0.74dd; 4257.b8dc.d574,YES,
DDC1-USON-DSW1,10,VDC_Routed_Peer,,,,,0,0,NOT_CHECKED,,,,,NO_MACS,,YES,VLAN
DDC1-USON-DSW1,110,USON_WEB1,10.5.192.253/24,0026.980a.c843,"Cisco Systems, Inc",USON_WEB1,0,2,NOT_CHECKED,,,,,NO_MACS,,YES,
DDC1-USON-DSW1,116,USON_VSERVER1,10.5.198.253/24,0026.980a.c843,"Cisco Systems, Inc",USON_VSERVER1,2,4,TRAFFIC_DETECTED,Po10; Po12,Po10: IN 21797688 bps / OUT 119156840 bps; Po12: IN 8467168 bps / OUT 3972816 bps,14a9.d006.c707; 4257.b8dc.d574,F5 Inc.; Locally administered/randomized MAC,PASS,,YES,
DDC1-USON-DSW1,117,USON_VSERVER2,10.5.199.253/24,0026.980a.c843,"Cisco Systems, Inc",USON_VSERVER2,2,4,TRAFFIC_DETECTED,Po11,Po11: IN 155268864 bps / OUT 9991984 bps,0050.569c.0006; 0050.569f.3ef0,"VMware, Inc.; VMware, Inc.",PASS,,YES,
DDC1-USON-DSW1,124,USON_JCAP_1,,,,,0,0,NOT_CHECKED,,,,,NO_MACS,,YES,VLAN
DDC1-USON-DSW1,125,USON_JCAP_2,,,,,0,0,NOT_CHECKED,,,,,NO_MACS,,YES,VLAN
DDC1-USON-DSW1,126,USON_CITRIX3,10.5.207.253/24,0026.980a.c843,"Cisco Systems, Inc",USON_CITRIX3,2,4,TRAFFIC_DETECTED,Po10; Po12,Po10: IN 16637384 bps / OUT 14033424 bps; Po12: IN 7250952 bps / OUT 3695872 bps,14a9.d006.c709; 4257.b8dc.d574,F5 Inc.; Locally administered/randomized MAC,PASS,,YES,
DDC1-USON-DSW1,127,USON_CITRIX4,10.5.208.253/24,0026.980a.c843,"Cisco Systems, Inc",USON_CITRIX4,2,4,TRAFFIC_DETECTED,Po11,Po11: IN 87535720 bps / OUT 6993632 bps,0050.569f.9d17; 0050.569f.a498,"VMware, Inc.; VMware, Inc.",PASS,,YES,
DDC1-USON-DSW1,130,USON_AD_SEC,10.5.205.253/25,0026.980a.c843,"Cisco Systems, Inc",USON_AD_SEC,2,4,TRAFFIC_DETECTED,Po10,Po10: IN 10234888 bps / OUT 10259904 bps,ac16.2d45.2087; ac16.2d45.a112,Hewlett Packard; Hewlett Packard,PASS,,YES,
DDC1-USON-DSW1,132,DDC_CAJ2,10.5.211.253/24,0026.980a.c843,"Cisco Systems, Inc",DDC_CAJ2,0,2,NOT_CHECKED,,,,,NO_MACS,,YES,
DDC1-USON-DSW1,133,DDC_CAJ3,10.5.212.253/24,0026.980a.c843,"Cisco Systems, Inc",DDC_CAJ3,0,2,NOT_CHECKED,,,,,NO_MACS,,YES,
DDC1-USON-DSW1,134,DDC_CAJ4,10.5.213.253/24,0026.980a.c843,"Cisco Systems, Inc",DDC_CAJ4,1,3,NOT_CHECKED,,,000d.ec76.8bfd,"Cisco Systems, Inc",PASS,,YES,
DDC1-USON-DSW1,136,USON_EXCHANGE_SEC,10.5.215.253/24,0026.980a.c843,"Cisco Systems, Inc",USON_EXCHANGE_SEC,1,3,NOT_CHECKED,,,001e.67f1.81e9,Intel Corporate,PASS,,YES,
DDC1-USON-DSW1,137,USON_CITRIX_PRI,10.5.216.253/24,0026.980a.c843,"Cisco Systems, Inc",USON_CITRIX_PRI,0,2,NOT_CHECKED,,,,,NO_MACS,,YES,
DDC1-USON-DSW1,138,USON_CITRIX_SEC,10.5.217.253/24,0026.980a.c843,"Cisco Systems, Inc",USON_CITRIX_SEC,0,2,NOT_CHECKED,,,,,NO_MACS,,YES,
DDC1-USON-DSW1,139,USON_MELIO,10.5.218.253/24,0026.980a.c843,"Cisco Systems, Inc",USON_MELIO,0,2,NOT_CHECKED,,,,,NO_MACS,,YES,
DDC1-USON-DSW1,140,USON_CITRIX_PVS1,10.5.219.253/24,0026.980a.c843,"Cisco Systems, Inc",USON_CITRIX_PVS1,0,2,NOT_CHECKED,,,,,NO_MACS,,YES,
DDC1-USON-DSW1,141,USON_CITRIX_PVS2,10.5.220.253/24,0026.980a.c843,"Cisco Systems, Inc",USON_USON_CITRIX_PVS2,0,2,NOT_CHECKED,,,,,NO_MACS,,YES,
DDC1-USON-DSW1,144,USON_SQL,10.5.223.253/24,0026.980a.c843,"Cisco Systems, Inc",USON_SQL,0,2,NOT_CHECKED,,,,,NO_MACS,,YES,
DDC1-USON-DSW1,145,Ontada_Private,,,,,0,0,NOT_CHECKED,,,,,NO_MACS,,YES,VLAN
DDC1-USON-DSW1,200,USON_ASPFW_TRUST,10.255.146.4/29,0026.980a.c843,"Cisco Systems, Inc",USON_ASPFW_TRUST,1,3,NOT_CHECKED,,,b40c.25e5.0011,Palo Alto Networks,PASS,,YES,
DDC1-USON-DSW1,402,USON_ENC_CITRIX01C,10.9.2.253/24,0026.980a.c843,"Cisco Systems, Inc",USON_ENC_CITRIX01C,0,2,NOT_CHECKED,,,,,NO_MACS,,YES,
DDC1-USON-DSW1,403,USON_ENC_CITRIX01D,10.9.3.253/24,0026.980a.c843,"Cisco Systems, Inc",USON_ENC_CITRIX01D,2,4,TRAFFIC_DETECTED,Po11,Po11: IN 116626568 bps / OUT 6475824 bps,001b.9700.5259; 001b.9700.525a,Violin Technologies; Violin Technologies,PASS,,YES,
DDC1-USON-DSW1,404,USON_ENC_CITRIX01E,10.9.4.253/24,0026.980a.c843,"Cisco Systems, Inc",USON_ENC_CITRIX01E,0,2,NOT_CHECKED,,,,,NO_MACS,,YES,
DDC1-USON-DSW1,408,USON_ENC_CITRIX02A,10.9.8.253/24,0026.980a.c843,"Cisco Systems, Inc",USON_ENC_CITRIX02A,0,2,NOT_CHECKED,,,,,NO_MACS,,YES,
DDC1-USON-DSW1,409,USON_ENC_CITRIX02B,10.9.9.253/24,0026.980a.c843,"Cisco Systems, Inc",USON_ENC_CITRIX02B,0,2,NOT_CHECKED,,,,,NO_MACS,,YES,
DDC1-USON-DSW1,410,USON_ENC_CITRIX02C,10.9.10.253/24,0026.980a.c843,"Cisco Systems, Inc",USON_ENC_CITRIX02C,0,2,NOT_CHECKED,,,,,NO_MACS,,YES,
DDC1-USON-DSW1,412,USON_ENC_CITRIX02E,10.9.12.253/24,0026.980a.c843,"Cisco Systems, Inc",USON_ENC_CITRIX02E,0,2,NOT_CHECKED,,,,,NO_MACS,,YES,
DDC1-USON-DSW1,415,Kurt-VLAN,10.9.16.125/25,0026.980a.c843,"Cisco Systems, Inc",Kurt-VLAN,0,2,NOT_CHECKED,,,,,NO_MACS,,YES,
DDC1-USON-DSW1,416,USON_ENC_CITRIX03A,10.9.16.253/26,0026.980a.c843,"Cisco Systems, Inc",Riverbed-VLAN,0,2,NOT_CHECKED,,,,,NO_MACS,,YES,
DDC1-USON-DSW1,417,USON_ENC_CITRIX03B,10.9.17.253/24,0026.980a.c843,"Cisco Systems, Inc",USON_ENC_CITRIX03B,1,3,NOT_CHECKED,,,14a9.d006.c70a,F5 Inc.,PASS,,YES,
DDC1-USON-DSW1,419,USON_ENC_CITRIX03D,10.9.19.253/24,0026.980a.c843,"Cisco Systems, Inc",USON_ENC_CITRIX03D,2,3,TRAFFIC_DETECTED,Po11,Po11: IN 133768544 bps / OUT 10857368 bps,308d.9930.6f29; 5820.b185.2030,Hewlett Packard; Hewlett Packard,MISSING_ARP,308d.9930.6f29,YES,
DDC1-USON-DSW1,420,USON_ENC_CITRIX03E,10.9.23.253/22,0026.980a.c843,"Cisco Systems, Inc",CITRIX_7x_PVS,0,2,NOT_CHECKED,,,,,NO_MACS,,YES,
DDC1-USON-DSW1,424,USON_ENC_CITRIX04A,10.9.24.253/24,0026.980a.c843,"Cisco Systems, Inc",USON_ENC_CITRIX04A,0,2,NOT_CHECKED,,,,,NO_MACS,,YES,
DDC1-USON-DSW1,425,USON_ENC_CITRIX04B,10.9.25.253/24,0026.980a.c843,"Cisco Systems, Inc",USON_ENC_CITRIX04B,0,2,NOT_CHECKED,,,,,NO_MACS,,YES,
DDC1-USON-DSW1,426,USON_ENC_CITRIX04C,10.9.26.253/24,0026.980a.c843,"Cisco Systems, Inc",USON_ENC_CITRIX04C,0,2,NOT_CHECKED,,,,,NO_MACS,,YES,
DDC1-USON-DSW1,427,USON_ENC_CITRIX04D,10.9.27.253/24,0026.980a.c843,"Cisco Systems, Inc",USON_ENC_CITRIX04D,0,2,NOT_CHECKED,,,,,NO_MACS,,YES,
DDC1-USON-DSW1,428,USON_ENC_CITRIX04E,10.9.28.253/24,0026.980a.c843,"Cisco Systems, Inc",USON_ENC_CITRIX04E,0,2,NOT_CHECKED,,,,,NO_MACS,,YES,
DDC1-USON-DSW1,432,USON_ENC_CITRIX05A,10.9.32.253/24,0026.980a.c843,"Cisco Systems, Inc",USON_ENC_CITRIX05A,0,2,NOT_CHECKED,,,,,NO_MACS,,YES,
DDC1-USON-DSW1,433,USON_ENC_CITRIX05B,10.9.33.253/24,0026.980a.c843,"Cisco Systems, Inc",USON_ENC_CITRIX05B,0,2,NOT_CHECKED,,,,,NO_MACS,,YES,
DDC1-USON-DSW1,434,USON_ENC_CITRIX05C,10.9.34.253/24,0026.980a.c843,"Cisco Systems, Inc",USON_ENC_CITRIX05C,0,2,NOT_CHECKED,,,,,NO_MACS,,YES,
DDC1-USON-DSW1,435,USON_ENC_CITRIX05D,10.9.35.253/24,0026.980a.c843,"Cisco Systems, Inc",USON_ENC_CITRIX05D,0,2,NOT_CHECKED,,,,,NO_MACS,,YES,
DDC1-USON-DSW1,436,USON_ENC_CITRIX05E,10.9.36.253/24,0026.980a.c843,"Cisco Systems, Inc",USON_ENC_CITRIX05E,0,2,NOT_CHECKED,,,,,NO_MACS,,YES,
DDC1-USON-DSW1,440,USON_ENC_CITRIX06A,10.9.40.253/24,0026.980a.c843,"Cisco Systems, Inc",USON_ENC_CITRIX06A,0,2,NOT_CHECKED,,,,,NO_MACS,,YES,
DDC1-USON-DSW1,441,USON_ENC_CITRIX06B,10.9.41.253/24,0026.980a.c843,"Cisco Systems, Inc",USON_ENC_CITRIX06B,0,2,NOT_CHECKED,,,,,NO_MACS,,YES,
DDC1-USON-DSW1,442,USON_ENC_CITRIX06C,10.9.42.253/24,0026.980a.c843,"Cisco Systems, Inc",USON_ENC_CITRIX06C,0,2,NOT_CHECKED,,,,,NO_MACS,,YES,
DDC1-USON-DSW1,443,USON_ENC_CITRIX06D,10.9.43.253/24,0026.980a.c843,"Cisco Systems, Inc",USON_ENC_CITRIX06D,0,2,NOT_CHECKED,,,,,NO_MACS,,YES,
DDC1-USON-DSW1,444,USON_ENC_CITRIX06E,10.9.44.253/24,0026.980a.c843,"Cisco Systems, Inc",USON_ENC_CITRIX06E,0,2,NOT_CHECKED,,,,,NO_MACS,,YES,
DDC1-USON-DSW1,448,USON_ENC_CITRIX07A,10.9.48.253/24,0026.980a.c843,"Cisco Systems, Inc",USON_ENC_CITRIX07A,0,2,NOT_CHECKED,,,,,NO_MACS,,YES,
DDC1-USON-DSW1,449,USON_ENC_CITRIX07B,10.9.49.253/24,0026.980a.c843,"Cisco Systems, Inc",USON_ENC_CITRIX07B,0,2,NOT_CHECKED,,,,,NO_MACS,,YES,
DDC1-USON-DSW1,450,USON_ENC_CITRIX07C,10.9.50.253/24,0026.980a.c843,"Cisco Systems, Inc",USON_ENC_CITRIX07C,0,2,NOT_CHECKED,,,,,NO_MACS,,YES,
DDC1-USON-DSW1,451,USON_ENC_CITRIX07D,10.9.51.253/24,0026.980a.c843,"Cisco Systems, Inc",USON_ENC_CITRIX07D,0,2,NOT_CHECKED,,,,,NO_MACS,,YES,
DDC1-USON-DSW1,452,USON_ENC_CITRIX07E,10.9.52.253/24,0026.980a.c843,"Cisco Systems, Inc",USON_ENC_CITRIX07E,0,2,NOT_CHECKED,,,,,NO_MACS,,YES,
DDC1-USON-DSW1,456,USON_ENC_CITRIX08A,10.9.56.253/24,0026.980a.c843,"Cisco Systems, Inc",USON_ENC_CITRIX08A,0,2,NOT_CHECKED,,,,,NO_MACS,,YES,
DDC1-USON-DSW1,457,USON_ENC_CITRIX08B,10.9.57.253/24,0026.980a.c843,"Cisco Systems, Inc",USON_ENC_CITRIX08B,0,2,NOT_CHECKED,,,,,NO_MACS,,YES,
DDC1-USON-DSW1,458,USON_ENC_CITRIX08C,10.9.58.253/24,0026.980a.c843,"Cisco Systems, Inc",USON_ENC_CITRIX08C,0,2,NOT_CHECKED,,,,,NO_MACS,,YES,
DDC1-USON-DSW1,459,USON_ENC_CITRIX08D,10.9.59.253/24,0026.980a.c843,"Cisco Systems, Inc",USON_ENC_CITRIX08D,0,2,NOT_CHECKED,,,,,NO_MACS,,YES,
DDC1-USON-DSW1,460,USON_ENC_CITRIX08E,10.9.63.253/22,0026.980a.c843,"Cisco Systems, Inc",USON_ENC_CITRIX08E,0,2,NOT_CHECKED,,,,,NO_MACS,,YES,
DDC1-USON-DSW1,461,USON_BAK,,,,,1,0,NOT_CHECKED,,,b40c.25e5.4045,Palo Alto Networks,MISSING_ARP,b40c.25e5.4045,YES,
DDC1-USON-DSW1,464,USON_ENC_CITRIX09A,10.9.64.253/24,0026.980a.c843,"Cisco Systems, Inc",USON_ENC_CITRIX09A,0,1,NOT_CHECKED,,,,,NO_MACS,,YES,
DDC1-USON-DSW1,465,USON_ENC_CITRIX09B,10.9.65.253/24,0026.980a.c843,"Cisco Systems, Inc",USON_ENC_CITRIX09B,0,1,NOT_CHECKED,,,,,NO_MACS,,YES,
DDC1-USON-DSW1,466,USON_ENC_CITRIX09C,10.9.66.253/24,0026.980a.c843,"Cisco Systems, Inc",USON_ENC_CITRIX09C,0,1,NOT_CHECKED,,,,,NO_MACS,,YES,
DDC1-USON-DSW1,467,USON_ENC_CITRIX09D,10.9.67.253/24,0026.980a.c843,"Cisco Systems, Inc",USON_ENC_CITRIX09D,0,1,NOT_CHECKED,,,,,NO_MACS,,YES,
DDC1-USON-DSW1,468,USON_ENC_CITRIX09E,10.9.68.253/24,0026.980a.c843,"Cisco Systems, Inc",USON_ENC_CITRIX09E,0,1,NOT_CHECKED,,,,,NO_MACS,,YES,
DDC1-USON-DSW1,469,DDCDIDXTST01-hmc,,,,,0,0,NOT_CHECKED,,,,,NO_MACS,,YES,VLAN
DDC1-USON-DSW1,500,USON_DataDomain_Bak,10.9.75.253/22,0026.980a.c843,"Cisco Systems, Inc",USON_DataDomain_Bak,2,3,TRAFFIC_DETECTED,Eth4/12,Eth4/12: IN 0 bps / OUT 1048 bps,0060.16b6.0fbe; 0060.1698.d516,CLARIION; CLARIION,PASS,,YES,
DDC1-USON-DSW1,605,RIGHTFAX_SIP_RTR_X_CONNECT,,,,,5,0,TRAFFIC_DETECTED,Po10; Po11,Po10: IN 14239168 bps / OUT 12984568 bps; Po11: IN 119416856 bps / OUT 6676264 bps,0017.a477.d856; 0017.a477.d858; 0050.569f.444a; 380e.4d33.0390; 707d.b96a.a960,"Hewlett Packard; Hewlett Packard; VMware, Inc.; Cisco Systems, Inc; Cisco Systems, Inc",MISSING_ARP,0017.a477.d856; 0017.a477.d858; 0050.569f.444a; 380e.4d33.0390; 707d.b96a.a960,YES,
DDC1-USON-DSW1,800,DDCDXPIDX-HMC,,,,,0,0,NOT_CHECKED,,,,,NO_MACS,,YES,VLAN
DDC1-USON-DSW1,1700,USON_ECFW_ASP,10.255.191.34/29,0026.980a.c843,"Cisco Systems, Inc",USON_ECFW_ASP,1,3,NOT_CHECKED,,,b40c.25e5.4011,Palo Alto Networks,PASS,,YES,
DDC1-USON-DSW1,3939,VM_non-routed-2,,,,,0,0,NOT_CHECKED,,,,,NO_MACS,,YES,VLAN
DDC1-USON-DSW2,1,default,,0026.9822.8bc3,"Cisco Systems, Inc",,2,0,TRAFFIC_DETECTED,Po13; Po12,Po13: IN 13280 bps / OUT 51528 bps; Po12: IN 7477288 bps / OUT 11195728 bps,1a2e.3af0.74dd; 4257.b8dc.d574,Locally administered/randomized MAC; Locally administered/randomized MAC,MISSING_ARP,1a2e.3af0.74dd; 4257.b8dc.d574,NO,
DDC1-USON-DSW2,10,VDC_Routed_Peer,,,,,0,0,NOT_CHECKED,,,,,NO_MACS,,NO,VLAN
DDC1-USON-DSW2,110,USON_WEB1,10.5.192.252/24,0026.9822.8bc3,"Cisco Systems, Inc",USON_WEB1,0,2,NOT_CHECKED,,,,,NO_MACS,,NO,
DDC1-USON-DSW2,116,USON_VSERVER1,10.5.198.252/24,0026.9822.8bc3,"Cisco Systems, Inc",USON_VSERVER1,2,4,TRAFFIC_DETECTED,Po10; Po12,Po10: IN 30073184 bps / OUT 36757048 bps; Po12: IN 6138304 bps / OUT 9611192 bps,14a9.d006.c707; 4257.b8dc.d574,F5 Inc.; Locally administered/randomized MAC,PASS,,NO,
DDC1-USON-DSW2,117,USON_VSERVER2,10.5.199.252/24,0026.9822.8bc3,"Cisco Systems, Inc",USON_VSERVER2,2,4,TRAFFIC_DETECTED,Po11,Po11: IN 134224800 bps / OUT 66004168 bps,0050.569c.0006; 0050.569f.3ef0,"VMware, Inc.; VMware, Inc.",PASS,,NO,
DDC1-USON-DSW2,124,USON_JCAP_1,,,,,0,0,NOT_CHECKED,,,,,NO_MACS,,NO,VLAN
DDC1-USON-DSW2,125,USON_JCAP_2,,,,,0,0,NOT_CHECKED,,,,,NO_MACS,,NO,VLAN
DDC1-USON-DSW2,126,USON_CITRIX3,10.5.207.252/24,0026.9822.8bc3,"Cisco Systems, Inc",USON_CITRIX3,2,4,TRAFFIC_DETECTED,Po10; Po12,Po10: IN 31362056 bps / OUT 36930864 bps; Po12: IN 8101680 bps / OUT 12021792 bps,14a9.d006.c709; 4257.b8dc.d574,F5 Inc.; Locally administered/randomized MAC,PASS,,NO,
DDC1-USON-DSW2,127,USON_CITRIX4,10.5.208.252/24,0026.9822.8bc3,"Cisco Systems, Inc",USON_CITRIX4,2,4,TRAFFIC_DETECTED,Po11,Po11: IN 145235976 bps / OUT 89113208 bps,0050.569f.9d17; 0050.569f.a498,"VMware, Inc.; VMware, Inc.",PASS,,NO,
DDC1-USON-DSW2,130,USON_AD_SEC,10.5.205.252/25,0026.9822.8bc3,"Cisco Systems, Inc",USON_AD_SEC,2,4,TRAFFIC_DETECTED,Po10,Po10: IN 27368072 bps / OUT 33714128 bps,ac16.2d45.2087; ac16.2d45.a112,Hewlett Packard; Hewlett Packard,PASS,,NO,
DDC1-USON-DSW2,132,DDC_CAJ2,10.5.211.252/24,0026.9822.8bc3,"Cisco Systems, Inc",DDC_CAJ1,0,2,NOT_CHECKED,,,,,NO_MACS,,NO,
DDC1-USON-DSW2,133,DDC_CAJ3,10.5.212.252/24,0026.9822.8bc3,"Cisco Systems, Inc",DDC_CAJ3,0,2,NOT_CHECKED,,,,,NO_MACS,,NO,
DDC1-USON-DSW2,134,DDC_CAJ4,10.5.213.252/24,0026.9822.8bc3,"Cisco Systems, Inc",DDC_CAJ4,1,3,NOT_CHECKED,,,000d.ec76.8bfd,"Cisco Systems, Inc",PASS,,NO,
DDC1-USON-DSW2,136,USON_EXCHANGE_SEC,10.5.215.252/24,0026.9822.8bc3,"Cisco Systems, Inc",USON_EXCHANGE_SEC,1,3,NOT_CHECKED,,,001e.67f1.81e9,Intel Corporate,PASS,,NO,
DDC1-USON-DSW2,137,USON_CITRIX_PRI,10.5.216.252/24,0026.9822.8bc3,"Cisco Systems, Inc",USON_CITRIX_PRI,0,2,NOT_CHECKED,,,,,NO_MACS,,NO,
DDC1-USON-DSW2,138,USON_CITRIX_SEC,10.5.217.252/24,0026.9822.8bc3,"Cisco Systems, Inc",USON_CITRIX_SEC,0,2,NOT_CHECKED,,,,,NO_MACS,,NO,
DDC1-USON-DSW2,139,USON_MELIO,10.5.218.252/24,0026.9822.8bc3,"Cisco Systems, Inc",USON_MELIO,0,2,NOT_CHECKED,,,,,NO_MACS,,NO,
DDC1-USON-DSW2,140,USON_CITRIX_PVS1,10.5.219.252/24,0026.9822.8bc3,"Cisco Systems, Inc",USON_CITRIX_PVS1,0,2,NOT_CHECKED,,,,,NO_MACS,,NO,
DDC1-USON-DSW2,141,USON_CITRIX_PVS2,10.5.220.252/24,0026.9822.8bc3,"Cisco Systems, Inc",USON_USON_CITRIX_PVS2,0,2,NOT_CHECKED,,,,,NO_MACS,,NO,
DDC1-USON-DSW2,144,USON_SQL,10.5.223.252/24,0026.9822.8bc3,"Cisco Systems, Inc",USON_SQL,0,2,NOT_CHECKED,,,,,NO_MACS,,NO,
DDC1-USON-DSW2,145,Ontada_Private,,,,,0,0,NOT_CHECKED,,,,,NO_MACS,,NO,VLAN
DDC1-USON-DSW2,200,USON_ASPFW_TRUST,10.255.146.5/29,0026.9822.8bc3,"Cisco Systems, Inc",USON_ASPFW_TRUST,1,2,NOT_CHECKED,,,b40c.25e5.0011,Palo Alto Networks,PASS,,NO,
DDC1-USON-DSW2,402,USON_ENC_CITRIX01C,10.9.2.252/24,0026.9822.8bc3,"Cisco Systems, Inc",USON_ENC_CITRIX01C,0,2,NOT_CHECKED,,,,,NO_MACS,,NO,
DDC1-USON-DSW2,403,USON_ENC_CITRIX01D,10.9.3.252/24,0026.9822.8bc3,"Cisco Systems, Inc",USON_ENC_CITRIX01D,2,4,TRAFFIC_DETECTED,Po11,Po11: IN 122096184 bps / OUT 95183728 bps,001b.9700.5259; 001b.9700.525a,Violin Technologies; Violin Technologies,PASS,,NO,
DDC1-USON-DSW2,404,USON_ENC_CITRIX01E,10.9.4.252/24,0026.9822.8bc3,"Cisco Systems, Inc",USON_ENC_CITRIX01E,0,2,NOT_CHECKED,,,,,NO_MACS,,NO,
DDC1-USON-DSW2,408,USON_ENC_CITRIX02A,10.9.8.252/24,0026.9822.8bc3,"Cisco Systems, Inc",USON_ENC_CITRIX02A,0,2,NOT_CHECKED,,,,,NO_MACS,,NO,
DDC1-USON-DSW2,409,USON_ENC_CITRIX02B,10.9.9.252/24,0026.9822.8bc3,"Cisco Systems, Inc",USON_ENC_CITRIX02B,0,2,NOT_CHECKED,,,,,NO_MACS,,NO,
DDC1-USON-DSW2,410,USON_ENC_CITRIX02C,10.9.10.252/24,0026.9822.8bc3,"Cisco Systems, Inc",USON_ENC_CITRIX02C,0,2,NOT_CHECKED,,,,,NO_MACS,,NO,
DDC1-USON-DSW2,412,USON_ENC_CITRIX02E,10.9.12.252/24,0026.9822.8bc3,"Cisco Systems, Inc",USON_ENC_CITRIX02E,0,2,NOT_CHECKED,,,,,NO_MACS,,NO,
DDC1-USON-DSW2,415,Kurt-VLAN,10.9.16.124/25,0026.9822.8bc3,"Cisco Systems, Inc",Kurt-VLAN,0,2,NOT_CHECKED,,,,,NO_MACS,,NO,
DDC1-USON-DSW2,416,USON_ENC_CITRIX03A,10.9.16.252/26,0026.9822.8bc3,"Cisco Systems, Inc",Riverbed-VLAN,0,2,NOT_CHECKED,,,,,NO_MACS,,NO,
DDC1-USON-DSW2,417,USON_ENC_CITRIX03B,10.9.17.252/24,0026.9822.8bc3,"Cisco Systems, Inc",USON_ENC_CITRIX03B,1,3,NOT_CHECKED,,,14a9.d006.c70a,F5 Inc.,PASS,,NO,
DDC1-USON-DSW2,419,USON_ENC_CITRIX03D,10.9.19.252/24,0026.9822.8bc3,"Cisco Systems, Inc",USON_ENC_CITRIX03D,2,3,TRAFFIC_DETECTED,Po11,Po11: IN 100181632 bps / OUT 79809960 bps,308d.9930.6f29; 5820.b185.2030,Hewlett Packard; Hewlett Packard,MISSING_ARP,308d.9930.6f29,NO,
DDC1-USON-DSW2,420,USON_ENC_CITRIX03E,10.9.23.252/22,0026.9822.8bc3,"Cisco Systems, Inc",CITRIX_7x_PVS,0,2,NOT_CHECKED,,,,,NO_MACS,,NO,
DDC1-USON-DSW2,424,USON_ENC_CITRIX04A,10.9.24.252/24,0026.9822.8bc3,"Cisco Systems, Inc",USON_ENC_CITRIX04A,0,2,NOT_CHECKED,,,,,NO_MACS,,NO,
DDC1-USON-DSW2,425,USON_ENC_CITRIX04B,10.9.25.252/24,0026.9822.8bc3,"Cisco Systems, Inc",USON_ENC_CITRIX04B,0,2,NOT_CHECKED,,,,,NO_MACS,,NO,
DDC1-USON-DSW2,426,USON_ENC_CITRIX04C,10.9.26.252/24,0026.9822.8bc3,"Cisco Systems, Inc",USON_ENC_CITRIX04C,0,2,NOT_CHECKED,,,,,NO_MACS,,NO,
DDC1-USON-DSW2,427,USON_ENC_CITRIX04D,10.9.27.252/24,0026.9822.8bc3,"Cisco Systems, Inc",USON_ENC_CITRIX04D,0,2,NOT_CHECKED,,,,,NO_MACS,,NO,
DDC1-USON-DSW2,428,USON_ENC_CITRIX04E,10.9.28.252/24,0026.9822.8bc3,"Cisco Systems, Inc",USON_ENC_CITRIX04E,0,2,NOT_CHECKED,,,,,NO_MACS,,NO,
DDC1-USON-DSW2,432,USON_ENC_CITRIX05A,10.9.32.252/24,0026.9822.8bc3,"Cisco Systems, Inc",USON_ENC_CITRIX05A,0,2,NOT_CHECKED,,,,,NO_MACS,,NO,
DDC1-USON-DSW2,433,USON_ENC_CITRIX05B,10.9.33.252/24,0026.9822.8bc3,"Cisco Systems, Inc",USON_ENC_CITRIX05B,0,2,NOT_CHECKED,,,,,NO_MACS,,NO,
DDC1-USON-DSW2,434,USON_ENC_CITRIX05C,10.9.34.252/24,0026.9822.8bc3,"Cisco Systems, Inc",USON_ENC_CITRIX05C,0,2,NOT_CHECKED,,,,,NO_MACS,,NO,
DDC1-USON-DSW2,435,USON_ENC_CITRIX05D,10.9.35.252/24,0026.9822.8bc3,"Cisco Systems, Inc",USON_ENC_CITRIX05D,0,2,NOT_CHECKED,,,,,NO_MACS,,NO,
DDC1-USON-DSW2,436,USON_ENC_CITRIX05E,10.9.36.252/24,0026.9822.8bc3,"Cisco Systems, Inc",USON_ENC_CITRIX05E,0,2,NOT_CHECKED,,,,,NO_MACS,,NO,
DDC1-USON-DSW2,440,USON_ENC_CITRIX06A,10.9.40.252/24,0026.9822.8bc3,"Cisco Systems, Inc",USON_ENC_CITRIX06A,0,2,NOT_CHECKED,,,,,NO_MACS,,NO,
DDC1-USON-DSW2,441,USON_ENC_CITRIX06B,10.9.41.252/24,0026.9822.8bc3,"Cisco Systems, Inc",USON_ENC_CITRIX06B,0,2,NOT_CHECKED,,,,,NO_MACS,,NO,
DDC1-USON-DSW2,442,USON_ENC_CITRIX06C,10.9.42.252/24,0026.9822.8bc3,"Cisco Systems, Inc",USON_ENC_CITRIX06C,0,2,NOT_CHECKED,,,,,NO_MACS,,NO,
DDC1-USON-DSW2,443,USON_ENC_CITRIX06D,10.9.43.252/24,0026.9822.8bc3,"Cisco Systems, Inc",USON_ENC_CITRIX06D,0,2,NOT_CHECKED,,,,,NO_MACS,,NO,
DDC1-USON-DSW2,444,USON_ENC_CITRIX06E,10.9.44.252/24,0026.9822.8bc3,"Cisco Systems, Inc",USON_ENC_CITRIX06E,0,2,NOT_CHECKED,,,,,NO_MACS,,NO,
DDC1-USON-DSW2,448,USON_ENC_CITRIX07A,10.9.48.252/24,0026.9822.8bc3,"Cisco Systems, Inc",USON_ENC_CITRIX07A,0,2,NOT_CHECKED,,,,,NO_MACS,,NO,
DDC1-USON-DSW2,449,USON_ENC_CITRIX07B,10.9.49.252/24,0026.9822.8bc3,"Cisco Systems, Inc",USON_ENC_CITRIX07B,0,2,NOT_CHECKED,,,,,NO_MACS,,NO,
DDC1-USON-DSW2,450,USON_ENC_CITRIX07C,10.9.50.252/24,0026.9822.8bc3,"Cisco Systems, Inc",USON_ENC_CITRIX07C,0,2,NOT_CHECKED,,,,,NO_MACS,,NO,
DDC1-USON-DSW2,451,USON_ENC_CITRIX07D,10.9.51.252/24,0026.9822.8bc3,"Cisco Systems, Inc",USON_ENC_CITRIX07D,0,2,NOT_CHECKED,,,,,NO_MACS,,NO,
DDC1-USON-DSW2,452,USON_ENC_CITRIX07E,10.9.52.252/24,0026.9822.8bc3,"Cisco Systems, Inc",USON_ENC_CITRIX07E,0,2,NOT_CHECKED,,,,,NO_MACS,,NO,
DDC1-USON-DSW2,456,USON_ENC_CITRIX08A,10.9.56.252/24,0026.9822.8bc3,"Cisco Systems, Inc",USON_ENC_CITRIX08A,0,2,NOT_CHECKED,,,,,NO_MACS,,NO,
DDC1-USON-DSW2,457,USON_ENC_CITRIX08B,10.9.57.252/24,0026.9822.8bc3,"Cisco Systems, Inc",USON_ENC_CITRIX08B,0,2,NOT_CHECKED,,,,,NO_MACS,,NO,
DDC1-USON-DSW2,458,USON_ENC_CITRIX08C,10.9.58.252/24,0026.9822.8bc3,"Cisco Systems, Inc",USON_ENC_CITRIX08C,0,2,NOT_CHECKED,,,,,NO_MACS,,NO,
DDC1-USON-DSW2,459,USON_ENC_CITRIX08D,10.9.59.252/24,0026.9822.8bc3,"Cisco Systems, Inc",USON_ENC_CITRIX08D,0,2,NOT_CHECKED,,,,,NO_MACS,,NO,
DDC1-USON-DSW2,460,USON_ENC_CITRIX08E,10.9.63.252/22,0026.9822.8bc3,"Cisco Systems, Inc",USON_ENC_CITRIX08E,0,2,NOT_CHECKED,,,,,NO_MACS,,NO,
DDC1-USON-DSW2,461,USON_BAK,,,,,1,0,NOT_CHECKED,,,b40c.25e5.4045,Palo Alto Networks,MISSING_ARP,b40c.25e5.4045,NO,
DDC1-USON-DSW2,464,USON_ENC_CITRIX09A,10.9.64.252/24,0026.9822.8bc3,"Cisco Systems, Inc",USON_ENC_CITRIX09A,0,0,NOT_CHECKED,,,,,NO_MACS,,NO,VLAN
DDC1-USON-DSW2,465,USON_ENC_CITRIX09B,10.9.65.252/24,0026.9822.8bc3,"Cisco Systems, Inc",USON_ENC_CITRIX09B,0,0,NOT_CHECKED,,,,,NO_MACS,,NO,VLAN
DDC1-USON-DSW2,466,USON_ENC_CITRIX09C,10.9.66.252/24,0026.9822.8bc3,"Cisco Systems, Inc",USON_ENC_CITRIX09C,0,0,NOT_CHECKED,,,,,NO_MACS,,NO,VLAN
DDC1-USON-DSW2,467,USON_ENC_CITRIX09D,10.9.67.252/24,0026.9822.8bc3,"Cisco Systems, Inc",USON_ENC_CITRIX09D,0,0,NOT_CHECKED,,,,,NO_MACS,,NO,VLAN
DDC1-USON-DSW2,468,USON_ENC_CITRIX09E,10.9.68.252/24,0026.9822.8bc3,"Cisco Systems, Inc",USON_ENC_CITRIX09E,0,0,NOT_CHECKED,,,,,NO_MACS,,NO,VLAN
DDC1-USON-DSW2,469,DDCDIDXTST01-hmc,,,,,0,0,NOT_CHECKED,,,,,NO_MACS,,NO,VLAN
DDC1-USON-DSW2,500,USON_DataDomain_Bak,10.9.75.252/22,0026.9822.8bc3,"Cisco Systems, Inc",USON_DataDomain_Bak,2,2,TRAFFIC_DETECTED,Eth4/12,Eth4/12: IN 16 bps / OUT 1112 bps,0060.1698.d516; 0060.16b6.0fbe,CLARIION; CLARIION,PASS,,NO,
DDC1-USON-DSW2,605,RIGHTFAX_SIP_RTR_X_CONNECT,,,,,5,0,TRAFFIC_DETECTED,Po10; Po11,Po10: IN 37480936 bps / OUT 38056528 bps; Po11: IN 104568472 bps / OUT 101919856 bps,0017.a477.d856; 0017.a477.d858; 0050.569f.444a; 380e.4d33.0390; 707d.b96a.a960,"Hewlett Packard; Hewlett Packard; VMware, Inc.; Cisco Systems, Inc; Cisco Systems, Inc",MISSING_ARP,0017.a477.d856; 0017.a477.d858; 0050.569f.444a; 380e.4d33.0390; 707d.b96a.a960,NO,
DDC1-USON-DSW2,800,DDCDXPIDX-HMC,,,,,0,0,NOT_CHECKED,,,,,NO_MACS,,NO,VLAN
DDC1-USON-DSW2,1700,USON_ECFW_ASP,10.255.191.35/29,0026.9822.8bc3,"Cisco Systems, Inc",USON_ECFW_ASP,1,2,NOT_CHECKED,,,b40c.25e5.4011,Palo Alto Networks,PASS,,NO,
DDC1-USON-DSW2,3939,VM_non-routed-2,,,,,0,0,NOT_CHECKED,,,,,NO_MACS,,NO,VLAN
DDC1-USONME-ASW1,1,default,,,,,0,0,NOT_CHECKED,,,,,NO_MACS,,YES,VLAN
DDC1-USONME-ASW1,100,ASAFW_ME,,,,,1,0,NOT_CHECKED,,,80b7.092f.0764,"Viptela, Inc",MISSING_ARP,80b7.092f.0764,YES,
DDC1-USONME-ASW1,101,MGMT,,,,,0,0,NOT_CHECKED,,,,,NO_MACS,,YES,VLAN
DDC1-USONME-ASW1,183,DMZ_ISP,,,,,0,0,NOT_CHECKED,,,,,NO_MACS,,NO,VLAN
DDC1-USONME-ASW1,184,DMZ_eVPN,,,,,0,0,NOT_CHECKED,,,,,NO_MACS,,YES,VLAN
DDC1-USONME-ASW1,200,DDC1-INTRAF-ME-TRANSIT,,,,,2,0,TRAFFIC_DETECTED,Eth1/13,Eth1/13: IN 4000 bps / OUT 2800 bps,ac17.c824.e6ac; cc03.d924.e6ac,Cisco Meraki; Cisco Meraki,MISSING_ARP,ac17.c824.e6ac; cc03.d924.e6ac,YES,
DDC1-USONME-ASW1,300,Viptela-VRT1-MPLS-CL-1-Private5,,,,,1,0,NOT_CHECKED,,,80b7.092f.0764,"Viptela, Inc",MISSING_ARP,80b7.092f.0764,YES,
DDC1-USONME-ASW1,301,Viptela-VRT1-MPLS-CL-2-Private6,,,,,1,0,NOT_CHECKED,,,80b7.092f.0764,"Viptela, Inc",MISSING_ARP,80b7.092f.0764,YES,
DDC1-USONME-ASW1,302,Viptela-VRT2-MPLS-CL-1-Private6,,,,,0,0,NOT_CHECKED,,,,,NO_MACS,,YES,VLAN
DDC1-USONME-ASW1,303,Viptela-VRT2-MPLS-CL-2-Private5,,,,,0,0,NOT_CHECKED,,,,,NO_MACS,,YES,VLAN
DDC1-USONME-ASW1,310,Viptela-VRT1-MPLS-ATT-1-Private1,,,,,1,0,NOT_CHECKED,,,80b7.092f.0764,"Viptela, Inc",MISSING_ARP,80b7.092f.0764,YES,
DDC1-USONME-ASW1,311,Viptela-VRT1-MPLS-ATT-2-Private2,,,,,1,0,NOT_CHECKED,,,80b7.092f.0764,"Viptela, Inc",MISSING_ARP,80b7.092f.0764,YES,
DDC1-USONME-ASW1,312,Viptela-VRT2-MPLS-ATT-1-Private2,,,,,0,0,NOT_CHECKED,,,,,NO_MACS,,YES,VLAN
DDC1-USONME-ASW1,313,Viptela-VRT2-MPLS-ATT-2-Private1,,,,,0,0,NOT_CHECKED,,,,,NO_MACS,,YES,VLAN
DDC1-USONME-ASW1,1492,Firewall-2-vrf-bu10001,,,,,1,0,NOT_CHECKED,,,80b7.092f.0764,"Viptela, Inc",MISSING_ARP,80b7.092f.0764,YES,
DDC1-USONME-ASW1,1494,Firewall-2-vrf-bu10002,,,,,0,0,NOT_CHECKED,,,,,NO_MACS,,YES,VLAN
DDC1-USONME-ASW1,1496,Firewall-2-vrf-bu10003,,,,,0,0,NOT_CHECKED,,,,,NO_MACS,,YES,VLAN
DDC1-USONME-ASW1,1500,Firewall-2-vrf-bu45782,,,,,1,0,NOT_CHECKED,,,80b7.092f.0764,"Viptela, Inc",MISSING_ARP,80b7.092f.0764,YES,
DDC1-USONME-ASW1,1502,Firewall-2-vrf-bu53833,,,,,1,0,NOT_CHECKED,,,80b7.092f.0764,"Viptela, Inc",MISSING_ARP,80b7.092f.0764,YES,
DDC1-USONME-ASW1,1504,Firewall-2-vrf-bu56884,,,,,0,0,NOT_CHECKED,,,,,NO_MACS,,YES,VLAN
DDC1-USONME-ASW1,1506,Firewall-2-vrf-bu42645,,,,,0,0,NOT_CHECKED,,,,,NO_MACS,,YES,VLAN
DDC1-USONME-ASW1,1508,Firewall-2-vrf-bu48747,,,,,0,0,NOT_CHECKED,,,,,NO_MACS,,YES,VLAN
DDC1-USONME-ASW1,1510,Firewall-2-vrf-bu30402,,,,,1,0,NOT_CHECKED,,,80b7.092f.0764,"Viptela, Inc",MISSING_ARP,80b7.092f.0764,YES,
DDC1-USONME-ASW1,1512,Firewall-2-vrf-bu14000,,,,,0,0,NOT_CHECKED,,,,,NO_MACS,,YES,VLAN
DDC1-USONME-ASW1,1514,Firewall-2-vrf-bu14082,,,,,1,0,NOT_CHECKED,,,80b7.092f.0764,"Viptela, Inc",MISSING_ARP,80b7.092f.0764,YES,
DDC1-USONME-ASW1,1516,Firewall-2-vrf-bu13062,,,,,1,0,NOT_CHECKED,,,80b7.092f.0764,"Viptela, Inc",MISSING_ARP,80b7.092f.0764,YES,
DDC1-USONME-ASW1,1518,Firewall-2-vrf-bu16122,,,,,0,0,NOT_CHECKED,,,,,NO_MACS,,YES,VLAN
DDC1-USONME-ASW1,1520,Firewall-2-vrf-bu19193,,,,,0,0,NOT_CHECKED,,,,,NO_MACS,,YES,VLAN
DDC1-USONME-ASW1,1522,Firewall-2-vrf-bu23263,,,,,0,0,NOT_CHECKED,,,,,NO_MACS,,YES,VLAN
DDC1-USONME-ASW1,1524,Firewall-2-vrf-bu42702,,,,,1,0,NOT_CHECKED,,,80b7.092f.0764,"Viptela, Inc",MISSING_ARP,80b7.092f.0764,YES,
DDC1-USONME-ASW1,1526,Firewall-2-vrf-bu35502,,,,,0,0,NOT_CHECKED,,,,,NO_MACS,,YES,VLAN
DDC1-USONME-ASW1,1528,Firewall-2-vrf-bu38562,,,,,0,0,NOT_CHECKED,,,,,NO_MACS,,YES,VLAN
DDC1-USONME-ASW1,1530,Firewall-2-vrf-bu33462,,,,,0,0,NOT_CHECKED,,,,,NO_MACS,,YES,VLAN
DDC1-USONME-ASW1,1532,Firewall-2-vrf-bu47722,,,,,1,0,NOT_CHECKED,,,80b7.092f.0764,"Viptela, Inc",MISSING_ARP,80b7.092f.0764,YES,
DDC1-USONME-ASW1,1534,Firewall-2-vrf-bu42902,,,,,0,0,NOT_CHECKED,,,,,NO_MACS,,YES,VLAN
DDC1-USONME-ASW1,1536,Firewall-2-vrf-bu45785,,,,,0,0,NOT_CHECKED,,,,,NO_MACS,,YES,VLAN
DDC1-USONME-ASW1,1538,Firewall-2-vrf-EAST,,,,,0,0,NOT_CHECKED,,,,,NO_MACS,,YES,VLAN
DDC1-USONME-ASW1,1540,Firewall-2-vrf-bu47732,,,,,1,0,NOT_CHECKED,,,80b7.092f.0764,"Viptela, Inc",MISSING_ARP,80b7.092f.0764,YES,
DDC1-USONME-ASW1,1542,Firewall-2-vrf-bu35507,,,,,0,0,NOT_CHECKED,,,,,NO_MACS,,YES,VLAN
DDC1-USONME-ASW1,1544,Firewall-2-vrf-bu56883,,,,,1,0,NOT_CHECKED,,,80b7.092f.0764,"Viptela, Inc",MISSING_ARP,80b7.092f.0764,YES,
DDC1-USONME-ASW1,1546,Firewall-2-vrf-bu56888,,,,,0,0,NOT_CHECKED,,,,,NO_MACS,,YES,VLAN
DDC1-USONME-ASW1,1548,Firewall-2-vrf-bu19212,,,,,0,0,NOT_CHECKED,,,,,NO_MACS,,YES,VLAN
DDC1-USONME-ASW1,1550,Firewall-2-vrf-bu19203,,,,,1,0,NOT_CHECKED,,,80b7.092f.0764,"Viptela, Inc",MISSING_ARP,80b7.092f.0764,YES,
DDC1-USONME-ASW1,1552,Firewall-2-vrf-bu19502,,,,,1,0,NOT_CHECKED,,,80b7.092f.0764,"Viptela, Inc",MISSING_ARP,80b7.092f.0764,YES,
DDC1-USONME-ASW1,1554,Firewall-2-vrf-WEST,,,,,0,0,NOT_CHECKED,,,,,NO_MACS,,YES,VLAN
DDC1-USONME-ASW1,1556,Firewall-2-vrf-bu15201,,,,,0,0,NOT_CHECKED,,,,,NO_MACS,,YES,VLAN
DDC1-USONME-ASW1,1558,Firewall-2-vrf-bu29001,,,,,0,0,NOT_CHECKED,,,,,NO_MACS,,YES,VLAN
DDC1-USONME-ASW1,1601,ERT1-vrf-Default-grt1,,,,,1,0,NOT_CHECKED,,,001b.bc25.33b2,"Silver Peak Systems, Inc.",MISSING_ARP,001b.bc25.33b2,YES,
DDC1-USONME-ASW1,1602,unused,,,,,0,0,NOT_CHECKED,,,,,NO_MACS,,YES,VLAN
DDC1-USONME-ASW1,1603,unused2,,,,,0,0,NOT_CHECKED,,,,,NO_MACS,,YES,VLAN
DDC1-USONME-ASW1,1604,ERT1-vrf-Default-grt2,,,,,0,0,NOT_CHECKED,,,,,NO_MACS,,YES,VLAN
DDC1-USONME-ASW1,1610,Blue_Ridge_Cancer_Care,,,,,2,0,TRAFFIC_DETECTED,Eth1/48; Po20,Eth1/48: IN 1480 bps / OUT 9256 bps; Po20: IN 26883264 bps / OUT 14741112 bps,001b.bc25.2c12; b40c.25e5.4010,"Silver Peak Systems, Inc.; Palo Alto Networks",MISSING_ARP,001b.bc25.2c12; b40c.25e5.4010,YES,
DDC1-USONME-ASW1,1611,Missouri_Cancer_Associates,,,,,2,0,TRAFFIC_DETECTED,Eth1/47; Po20,Eth1/47: IN 14713816 bps / OUT 21410744 bps; Po20: IN 25918768 bps / OUT 14729944 bps,001b.bc25.33b2; b40c.25e5.4010,"Silver Peak Systems, Inc.; Palo Alto Networks",MISSING_ARP,001b.bc25.33b2; b40c.25e5.4010,YES,
DDC1-USONME-ASW1,1612,Regional_Cancer_Care_Associates,,,,,2,0,TRAFFIC_DETECTED,Eth1/48; Po20,Eth1/48: IN 1376 bps / OUT 8944 bps; Po20: IN 29727072 bps / OUT 14109288 bps,001b.bc25.2c12; b40c.25e5.4010,"Silver Peak Systems, Inc.; Palo Alto Networks",MISSING_ARP,001b.bc25.2c12; b40c.25e5.4010,YES,
DDC1-USONME-ASW1,1613,Test_Practice,,,,,2,0,TRAFFIC_DETECTED,Eth1/47; Po20,Eth1/47: IN 12751688 bps / OUT 24594288 bps; Po20: IN 29256648 bps / OUT 14295312 bps,001b.bc25.33b2; b40c.25e5.4010,"Silver Peak Systems, Inc.; Palo Alto Networks",MISSING_ARP,001b.bc25.33b2; b40c.25e5.4010,YES,
DDC1-USONME-ASW1,1614,Minnesota_Oncology_Hematology,,,,,2,0,TRAFFIC_DETECTED,Eth1/47; Po20,Eth1/47: IN 12939832 bps / OUT 23611400 bps; Po20: IN 29101368 bps / OUT 14577200 bps,001b.bc25.33b2; b40c.25e5.4010,"Silver Peak Systems, Inc.; Palo Alto Networks",MISSING_ARP,001b.bc25.33b2; b40c.25e5.4010,YES,
DDC1-USONME-ASW1,1615,South_Flordia_Oncology_Hematolog,,,,,2,0,TRAFFIC_DETECTED,Eth1/48; Po20,Eth1/48: IN 1576 bps / OUT 8960 bps; Po20: IN 33883456 bps / OUT 16051080 bps,001b.bc25.2c12; b40c.25e5.4010,"Silver Peak Systems, Inc.; Palo Alto Networks",MISSING_ARP,001b.bc25.2c12; b40c.25e5.4010,YES,
DDC1-USONME-ASW1,1616,Texas_Oncology,,,,,2,0,TRAFFIC_DETECTED,Eth1/47; Po20,Eth1/47: IN 17946040 bps / OUT 32827744 bps; Po20: IN 38247136 bps / OUT 17219248 bps,001b.bc25.33b2; b40c.25e5.4010,"Silver Peak Systems, Inc.; Palo Alto Networks",MISSING_ARP,001b.bc25.33b2; b40c.25e5.4010,YES,
DDC1-USONME-ASW1,1617,Rocky_Mountain_Cancer_Centers,,,,,2,0,TRAFFIC_DETECTED,Eth1/48; Po20,Eth1/48: IN 1576 bps / OUT 8936 bps; Po20: IN 34995120 bps / OUT 16567600 bps,001b.bc25.2c12; b40c.25e5.4010,"Silver Peak Systems, Inc.; Palo Alto Networks",MISSING_ARP,001b.bc25.2c12; b40c.25e5.4010,YES,
DDC1-USONME-ASW1,1618,Willamette_Valley_Cancer_Insti,,,,,2,0,TRAFFIC_DETECTED,Eth1/48; Po20,Eth1/48: IN 1520 bps / OUT 9368 bps; Po20: IN 44142632 bps / OUT 16048576 bps,001b.bc25.2c12; b40c.25e5.4010,"Silver Peak Systems, Inc.; Palo Alto Networks",MISSING_ARP,001b.bc25.2c12; b40c.25e5.4010,YES,
DDC1-USONME-ASW1,1619,Shenandoah_Oncology,,,,,2,0,TRAFFIC_DETECTED,Eth1/47; Po20,Eth1/47: IN 15052064 bps / OUT 45483672 bps; Po20: IN 49260680 bps / OUT 16456696 bps,001b.bc25.33b2; b40c.25e5.4010,"Silver Peak Systems, Inc.; Palo Alto Networks",MISSING_ARP,001b.bc25.33b2; b40c.25e5.4010,YES,
DDC1-USONME-ASW1,1620,Illinois_Cancer_Care,,,,,2,0,TRAFFIC_DETECTED,Eth1/48; Po20,Eth1/48: IN 1392 bps / OUT 9232 bps; Po20: IN 52670568 bps / OUT 16239672 bps,001b.bc25.2c12; b40c.25e5.4010,"Silver Peak Systems, Inc.; Palo Alto Networks",MISSING_ARP,001b.bc25.2c12; b40c.25e5.4010,YES,
DDC1-USONME-ASW1,1621,Cancer_Care_Northwest,,,,,2,0,TRAFFIC_DETECTED,Eth1/47; Po20,Eth1/47: IN 13588784 bps / OUT 50014192 bps; Po20: IN 53698480 bps / OUT 15189896 bps,001b.bc25.33b2; b40c.25e5.4010,"Silver Peak Systems, Inc.; Palo Alto Networks",MISSING_ARP,001b.bc25.33b2; b40c.25e5.4010,YES,
DDC1-USONME-ASW1,1622,Woodlands_Medical_Specialist,,,,,2,0,TRAFFIC_DETECTED,Eth1/48; Po20,Eth1/48: IN 1320 bps / OUT 8752 bps; Po20: IN 54640320 bps / OUT 15203680 bps,001b.bc25.2c12; b40c.25e5.4010,"Silver Peak Systems, Inc.; Palo Alto Networks",MISSING_ARP,001b.bc25.2c12; b40c.25e5.4010,YES,
DDC1-USONME-ASW1,1623,Cancer_Care_Centers_of_Brevard,,,,,2,0,TRAFFIC_DETECTED,Eth1/47; Po20,Eth1/47: IN 13869904 bps / OUT 55139568 bps; Po20: IN 58056224 bps / OUT 15489896 bps,001b.bc25.33b2; b40c.25e5.4010,"Silver Peak Systems, Inc.; Palo Alto Networks",MISSING_ARP,001b.bc25.33b2; b40c.25e5.4010,YES,
DDC1-USONME-ASW1,1624,Medical_Oncology_Hematology_CO,,,,,2,0,TRAFFIC_DETECTED,Eth1/48; Po20,Eth1/48: IN 1704 bps / OUT 9032 bps; Po20: IN 46809960 bps / OUT 15200408 bps,001b.bc25.2c12; b40c.25e5.4010,"Silver Peak Systems, Inc.; Palo Alto Networks",MISSING_ARP,001b.bc25.2c12; b40c.25e5.4010,YES,
DDC1-USONME-ASW1,1625,Virginia_Cancer_Specialists,,,,,2,0,TRAFFIC_DETECTED,Eth1/47; Po20,Eth1/47: IN 14053112 bps / OUT 44022648 bps; Po20: IN 46567568 bps / OUT 15496368 bps,001b.bc25.33b2; b40c.25e5.4010,"Silver Peak Systems, Inc.; Palo Alto Networks",MISSING_ARP,001b.bc25.33b2; b40c.25e5.4010,YES,
DDC1-USONME-ASW2,1,default,,b4de.3143.577d,"Cisco Systems, Inc",,0,0,NOT_CHECKED,,,,,NO_MACS,,YES,VLAN
DDC1-USONME-ASW2,100,ASAFW_ME,,,,,2,0,TRAFFIC_DETECTED,Eth1/9; Po17,Eth1/9: IN 6290392 bps / OUT 5551496 bps; Po17: IN 703513456 bps / OUT 244541832 bps,80b7.0913.4ff4; b40c.25e5.0010,"Viptela, Inc; Palo Alto Networks",MISSING_ARP,80b7.0913.4ff4; b40c.25e5.0010,YES,
DDC1-USONME-ASW2,101,MGMT,,,,,0,0,NOT_CHECKED,,,,,NO_MACS,,YES,VLAN
DDC1-USONME-ASW2,184,DMZ_eVPN,,,,,2,0,TRAFFIC_DETECTED,Po17; Eth1/4,Po17: IN 699561984 bps / OUT 245202808 bps; Eth1/4: IN 9888664 bps / OUT 36369424 bps,b40c.25e5.0010; b40c.25ef.8045,Palo Alto Networks; Palo Alto Networks,MISSING_ARP,b40c.25e5.0010; b40c.25ef.8045,YES,
DDC1-USONME-ASW2,200,DDC1-INTRAF-ME-TRANSIT,,,,,2,0,TRAFFIC_DETECTED,Eth1/13; Po17,Eth1/13: IN 4968 bps / OUT 5336 bps; Po17: IN 669045000 bps / OUT 248462768 bps,ac17.c824.f228; b40c.25e5.0010,Cisco Meraki; Palo Alto Networks,MISSING_ARP,ac17.c824.f228; b40c.25e5.0010,YES,
DDC1-USONME-ASW2,300,Viptela-VRT1-MPLS-CL-1-Private5,,,,,0,0,NOT_CHECKED,,,,,NO_MACS,,YES,VLAN
DDC1-USONME-ASW2,301,Viptela-VRT1-MPLS-CL-2-Private6,,,,,0,0,NOT_CHECKED,,,,,NO_MACS,,YES,VLAN
DDC1-USONME-ASW2,302,Viptela-VRT2-MPLS-CL-1-Private6,,,,,1,0,NOT_CHECKED,,,80b7.0913.4ff4,"Viptela, Inc",MISSING_ARP,80b7.0913.4ff4,YES,
DDC1-USONME-ASW2,303,Viptela-VRT2-MPLS-CL-2-Private5,,,,,1,0,NOT_CHECKED,,,80b7.0913.4ff4,"Viptela, Inc",MISSING_ARP,80b7.0913.4ff4,YES,
DDC1-USONME-ASW2,310,Viptela-VRT1-MPLS-ATT-1-Private1,,,,,0,0,NOT_CHECKED,,,,,NO_MACS,,YES,VLAN
DDC1-USONME-ASW2,311,Viptela-VRT1-MPLS-ATT-2-Private2,,,,,0,0,NOT_CHECKED,,,,,NO_MACS,,YES,VLAN
DDC1-USONME-ASW2,312,Viptela-VRT2-MPLS-ATT-1-Private2,,,,,1,0,NOT_CHECKED,,,80b7.0913.4ff4,"Viptela, Inc",MISSING_ARP,80b7.0913.4ff4,YES,
DDC1-USONME-ASW2,313,Viptela-VRT2-MPLS-ATT-2-Private1,,,,,1,0,NOT_CHECKED,,,80b7.0913.4ff4,"Viptela, Inc",MISSING_ARP,80b7.0913.4ff4,YES,
DDC1-USONME-ASW2,1492,Firewall-2-vrf-bu10001,,,,,2,0,TRAFFIC_DETECTED,Eth1/9; Po17,Eth1/9: IN 6623104 bps / OUT 4669952 bps; Po17: IN 669482256 bps / OUT 253174120 bps,80b7.0913.4ff4; b40c.25e5.0010,"Viptela, Inc; Palo Alto Networks",MISSING_ARP,80b7.0913.4ff4; b40c.25e5.0010,YES,
DDC1-USONME-ASW2,1494,Firewall-2-vrf-bu10002,,,,,1,0,NOT_CHECKED,,,b40c.25e5.0010,Palo Alto Networks,MISSING_ARP,b40c.25e5.0010,YES,
DDC1-USONME-ASW2,1496,Firewall-2-vrf-bu10003,,,,,1,0,NOT_CHECKED,,,b40c.25e5.0010,Palo Alto Networks,MISSING_ARP,b40c.25e5.0010,YES,
DDC1-USONME-ASW2,1500,Firewall-2-vrf-bu45782,,,,,2,0,TRAFFIC_DETECTED,Eth1/9; Po17,Eth1/9: IN 6470688 bps / OUT 3917752 bps; Po17: IN 644561056 bps / OUT 247920936 bps,80b7.0913.4ff4; b40c.25e5.0010,"Viptela, Inc; Palo Alto Networks",MISSING_ARP,80b7.0913.4ff4; b40c.25e5.0010,YES,
DDC1-USONME-ASW2,1502,Firewall-2-vrf-bu53833,,,,,2,0,TRAFFIC_DETECTED,Eth1/9; Po17,Eth1/9: IN 6351336 bps / OUT 3795976 bps; Po17: IN 704792224 bps / OUT 263161456 bps,80b7.0913.4ff4; b40c.25e5.0010,"Viptela, Inc; Palo Alto Networks",MISSING_ARP,80b7.0913.4ff4; b40c.25e5.0010,YES,
DDC1-USONME-ASW2,1504,Firewall-2-vrf-bu56884,,,,,1,0,NOT_CHECKED,,,b40c.25e5.0010,Palo Alto Networks,MISSING_ARP,b40c.25e5.0010,YES,
DDC1-USONME-ASW2,1506,Firewall-2-vrf-bu42645,,,,,1,0,NOT_CHECKED,,,b40c.25e5.0010,Palo Alto Networks,MISSING_ARP,b40c.25e5.0010,YES,
DDC1-USONME-ASW2,1508,Firewall-2-vrf-bu48747,,,,,1,0,NOT_CHECKED,,,b40c.25e5.0010,Palo Alto Networks,MISSING_ARP,b40c.25e5.0010,YES,
DDC1-USONME-ASW2,1510,Firewall-2-vrf-bu30402,,,,,2,0,TRAFFIC_DETECTED,Eth1/9; Po17,Eth1/9: IN 4927816 bps / OUT 4277840 bps; Po17: IN 695019608 bps / OUT 281138368 bps,80b7.0913.4ff4; b40c.25e5.0010,"Viptela, Inc; Palo Alto Networks",MISSING_ARP,80b7.0913.4ff4; b40c.25e5.0010,YES,
DDC1-USONME-ASW2,1512,Firewall-2-vrf-bu14000,,,,,1,0,NOT_CHECKED,,,b40c.25e5.0010,Palo Alto Networks,MISSING_ARP,b40c.25e5.0010,YES,
DDC1-USONME-ASW2,1514,Firewall-2-vrf-bu14082,,,,,2,0,TRAFFIC_DETECTED,Eth1/9; Po17,Eth1/9: IN 8440768 bps / OUT 5354184 bps; Po17: IN 676531248 bps / OUT 326098448 bps,80b7.0913.4ff4; b40c.25e5.0010,"Viptela, Inc; Palo Alto Networks",MISSING_ARP,80b7.0913.4ff4; b40c.25e5.0010,YES,
DDC1-USONME-ASW2,1516,Firewall-2-vrf-bu13062,,,,,2,0,TRAFFIC_DETECTED,Eth1/9; Po17,Eth1/9: IN 6988456 bps / OUT 4675296 bps; Po17: IN 647536832 bps / OUT 319597648 bps,80b7.0913.4ff4; b40c.25e5.0010,"Viptela, Inc; Palo Alto Networks",MISSING_ARP,80b7.0913.4ff4; b40c.25e5.0010,YES,
DDC1-USONME-ASW2,1518,Firewall-2-vrf-bu16122,,,,,1,0,NOT_CHECKED,,,b40c.25e5.0010,Palo Alto Networks,MISSING_ARP,b40c.25e5.0010,YES,
DDC1-USONME-ASW2,1520,Firewall-2-vrf-bu19193,,,,,1,0,NOT_CHECKED,,,b40c.25e5.0010,Palo Alto Networks,MISSING_ARP,b40c.25e5.0010,YES,
DDC1-USONME-ASW2,1522,Firewall-2-vrf-bu23263,,,,,1,0,NOT_CHECKED,,,b40c.25e5.0010,Palo Alto Networks,MISSING_ARP,b40c.25e5.0010,YES,
DDC1-USONME-ASW2,1524,Firewall-2-vrf-bu42702,,,,,2,0,TRAFFIC_DETECTED,Eth1/9; Po17,Eth1/9: IN 6438232 bps / OUT 6143288 bps; Po17: IN 605715264 bps / OUT 307757920 bps,80b7.0913.4ff4; b40c.25e5.0010,"Viptela, Inc; Palo Alto Networks",MISSING_ARP,80b7.0913.4ff4; b40c.25e5.0010,YES,
DDC1-USONME-ASW2,1526,Firewall-2-vrf-bu35502,,,,,1,0,NOT_CHECKED,,,b40c.25e5.0010,Palo Alto Networks,MISSING_ARP,b40c.25e5.0010,YES,
DDC1-USONME-ASW2,1528,Firewall-2-vrf-bu38562,,,,,1,0,NOT_CHECKED,,,b40c.25e5.0010,Palo Alto Networks,MISSING_ARP,b40c.25e5.0010,YES,
DDC1-USONME-ASW2,1530,Firewall-2-vrf-bu33462,,,,,1,0,NOT_CHECKED,,,b40c.25e5.0010,Palo Alto Networks,MISSING_ARP,b40c.25e5.0010,YES,
DDC1-USONME-ASW2,1532,Firewall-2-vrf-bu47722,,,,,2,0,TRAFFIC_DETECTED,Eth1/9; Po17,Eth1/9: IN 5760960 bps / OUT 4401664 bps; Po17: IN 658991072 bps / OUT 279123464 bps,80b7.0913.4ff4; b40c.25e5.0010,"Viptela, Inc; Palo Alto Networks",MISSING_ARP,80b7.0913.4ff4; b40c.25e5.0010,YES,
DDC1-USONME-ASW2,1534,Firewall-2-vrf-bu42902,,,,,1,0,NOT_CHECKED,,,b40c.25e5.0010,Palo Alto Networks,MISSING_ARP,b40c.25e5.0010,YES,
DDC1-USONME-ASW2,1536,Firewall-2-vrf-bu45785,,,,,1,0,NOT_CHECKED,,,b40c.25e5.0010,Palo Alto Networks,MISSING_ARP,b40c.25e5.0010,YES,
DDC1-USONME-ASW2,1538,Firewall-2-vrf-EAST,,,,,1,0,NOT_CHECKED,,,b40c.25e5.0010,Palo Alto Networks,MISSING_ARP,b40c.25e5.0010,YES,
DDC1-USONME-ASW2,1540,Firewall-2-vrf-bu47732,,,,,2,0,TRAFFIC_DETECTED,Eth1/9; Po17,Eth1/9: IN 5690128 bps / OUT 3664512 bps; Po17: IN 684739424 bps / OUT 263790952 bps,80b7.0913.4ff4; b40c.25e5.0010,"Viptela, Inc; Palo Alto Networks",MISSING_ARP,80b7.0913.4ff4; b40c.25e5.0010,YES,
DDC1-USONME-ASW2,1542,Firewall-2-vrf-bu35507,,,,,1,0,NOT_CHECKED,,,b40c.25e5.0010,Palo Alto Networks,MISSING_ARP,b40c.25e5.0010,YES,
DDC1-USONME-ASW2,1544,Firewall-2-vrf-bu56883,,,,,2,0,TRAFFIC_DETECTED,Eth1/9; Po17,Eth1/9: IN 6460432 bps / OUT 4753088 bps; Po17: IN 643930368 bps / OUT 252162896 bps,80b7.0913.4ff4; b40c.25e5.0010,"Viptela, Inc; Palo Alto Networks",MISSING_ARP,80b7.0913.4ff4; b40c.25e5.0010,YES,
DDC1-USONME-ASW2,1546,Firewall-2-vrf-bu56888,,,,,1,0,NOT_CHECKED,,,b40c.25e5.0010,Palo Alto Networks,MISSING_ARP,b40c.25e5.0010,YES,
DDC1-USONME-ASW2,1548,Firewall-2-vrf-bu19212,,,,,1,0,NOT_CHECKED,,,b40c.25e5.0010,Palo Alto Networks,MISSING_ARP,b40c.25e5.0010,YES,
DDC1-USONME-ASW2,1550,Firewall-2-vrf-bu19203,,,,,2,0,TRAFFIC_DETECTED,Eth1/9; Po17,Eth1/9: IN 8488048 bps / OUT 5416648 bps; Po17: IN 617276408 bps / OUT 251697736 bps,80b7.0913.4ff4; b40c.25e5.0010,"Viptela, Inc; Palo Alto Networks",MISSING_ARP,80b7.0913.4ff4; b40c.25e5.0010,YES,
DDC1-USONME-ASW2,1552,Firewall-2-vrf-bu19502,,,,,2,0,TRAFFIC_DETECTED,Eth1/9; Po17,Eth1/9: IN 7428312 bps / OUT 4789952 bps; Po17: IN 618260256 bps / OUT 250657912 bps,80b7.0913.4ff4; b40c.25e5.0010,"Viptela, Inc; Palo Alto Networks",MISSING_ARP,80b7.0913.4ff4; b40c.25e5.0010,YES,
DDC1-USONME-ASW2,1554,Firewall-2-vrf-WEST,,,,,1,0,NOT_CHECKED,,,b40c.25e5.0010,Palo Alto Networks,MISSING_ARP,b40c.25e5.0010,YES,
DDC1-USONME-ASW2,1556,Firewall-2-vrf-bu15201,,,,,1,0,NOT_CHECKED,,,b40c.25e5.0010,Palo Alto Networks,MISSING_ARP,b40c.25e5.0010,YES,
DDC1-USONME-ASW2,1558,Firewall-2-vrf-bu29001,,,,,1,0,NOT_CHECKED,,,b40c.25e5.0010,Palo Alto Networks,MISSING_ARP,b40c.25e5.0010,YES,
DDC1-USONME-ASW2,1601,ERT1-vrf-Default-grt1,,,,,0,0,NOT_CHECKED,,,,,NO_MACS,,YES,VLAN
DDC1-USONME-ASW2,1602,unused,,,,,0,0,NOT_CHECKED,,,,,NO_MACS,,YES,VLAN
DDC1-USONME-ASW2,1603,ArubaEC1-2-vrf-bu19203-sw2,,,,,0,0,NOT_CHECKED,,,,,NO_MACS,,YES,VLAN
DDC1-USONME-ASW2,1604,unused2,,,,,1,0,NOT_CHECKED,,,001b.bc25.2c13,"Silver Peak Systems, Inc.",MISSING_ARP,001b.bc25.2c13,YES,
DDC1-USONME-ASW2,1610,Blue_Ridge_Cancer_Care,,,,,1,0,NOT_CHECKED,,,001b.bc25.33b3,"Silver Peak Systems, Inc.",MISSING_ARP,001b.bc25.33b3,YES,
DDC1-USONME-ASW2,1611,Missouri_Cancer_Associates,,,,,1,0,NOT_CHECKED,,,001b.bc25.2c13,"Silver Peak Systems, Inc.",MISSING_ARP,001b.bc25.2c13,YES,
DDC1-USONME-ASW2,1612,Regional_Cancer_Care_Associates,,,,,1,0,NOT_CHECKED,,,001b.bc25.33b3,"Silver Peak Systems, Inc.",MISSING_ARP,001b.bc25.33b3,YES,
DDC1-USONME-ASW2,1613,Test_Practice,,,,,1,0,NOT_CHECKED,,,001b.bc25.2c13,"Silver Peak Systems, Inc.",MISSING_ARP,001b.bc25.2c13,YES,
DDC1-USONME-ASW2,1614,Minnesota_Oncology_Hematology,,,,,1,0,NOT_CHECKED,,,001b.bc25.2c13,"Silver Peak Systems, Inc.",MISSING_ARP,001b.bc25.2c13,YES,
DDC1-USONME-ASW2,1615,South_Flordia_Oncology_Hematolog,,,,,1,0,NOT_CHECKED,,,001b.bc25.33b3,"Silver Peak Systems, Inc.",MISSING_ARP,001b.bc25.33b3,YES,
DDC1-USONME-ASW2,1616,Texas_Oncology,,,,,1,0,NOT_CHECKED,,,001b.bc25.2c13,"Silver Peak Systems, Inc.",MISSING_ARP,001b.bc25.2c13,YES,
DDC1-USONME-ASW2,1617,Rocky_Mountain_Cancer_Centers,,,,,1,0,NOT_CHECKED,,,001b.bc25.33b3,"Silver Peak Systems, Inc.",MISSING_ARP,001b.bc25.33b3,YES,
DDC1-USONME-ASW2,1618,Willamette_Valley_Cancer_Insti,,,,,1,0,NOT_CHECKED,,,001b.bc25.33b3,"Silver Peak Systems, Inc.",MISSING_ARP,001b.bc25.33b3,YES,
DDC1-USONME-ASW2,1619,Shenandoah_Oncology,,,,,1,0,NOT_CHECKED,,,001b.bc25.2c13,"Silver Peak Systems, Inc.",MISSING_ARP,001b.bc25.2c13,YES,
DDC1-USONME-ASW2,1620,Illinois_Cancer_Care,,,,,1,0,NOT_CHECKED,,,001b.bc25.33b3,"Silver Peak Systems, Inc.",MISSING_ARP,001b.bc25.33b3,YES,
DDC1-USONME-ASW2,1621,Cancer_Care_Northwest,,,,,1,0,NOT_CHECKED,,,001b.bc25.2c13,"Silver Peak Systems, Inc.",MISSING_ARP,001b.bc25.2c13,YES,
DDC1-USONME-ASW2,1622,Woodlands_Medical_Specialist,,,,,1,0,NOT_CHECKED,,,001b.bc25.33b3,"Silver Peak Systems, Inc.",MISSING_ARP,001b.bc25.33b3,YES,
DDC1-USONME-ASW2,1623,Cancer_Care_Centers_of_Brevard,,,,,1,0,NOT_CHECKED,,,001b.bc25.2c13,"Silver Peak Systems, Inc.",MISSING_ARP,001b.bc25.2c13,YES,
DDC1-USONME-ASW2,1624,Medical_Oncology_Hematology_CO,,,,,1,0,NOT_CHECKED,,,001b.bc25.33b3,"Silver Peak Systems, Inc.",MISSING_ARP,001b.bc25.33b3,YES,
DDC1-USONME-ASW2,1625,Virginia_Cancer_Specialists,,,,,1,0,NOT_CHECKED,,,001b.bc25.2c13,"Silver Peak Systems, Inc.",MISSING_ARP,001b.bc25.2c13,YES,
